id,glpi_id,titulo,status_id,prioridade_id,tipo_id,criado_em,solucionado_em,tempo_para_resolver,tempo_para_atribuir,categoria,entidade,localizacao,tecnicos,requerentes
5332,5446,Ajuda e Suporte/ Equipamentos,6,3,2,2024-09-11 09:40:35+00:00,2024-09-11 11:19:43+00:00,,,AJUDA E SUPORTE > MOVIMENTO DE EQUIPAMENTOS DE TI,Entidade raiz > PIRATINI > CENTRAL DE ATENDIMENTOS > CASA CIVIL,,"anderson-oliveira, luciano-silva",
5922,6041,Ajuda e Suporte \ Atendimento ao usuário,5,3,2,2024-11-19 09:54:47+00:00,2024-11-19 10:00:57+00:00,,,AJUDA E SUPORTE > ATENDIMENTO AO USUÁRIO,Entidade raiz > PIRATINI > CENTRAL DE ATENDIMENTOS > GG,Palácio do Piratini,leonardo-riela,angela-oetinger
5959,6078,Ajuda e Suporte \  falha proxy,5,3,2,2024-11-25 14:14:02+00:00,2024-11-25 14:14:13+00:00,,,AJUDA E SUPORTE > ATENDIMENTO AO USUÁRIO,Entidade raiz > PIRATINI > CENTRAL DE ATENDIMENTOS > GG,,anderson-oliveira,vinicius-flores
4896,5008,Monitor está apagando // CC - Legislativo // Cleodi Samrsla,6,3,2,2024-07-24 16:49:50+00:00,2024-07-24 16:50:30+00:00,,,AJUDA E SUPORTE > ATENDIMENTO AO USUÁRIO,Entidade raiz > PIRATINI > CENTRAL DE ATENDIMENTOS > CASA CIVIL,,silvio-valim,cleodi-samrsla
4370,4476,Imprimir Atos // CC - DGAP // Daniela Vieira da Cunha,6,3,2,2024-05-29 14:46:29+00:00,2024-05-29 14:46:40+00:00,,,DTIC > EQUIPAMENTOS > INSTALAÇÃO > IMPRESSORA,Entidade raiz > PIRATINI > CENTRAL DE ATENDIMENTOS > CASA CIVIL,,silvio-valim,daniela-cunha
5537,5655,Sem acesso à Internet // Subchefia Parlamentar // Maurício Nunes,6,3,1,2024-10-07 10:40:30+00:00,2024-10-07 10:40:35+00:00,,,AJUDA E SUPORTE > ATENDIMENTO AO USUÁRIO,Entidade raiz > PIRATINI > CENTRAL DE ATENDIMENTOS > CASA CIVIL,,silvio-valim,mauricio-santos
5538,5656,Acesso a Sistemas\Reset de Senha de Rede,5,3,2,2024-10-07 10:47:19+00:00,2024-10-07 10:47:45+00:00,,,ACESSO A SISTEMAS > REDE > RESET DE SENHA,Entidade raiz > PIRATINI > CENTRAL DE ATENDIMENTOS > CASA CIVIL,,anderson-oliveira,maison-goncalves
4371,4477,Revogar MFA // GVG - Gabinete // Jussara Cenci,6,3,2,2024-05-29 14:49:44+00:00,2024-05-29 14:49:50+00:00,,,ACESSO A SISTEMAS > OFFICE 365 > EMAIL > ATUALIZAR DADOS,Entidade raiz > PIRATINI > CENTRAL DE ATENDIMENTOS > GVG,,silvio-valim,jussara-silveira
3340,3433,Alterar Dados Office // CC - SAA // Aline Filter,6,3,2,2024-01-29 13:46:14+00:00,2024-01-29 13:46:37+00:00,,,ACESSO A SISTEMAS > OFFICE 365,Entidade raiz > PIRATINI > CENTRAL DE ATENDIMENTOS > CASA CIVIL,,silvio-valim,aline-oliveira
3341,3434,Instalar Office // CC - Subchefia do Interior // Rose Mari Minho,6,3,2,2024-01-29 14:16:01+00:00,2024-01-29 14:16:12+00:00,,,ACESSO A SISTEMAS > OFFICE 365,Entidade raiz > PIRATINI > CENTRAL DE ATENDIMENTOS > CASA CIVIL,,silvio-valim,rose-santos
3034,3125,Acesso a Sistemas Rede Piratini,6,4,2,2024-01-02 08:44:53+00:00,2024-01-02 09:20:07+00:00,,,ACESSO A SISTEMAS > REDE > LIBERAÇÃO DE ACESSO,Entidade raiz > PIRATINI > CENTRAL DE ATENDIMENTOS > CASA CIVIL,,anderson-oliveira,almeris-junior
3035,3126,"INCIDENTE  - Rua Duque de Caxias, 951",6,3,2,2024-01-02 09:17:28+00:00,2024-01-02 11:08:57+00:00,,,DTIC > INFRAESTRUTURA > OUTROS,Entidade raiz > PIRATINI > CENTRAL DE ATENDIMENTOS > CASA CIVIL,,anderson-oliveira,dorinha-jirkowsky
3036,3127,Office 365 // PERMISSÃO PARA CRIAR EQUIPES - Suchefia de Operações,6,3,2,2024-01-02 09:35:56+00:00,2024-01-02 15:39:23+00:00,,,ACESSO A SISTEMAS > OFFICE 365 > CRIAR EQUIPE SHAREPOINT,Entidade raiz > PIRATINI > CENTRAL DE ATENDIMENTOS > CASA MILITAR,,anderson-oliveira,jorgiane-lima
3037,3128,Reset de Senha,6,3,1,2024-01-02 12:00:00+00:00,2024-01-02 12:00:00+00:00,,,ACESSO A SISTEMAS > OFFICE 365 > EMAIL > ATUALIZAR DADOS,Entidade raiz > PIRATINI > CENTRAL DE ATENDIMENTOS > GG,,anderson-oliveira,joao-bomfim
3038,3129,Atendimento ao usuário Suporte - ADMINISTRATIVO,6,3,2,2024-01-02 09:58:02+00:00,2024-01-02 12:17:52+00:00,,,ACESSO A SISTEMAS > SOE > PROA > ADICIONAR A GRUPO,Entidade raiz > PIRATINI > CENTRAL DE ATENDIMENTOS > SECOM,,miguelangelo,andre-graminho
3039,3130,Acesso a Sistemas  - FPE - OUTRO,6,3,2,2024-01-02 10:29:35+00:00,2024-01-17 08:10:01+00:00,,,,Entidade raiz > PIRATINI > CENTRAL DE ATENDIMENTOS > SECOM,,pablo-guimaraes,mikaelly-bueno
3040,3131,Acesso a Sistemas  - FPE - OUTRO,6,3,2,2024-01-02 10:30:12+00:00,2024-01-17 08:09:20+00:00,,,,Entidade raiz > PIRATINI > CENTRAL DE ATENDIMENTOS > SECOM,,pablo-guimaraes,bruno-santos
3041,3132,INCIDENTE  - ouvidoria geral do Estado,6,3,2,2024-01-02 11:14:51+00:00,2024-01-04 09:01:29+00:00,,,DTIC > INFRAESTRUTURA > OUTROS,Entidade raiz > PIRATINI > CENTRAL DE ATENDIMENTOS > CASA CIVIL,,thales-leite,andre-dorneles
3042,3133,Sem acesso internet - Depósito Defesa Civil,6,3,1,2024-01-02 11:26:58+00:00,2024-01-04 15:41:46+00:00,,,DTIC > INFRAESTRUTURA,Entidade raiz > PIRATINI > CENTRAL DE ATENDIMENTOS > CASA MILITAR,,edson-silva,ivandro-liotto
4627,4739,Relatório mensal usuários inativos AD // CC - DTI // Lucas Sergio,6,3,2,2024-07-01 14:54:41+00:00,2024-07-01 14:55:01+00:00,,,DTIC > INFRAESTRUTURA,Entidade raiz > PIRATINI > CENTRAL DE ATENDIMENTOS,,,
3043,3134,Office 365 // PERMISSÃO PARA CRIAR EQUIPES - GABINETE CASA MILITAR,6,3,2,2024-01-02 12:09:50+00:00,2024-01-08 13:11:22+00:00,,,ACESSO A SISTEMAS > OFFICE 365 > CRIAR EQUIPE SHAREPOINT,Entidade raiz > PIRATINI > CENTRAL DE ATENDIMENTOS > CASA MILITAR,,anderson-oliveira,roberta-martins
3044,3135,Acesso a Sistemas Rede Piratini,6,3,2,2024-01-02 13:53:57+00:00,2024-01-02 16:57:18+00:00,,,ACESSO A SISTEMAS > REDE > LIBERAÇÃO DE ACESSO,Entidade raiz > PIRATINI > CENTRAL DE ATENDIMENTOS > SECOM,,"miguelangelo, anderson-oliveira",andre-graminho
3045,3136,Atendimento ao usuário Suporte - monitoramento,6,3,2,2024-01-02 14:13:42+00:00,2024-01-02 14:17:55+00:00,,,AJUDA E SUPORTE > ATENDIMENTO AO USUÁRIO,Entidade raiz > PIRATINI > CENTRAL DE ATENDIMENTOS > SECOM,,anderson-oliveira,andre-graminho
3046,3137,Acesso ao sistema OFFICE ,6,3,2,2024-01-02 12:00:00+00:00,2024-01-02 17:13:21+00:00,,,ACESSO A SISTEMAS > SOE > FPE,Entidade raiz > PIRATINI > CENTRAL DE ATENDIMENTOS > CASA CIVIL,,miguelangelo,melissa-costa
3047,3138,Acesso a Sistemas  - FPE - LIBERAR ACESSO,6,3,2,2024-01-02 15:40:05+00:00,2024-01-04 17:57:51+00:00,,,,Entidade raiz > PIRATINI > CENTRAL DE ATENDIMENTOS > GVG,,pablo-guimaraes,carla-calero
3048,3139,Atendimento ao usuário Suporte - ADMINISTRATIVO,6,3,2,2024-01-02 16:54:14+00:00,2024-01-02 17:09:00+00:00,,,DTIC > SISTEMAS > ALTERAÇÃO DE ACESSO,Entidade raiz > PIRATINI > CENTRAL DE ATENDIMENTOS > SECOM,,miguelangelo,andre-graminho
3049,3140,Usuário bloqueado,6,3,2,2024-01-02 17:04:55+00:00,2024-01-02 17:05:44+00:00,,,DTIC > SISTEMAS > ALTERAÇÃO DE ACESSO,Entidade raiz > PIRATINI > CENTRAL DE ATENDIMENTOS > CASA MILITAR,,anderson-oliveira,marcus-oliveira
3050,3141,Atendimento ao usuário Suporte - Cais Mauá 2º andar/Casa Civil - Subchefia Administrativa,6,3,2,2024-01-03 07:45:54+00:00,2024-01-03 10:11:45+00:00,,,ACESSO A SISTEMAS > SOE > PROA,Entidade raiz > PIRATINI > CENTRAL DE ATENDIMENTOS > CASA CIVIL,,miguelangelo,aline-oliveira
3051,3142,Inclusão de Administrador Site GVG // GVG - Comunicação // juliane-pimentel,6,3,2,2024-01-03 08:57:57+00:00,2024-01-03 09:01:42+00:00,,,ACESSO A SISTEMAS > SOE,Entidade raiz > PIRATINI > CENTRAL DE ATENDIMENTOS > GVG,,pablo-guimaraes,juliane-pimentel
3211,3304,INCIDENTE  - GVG,6,3,2,2024-01-18 09:56:36+00:00,2024-01-18 10:11:46+00:00,,,DTIC > INFRAESTRUTURA > OUTROS,Entidade raiz > PIRATINI > CENTRAL DE ATENDIMENTOS > GVG,,anderson-oliveira,marcielli-bierhals
3052,3143,Acesso a Sistemas Rede Piratini,6,3,2,2024-01-03 09:28:29+00:00,2024-01-04 08:58:27+00:00,,,ACESSO A SISTEMAS > REDE > LIBERAÇÃO DE ACESSO,Entidade raiz > PIRATINI > CENTRAL DE ATENDIMENTOS > CASA CIVIL,,"miguelangelo, anderson-oliveira",maristela-kaminski
3053,3144,Problema VOIP 4154- Gabinete GG,6,3,2,2024-01-03 09:48:04+00:00,2024-01-03 13:38:01+00:00,,,DTIC > INFRAESTRUTURA > OUTROS,Entidade raiz > PIRATINI > CENTRAL DE ATENDIMENTOS > GG,,anderson-oliveira,maria-lermen
3054,3145,Atendimento ao usuário Suporte - GABINETE GG,6,3,2,2024-01-03 10:19:38+00:00,2024-01-03 13:38:30+00:00,,,AJUDA E SUPORTE > MOVIMENTO DE EQUIPAMENTOS DE TI > EMPRESTIMO,Entidade raiz > PIRATINI > CENTRAL DE ATENDIMENTOS > GG,,anderson-oliveira,maria-lermen
3055,3146,INCIDENTE  - ALA RESIDENCIAL,6,3,2,2024-01-03 10:22:10+00:00,2024-01-03 11:51:54+00:00,,,DTIC > INFRAESTRUTURA > OUTROS,Entidade raiz > PIRATINI > CENTRAL DE ATENDIMENTOS > GG,Palacio Piratini - Ala Residencial,edson-silva,"bruno-rien, junior-bittencourt"
3056,3147,Acesso a Sistemas  - Geral - DESBLOQUEAR USUÁRIO,6,3,2,2024-01-03 10:33:02+00:00,2024-01-03 11:00:29+00:00,,,,Entidade raiz > PIRATINI > CENTRAL DE ATENDIMENTOS > CASA MILITAR,,anderson-oliveira,lucas-fagundes
3057,3148,Acesso a Sistemas Rede Piratini,6,3,2,2024-01-03 13:22:46+00:00,2024-01-03 15:56:54+00:00,,,ACESSO A SISTEMAS > REDE > LIBERAÇÃO DE ACESSO > NOVO USUÁRIO,Entidade raiz > PIRATINI > CENTRAL DE ATENDIMENTOS > CASA MILITAR,,anderson-oliveira,fabio-rauber
3058,3149,ENVIO/REENVIO CREDENCIAIS DE TÚNEL // CC - EB // claudiana-loureiro,6,3,2,2024-01-03 12:00:00+00:00,2024-01-04 08:56:55+00:00,,,ACESSO A SISTEMAS > REDE > TÚNEL PROCERGS,Entidade raiz > PIRATINI > CENTRAL DE ATENDIMENTOS > GG,,pablo-guimaraes,pablo-guimaraes
3059,3150,Atendimento ao usuário Suporte - CAFF - GPE,6,3,2,2024-01-03 14:51:22+00:00,2024-01-12 16:24:02+00:00,,,AJUDA E SUPORTE > ATENDIMENTO AO USUÁRIO,Entidade raiz > PIRATINI > CENTRAL DE ATENDIMENTOS > GVG,,"anderson-oliveira, leonardo-riela",carla-calero
3060,3151,PROA LIBERAR ACESSO A GRUPO,6,3,2,2024-01-03 16:38:47+00:00,2024-01-03 17:26:46+00:00,,,ACESSO A SISTEMAS > SOE > PROA > ADICIONAR A GRUPO,Entidade raiz > PIRATINI > CENTRAL DE ATENDIMENTOS > CASA MILITAR,,miguelangelo,fabio-rauber
3061,3152,Atendimento ao usuário Suporte - jornalismo,6,3,2,2024-01-03 17:29:38+00:00,2024-01-04 10:19:00+00:00,,,DTIC > SISTEMAS > ALTERAÇÃO DE ACESSO,Entidade raiz > PIRATINI > CENTRAL DE ATENDIMENTOS > SECOM,,pablo-guimaraes,andre-graminho
3062,3153,INGRESSO DE SERVIDOR,6,4,2,2024-01-04 09:03:57+00:00,2024-01-04 14:12:00+00:00,,,,Entidade raiz > PIRATINI > CENTRAL DE ATENDIMENTOS > CASA CIVIL > Secretaria-Executiva > Subchefia Administrativa > Departamento de Gestão de Atos e Pessoal > Divisão de Gestão de Pessoas,,"miguelangelo, anderson-oliveira",silvia-leopoldino
3063,3154,INCIDENTE  - ala residencial,6,3,2,2024-01-04 09:33:49+00:00,2024-01-04 09:50:37+00:00,,,AJUDA E SUPORTE > ATENDIMENTO AO USUÁRIO,Entidade raiz > PIRATINI > CENTRAL DE ATENDIMENTOS > CASA MILITAR,,anderson-oliveira,camila-beck
3064,3155,Atendimento ao usuário Suporte - ADMINISTRATIVO,6,3,2,2024-01-04 09:53:31+00:00,2024-01-04 15:47:01+00:00,,,IMPRESSORA > ATOLAMENTO,Entidade raiz > PIRATINI > CENTRAL DE ATENDIMENTOS > SECOM,,anderson-oliveira,andre-graminho
3065,3156,Acesso a Sistemas  - FPE - LIBERAR ACESSO,6,3,2,2024-01-04 13:18:08+00:00,2024-01-04 15:17:03+00:00,,,,Entidade raiz > PIRATINI > CENTRAL DE ATENDIMENTOS > CASA CIVIL,,anderson-oliveira,rodrigo-pias
3066,3157,Incidente 5175373 // PROCERGS // piratinipaeps02,6,3,1,2024-01-04 14:10:41+00:00,2024-01-05 11:08:29+00:00,,,DTIC > SISTEMAS > CONFIGURAÇÃO DE SOFTWARE,Entidade raiz > PIRATINI > CENTRAL DE ATENDIMENTOS,,jorge-vicente,jorge-vicente
3067,3158,Ingresso SILVANE RATZ,6,3,2,2024-01-04 14:14:52+00:00,2024-01-04 14:15:12+00:00,,,ACESSO A SISTEMAS > REDE > LIBERAÇÃO DE ACESSO > NOVO USUÁRIO,Entidade raiz > PIRATINI > CENTRAL DE ATENDIMENTOS > CASA CIVIL,Casa Civil 1005 > 1° Andar,anderson-oliveira,"gustavo-sehnem, ariane-silveira"
3068,3159,Reset de senha Adriana Fraco,6,3,2,2024-01-05 09:11:07+00:00,2024-01-05 09:11:26+00:00,,,ACESSO A SISTEMAS > REDE > RESET DE SENHA,Entidade raiz > PIRATINI > CENTRAL DE ATENDIMENTOS > CASA CIVIL,,anderson-oliveira,adriana-faraco
3069,3160,Atendimento ao usuário Suporte - Departamento de Conservacao e Memoria ,6,3,2,2024-01-05 13:38:25+00:00,2024-01-09 17:18:52+00:00,,,AJUDA E SUPORTE > ATENDIMENTO AO USUÁRIO,Entidade raiz > PIRATINI > CENTRAL DE ATENDIMENTOS > GG,,anderson-oliveira,bruno-rien
3070,3161,OFFICE 365 // ASSESSORIA ESPECÍFICA  - Banrisul,6,3,2,2024-01-05 14:16:52+00:00,2024-01-05 15:50:21+00:00,,,ACESSO A SISTEMAS > OFFICE 365,Entidade raiz > PIRATINI > CENTRAL DE ATENDIMENTOS > CASA CIVIL,,anderson-oliveira,adriana-bielefeld
3071,3162,Reinicialização de Senha Soe // SECOM - DF // vanessa-rosa,6,3,2,2024-01-05 12:00:00+00:00,2024-01-10 11:18:53+00:00,,,ACESSO A SISTEMAS > SOE,Entidade raiz > PIRATINI > CENTRAL DE ATENDIMENTOS > SECOM,,pablo-guimaraes,paulo-duarth
3072,3163,Atendimento ao usuário Suporte - jornalismo,6,3,2,2024-01-05 14:56:56+00:00,2024-01-05 15:49:01+00:00,,,AJUDA E SUPORTE > ATENDIMENTO AO USUÁRIO,Entidade raiz > PIRATINI > CENTRAL DE ATENDIMENTOS > SECOM,,pablo-guimaraes,andre-graminho
3073,3164,Atendimento ao usuário Suporte - Maua 1050,6,3,2,2024-01-08 08:46:38+00:00,2024-01-08 09:00:26+00:00,,,ACESSO A SISTEMAS > REDE > RESET DE SENHA,Entidade raiz > PIRATINI > CENTRAL DE ATENDIMENTOS > CASA CIVIL,,anderson-oliveira,maristela-kaminski
3074,3165,Atendimento ao usuário Suporte - SALA SUPERVISÃO TERCEIRIZADA,6,3,2,2024-01-08 09:05:00+00:00,2024-01-08 09:10:23+00:00,,,AJUDA E SUPORTE > ATENDIMENTO AO USUÁRIO,Entidade raiz > PIRATINI > CENTRAL DE ATENDIMENTOS > CASA MILITAR,,anderson-oliveira,junior-bittencourt
3075,3166,Atendimento ao usuário Suporte - Divisão de Conservação ,6,3,2,2024-01-08 09:12:16+00:00,2024-01-08 11:47:55+00:00,,,AJUDA E SUPORTE > ATENDIMENTO AO USUÁRIO,Entidade raiz > PIRATINI > CENTRAL DE ATENDIMENTOS > CASA CIVIL,,thales-leite,rodrigo-pias
3076,3167,Acesso a Sistemas  - FPE - LIBERAR ACESSO,6,3,2,2024-01-08 09:15:46+00:00,2024-01-12 14:23:27+00:00,,,ACESSO A SISTEMAS > SOE > FPE,Entidade raiz > PIRATINI > CENTRAL DE ATENDIMENTOS > CASA CIVIL,,pablo-guimaraes,rodrigo-pias
3077,3168,INCIDENTE  - Cerimonial,6,3,2,2024-01-08 09:21:44+00:00,2024-01-08 10:05:39+00:00,,,DTIC > INFRAESTRUTURA > OUTROS,Entidade raiz > PIRATINI > CENTRAL DE ATENDIMENTOS > GG,,alessandro-vieira,joao-bomfim
3078,3169,Acesso a Sistemas Rede Piratini,6,3,2,2024-01-08 09:39:54+00:00,2024-01-10 09:03:16+00:00,,,ACESSO A SISTEMAS > REDE > LIBERAÇÃO DE ACESSO,Entidade raiz > PIRATINI > CENTRAL DE ATENDIMENTOS > GVG,,pablo-guimaraes,melissa-bulegon
3079,3170,Atendimento ao usuário Suporte - Departamento de Gestão e Documentação do Gabinete do Governador,6,3,2,2024-01-08 09:46:11+00:00,2024-01-08 10:01:20+00:00,,,ACESSO A SISTEMAS > REDE > RESET DE SENHA,Entidade raiz > PIRATINI > CENTRAL DE ATENDIMENTOS > GG,,anderson-oliveira,joao-ramos
3080,3171,Acesso a Sistemas  - SOE Web - DESBLOQUEAR USUÁRIO,6,3,2,2024-01-08 10:04:42+00:00,2024-01-11 16:38:51+00:00,,,,Entidade raiz > PIRATINI > CENTRAL DE ATENDIMENTOS > GG,,pablo-guimaraes,daniela-baum
3081,3172,Atendimento ao usuário Suporte - Departamento de Conservação e Memória,6,3,2,2024-01-08 10:27:19+00:00,2024-01-08 10:58:48+00:00,,,AJUDA E SUPORTE > ATENDIMENTO AO USUÁRIO,Entidade raiz > PIRATINI > CENTRAL DE ATENDIMENTOS > GG,,silvio-valim,alvaro-aguiar
3082,3173,Acesso a Sistemas  - FPE - LIBERAR ACESSO,6,3,2,2024-01-08 10:27:22+00:00,2024-01-12 09:15:40+00:00,,,,Entidade raiz > PIRATINI > CENTRAL DE ATENDIMENTOS > CASA CIVIL,,pablo-guimaraes,almeris-junior
3083,3174,Atendimento ao usuário Suporte - Departamento de Gestão Documental e de Bens Materiais e Patrimoniais,6,3,2,2024-01-08 11:16:04+00:00,2024-01-18 11:54:44+00:00,,,ACESSO A SISTEMAS > SOE > PROA > REMOVER DE GRUPO,Entidade raiz > PIRATINI > CENTRAL DE ATENDIMENTOS > CASA CIVIL,,miguelangelo,diego-mattiello
3084,3175,Acesso a Sistemas Rede Piratini,6,3,2,2024-01-08 11:19:18+00:00,2024-01-08 11:29:27+00:00,,,ACESSO A SISTEMAS > REDE > RESET DE SENHA,Entidade raiz > PIRATINI > CENTRAL DE ATENDIMENTOS > GG,,anderson-oliveira,patricia-bicoski
3085,3176,Problema com rede \ Conservação \ Melina,6,3,2,2024-01-08 12:00:00+00:00,2024-01-08 12:00:00+00:00,,,ACESSO A SISTEMAS > REDE,Entidade raiz > PIRATINI > CENTRAL DE ATENDIMENTOS > CASA CIVIL,,alessandro-vieira,melina-andrade
3086,3177,Atendimento ao usuário Suporte - Gabinete do Governador,6,3,2,2024-01-08 11:51:30+00:00,2024-01-09 13:42:14+00:00,,,AJUDA E SUPORTE > ATENDIMENTO AO USUÁRIO,Entidade raiz > PIRATINI > CENTRAL DE ATENDIMENTOS > GG,,,luciana-ghiggi
3087,3178,IMPRESSORA,6,3,2,2024-01-08 12:55:22+00:00,2024-01-08 13:29:48+00:00,,,IMPRESSORA,Entidade raiz > PIRATINI > CENTRAL DE ATENDIMENTOS > CASA MILITAR,,,luisa-maestri
3088,3179,Acesso a Sistemas  - Geral - LIBERAR ACESSO,6,3,2,2024-01-08 13:12:12+00:00,2024-01-11 17:16:00+00:00,,,,Entidade raiz > PIRATINI > CENTRAL DE ATENDIMENTOS > GVG,,"pablo-guimaraes, anderson-oliveira",carla-calero
3089,3180,OFFICE 365 // ASSESSORIA ESPECÍFICA  - GABINETE CASA MILITAR,6,3,2,2024-01-08 13:15:24+00:00,2024-01-08 14:53:44+00:00,,,ACESSO A SISTEMAS > OFFICE 365,Entidade raiz > PIRATINI > CENTRAL DE ATENDIMENTOS > CASA MILITAR,,silvio-valim,roberta-martins
3090,3181,Acesso a Sistemas Rede Piratini,6,3,2,2024-01-08 14:14:20+00:00,2024-01-08 14:49:40+00:00,,,AJUDA E SUPORTE > ATENDIMENTO AO USUÁRIO,Entidade raiz > PIRATINI > CENTRAL DE ATENDIMENTOS > CASA CIVIL,,anderson-oliveira,rodrigo-pias
3091,3182,Usuário bloqueado SOE,6,3,2,2024-01-08 15:05:22+00:00,2024-01-08 15:08:59+00:00,,,,Entidade raiz > PIRATINI > CENTRAL DE ATENDIMENTOS > GG,,anderson-oliveira,antonio-padilha
3092,3183,Atendimento ao usuário Suporte - Corpo da Guarda do Palacio Piratini,6,3,2,2024-01-08 15:21:57+00:00,2024-01-09 09:28:30+00:00,,,AJUDA E SUPORTE > ATENDIMENTO AO USUÁRIO,Entidade raiz > PIRATINI > CENTRAL DE ATENDIMENTOS > CASA MILITAR,,anderson-oliveira,paulo-pacheco
3093,3184,Desbloquear usuário PROA,6,3,2,2024-01-08 15:25:34+00:00,2024-01-08 15:51:31+00:00,,,DTIC > SISTEMAS > ALTERAÇÃO DE ACESSO,Entidade raiz > PIRATINI > CENTRAL DE ATENDIMENTOS > GG,,pablo-guimaraes,antonio-padilha
3094,3185,Configuração de Equipamento - CAFF,6,3,2,2024-01-08 15:46:20+00:00,2024-01-12 16:21:12+00:00,,,AJUDA E SUPORTE > ATENDIMENTO AO USUÁRIO,Entidade raiz > PIRATINI > CENTRAL DE ATENDIMENTOS > GVG,,"anderson-oliveira, leonardo-riela",carla-calero
3095,3186,OFFICE 365 // ASSESSORIA ESPECÍFICA  - Subchefia Geral,6,3,2,2024-01-08 15:57:24+00:00,2024-01-09 09:23:36+00:00,,,ACESSO A SISTEMAS > OFFICE 365,Entidade raiz > PIRATINI > CENTRAL DE ATENDIMENTOS > CASA CIVIL,,anderson-oliveira,graca-godinho
3096,3187,Atendimento ao usuário Suporte - RS Seguro- Gabinete do Governador ,6,3,2,2024-01-09 09:09:18+00:00,2024-01-09 09:15:58+00:00,,,AJUDA E SUPORTE > ATENDIMENTO AO USUÁRIO,Entidade raiz > PIRATINI > CENTRAL DE ATENDIMENTOS > GVG,,anderson-oliveira,carla-cardoso
3097,3188,ACESSO A SISTEMAS CADASTRO DE ID PARA IMPRESSÃO,6,3,2,2024-01-09 09:38:16+00:00,2024-01-09 09:58:06+00:00,,,AJUDA E SUPORTE > ATENDIMENTO AO USUÁRIO,Entidade raiz > PIRATINI > CENTRAL DE ATENDIMENTOS > GVG,,anderson-oliveira,carla-calero
3098,3189,Atendimento ao usuário Suporte - Publicidade,6,3,2,2024-01-09 10:12:41+00:00,2024-01-12 14:12:27+00:00,,,AJUDA E SUPORTE > ATENDIMENTO AO USUÁRIO,Entidade raiz > PIRATINI > CENTRAL DE ATENDIMENTOS > SECOM,,,andre-graminho
3099,3190,Migrar Office E3 // CC - Mecanografia // Alex Sandro,6,3,2,2024-01-09 10:43:57+00:00,2024-01-09 10:44:05+00:00,,,ACESSO A SISTEMAS > OFFICE 365,Entidade raiz > PIRATINI > CENTRAL DE ATENDIMENTOS > CASA CIVIL,,silvio-valim,alex-jardim
3100,3191,INCIDENTE  - Departamento de Conservação e Memória - Ala Residencial ,6,3,2,2024-01-09 11:03:00+00:00,2024-01-09 11:14:57+00:00,,,ACESSO A SISTEMAS > REDE > RESET DE SENHA,Entidade raiz > PIRATINI > CENTRAL DE ATENDIMENTOS > GG,,anderson-oliveira,patricia-bicoski
3101,3192,Atendimento ao usuário Suporte - Defesa Civil,6,3,2,2024-01-09 11:05:29+00:00,2024-03-27 14:54:07+00:00,,,DTIC > SISTEMAS > CONFIGURAÇÃO DE SOFTWARE,Entidade raiz > PIRATINI > CENTRAL DE ATENDIMENTOS > CASA MILITAR,,jorge-vicente,fabio-rauber
3102,3193,Acesso a Sistemas Rede Piratini,6,3,2,2024-01-09 12:41:34+00:00,2024-01-09 13:23:18+00:00,,,ACESSO A SISTEMAS > REDE > LIBERAÇÃO DE ACESSO,Entidade raiz > PIRATINI > CENTRAL DE ATENDIMENTOS > GVG,,silvio-valim,melissa-bulegon
3103,3194,Acesso a Sistemas Rede Piratini,6,3,2,2024-01-09 13:52:33+00:00,2024-01-09 14:20:37+00:00,,,ACESSO A SISTEMAS > REDE > LIBERAÇÃO DE ACESSO,Entidade raiz > PIRATINI > CENTRAL DE ATENDIMENTOS > CASA MILITAR,,anderson-oliveira,arlindo-oliveira
3104,3195,PROA LIBERAR ACESSO A GRUPO,6,3,2,2024-01-09 14:11:03+00:00,2024-02-15 11:43:33+00:00,,,ACESSO A SISTEMAS > SOE > PROA > ADICIONAR A GRUPO,Entidade raiz > PIRATINI > CENTRAL DE ATENDIMENTOS > CASA CIVIL,,"pablo-guimaraes, miguelangelo",jorge-sari
3105,3196,Atendimento ao usuário Suporte - ADMINISTRATIVO,6,3,2,2024-01-09 14:34:00+00:00,2024-01-09 15:39:14+00:00,,,AJUDA E SUPORTE > ATENDIMENTO AO USUÁRIO,Entidade raiz > PIRATINI > CENTRAL DE ATENDIMENTOS > SECOM,,anderson-oliveira,andre-graminho
3106,3197,Acesso a Sistemas Rede Piratini,6,3,2,2024-01-09 16:25:01+00:00,2024-01-10 08:57:48+00:00,,,ACESSO A SISTEMAS > REDE > LIBERAÇÃO DE ACESSO,Entidade raiz > PIRATINI > CENTRAL DE ATENDIMENTOS > CASA MILITAR,,anderson-oliveira,arlindo-oliveira
3107,3198,PROA LIBERAR ACESSO A GRUPO,6,3,2,2024-01-09 16:52:20+00:00,2024-01-12 10:57:40+00:00,,,ACESSO A SISTEMAS > SOE > PROA > ADICIONAR A GRUPO,Entidade raiz > PIRATINI > CENTRAL DE ATENDIMENTOS > CASA MILITAR,,miguelangelo,arlindo-oliveira
3108,3199,Acesso a Sistemas  - Geral - LIBERAR ACESSO,6,3,2,2024-01-09 16:52:23+00:00,2024-01-09 16:54:14+00:00,,,,Entidade raiz > PIRATINI > CENTRAL DE ATENDIMENTOS > CASA CIVIL,,,eduardo-freitas
3109,3200,PROA LIBERAR ACESSO A GRUPO,6,3,2,2024-01-09 16:54:17+00:00,2024-01-12 10:54:49+00:00,,,ACESSO A SISTEMAS > SOE > PROA > ADICIONAR A GRUPO,Entidade raiz > PIRATINI > CENTRAL DE ATENDIMENTOS > CASA MILITAR,,miguelangelo,arlindo-oliveira
3110,3201,PROA LIBERAR ACESSO A GRUPO,6,3,2,2024-01-09 16:55:53+00:00,2024-01-12 10:57:12+00:00,,,ACESSO A SISTEMAS > SOE > PROA > ADICIONAR A GRUPO,Entidade raiz > PIRATINI > CENTRAL DE ATENDIMENTOS > CASA MILITAR,,miguelangelo,arlindo-oliveira
3111,3202,PROA LIBERAR ACESSO A GRUPO,6,3,2,2024-01-10 10:24:06+00:00,2024-01-12 10:58:17+00:00,,,ACESSO A SISTEMAS > SOE > PROA > ADICIONAR A GRUPO,Entidade raiz > PIRATINI > CENTRAL DE ATENDIMENTOS > CASA MILITAR,,miguelangelo,arlindo-oliveira
3112,3203,Atendimento ao usuário Suporte - Divisão de Conservação ,6,3,2,2024-01-10 10:46:13+00:00,2024-01-12 13:59:10+00:00,,,AJUDA E SUPORTE > ATENDIMENTO AO USUÁRIO,Entidade raiz > PIRATINI > CENTRAL DE ATENDIMENTOS > CASA CIVIL,,alessandro-vieira,rodrigo-pias
3113,3204,Acesso a Sistemas Rede Piratini,6,3,2,2024-01-10 11:12:55+00:00,2024-01-10 11:17:38+00:00,,,ACESSO A SISTEMAS > REDE > RESET DE SENHA,Entidade raiz > PIRATINI > CENTRAL DE ATENDIMENTOS > CASA MILITAR,,anderson-oliveira,arlindo-oliveira
3114,3205,Acesso ao SiteProClima // SEMA - CC // vanessa-trindade,6,3,2,2024-01-08 12:00:00+00:00,2024-01-10 11:27:14+00:00,,,ACESSO A SISTEMAS > SOE,Entidade raiz > PIRATINI > CENTRAL DE ATENDIMENTOS > CASA CIVIL,,pablo-guimaraes,pablo-guimaraes
3227,3320,Compartilhar Caixa de Entrada // CC - Saef // Rose Mari,6,3,2,2024-01-19 10:34:24+00:00,2024-01-19 10:34:36+00:00,,,ACESSO A SISTEMAS > OFFICE 365 > EMAIL > CAIXA COMPARTILHADA,Entidade raiz > PIRATINI > CENTRAL DE ATENDIMENTOS > CASA CIVIL,,silvio-valim,rose-santos
3115,3206,Acesso Grupo ATS PROA // CC - Gabinete // carolina-tavares,6,3,2,2024-01-08 12:00:00+00:00,2024-01-10 12:05:20+00:00,,,ACESSO A SISTEMAS > SOE > PROA,Entidade raiz > PIRATINI > CENTRAL DE ATENDIMENTOS > SECOM,,pablo-guimaraes,carolina-tavares
3116,3207,Acesso a Sistemas Rede Piratini,6,3,2,2024-01-10 14:13:28+00:00,2024-01-11 09:03:24+00:00,,,ACESSO A SISTEMAS > REDE > LIBERAÇÃO DE ACESSO,Entidade raiz > PIRATINI > CENTRAL DE ATENDIMENTOS > CASA MILITAR,,anderson-oliveira,arlindo-oliveira
3117,3208,Atendimento ao usuário Suporte - R3 - Mesa Assessoria da Ala Residencial,6,3,2,2024-01-10 14:31:29+00:00,2024-01-11 16:03:31+00:00,,,AJUDA E SUPORTE > MOVIMENTO DE EQUIPAMENTOS DE TI > REQUISIÇÃO,Entidade raiz > PIRATINI > CENTRAL DE ATENDIMENTOS > GG,,alessandro-vieira,luciana-conca
3118,3209,Acesso a Sistemas Rede Piratini,6,3,2,2024-01-10 14:41:55+00:00,2024-01-10 16:44:16+00:00,,,ACESSO A SISTEMAS > REDE > LIBERAÇÃO DE ACESSO,Entidade raiz > PIRATINI > CENTRAL DE ATENDIMENTOS > CASA MILITAR,,silvio-valim,arlindo-oliveira
3119,3210,Acesso a Sistemas  - FPE - LIBERAR ACESSO,6,3,2,2024-01-10 15:09:55+00:00,2024-01-11 17:32:49+00:00,,,,Entidade raiz > PIRATINI > CENTRAL DE ATENDIMENTOS > GVG,,pablo-guimaraes,marcielli-bierhals
3120,3211,Acesso a Sistemas  - FPE - LIBERAR ACESSO,6,3,2,2024-01-10 15:11:30+00:00,2024-01-11 17:33:37+00:00,,,,Entidade raiz > PIRATINI > CENTRAL DE ATENDIMENTOS > GVG,,pablo-guimaraes,marcielli-bierhals
3121,3212,Acesso a Sistemas  - FPE - LIBERAR ACESSO,6,3,2,2024-01-10 15:13:05+00:00,2024-01-11 17:31:41+00:00,,,,Entidade raiz > PIRATINI > CENTRAL DE ATENDIMENTOS > GVG,,pablo-guimaraes,marcielli-bierhals
3122,3213,Acesso a Sistemas  - FPE - LIBERAR ACESSO,6,3,2,2024-01-10 15:15:26+00:00,2024-01-11 17:38:38+00:00,,,,Entidade raiz > PIRATINI > CENTRAL DE ATENDIMENTOS > GVG,,pablo-guimaraes,marcielli-bierhals
3123,3214,Acesso a Sistemas  - FPE - LIBERAR ACESSO,6,3,2,2024-01-10 15:16:38+00:00,2024-01-11 17:38:09+00:00,,,,Entidade raiz > PIRATINI > CENTRAL DE ATENDIMENTOS > GVG,,pablo-guimaraes,marcielli-bierhals
3228,3321,Compartilhar Caixa de Entrada // CC - Relações Federativas SAEF // Roger Coimbra,6,3,2,2024-01-19 10:44:09+00:00,2024-01-19 11:49:09+00:00,,,ACESSO A SISTEMAS > OFFICE 365 > EMAIL > CAIXA COMPARTILHADA,Entidade raiz > PIRATINI > CENTRAL DE ATENDIMENTOS > CASA CIVIL,,silvio-valim,alba-santos
3124,3215,Acesso a Sistemas  - FPE - LIBERAR ACESSO,6,3,2,2024-01-10 15:21:55+00:00,2024-01-15 07:52:15+00:00,,,,Entidade raiz > PIRATINI > CENTRAL DE ATENDIMENTOS > CASA MILITAR,,pablo-guimaraes,arlindo-oliveira
3125,3216,Acesso a Sistemas Rede Piratini,6,3,2,2024-01-10 15:23:53+00:00,2024-01-11 08:59:56+00:00,,,ACESSO A SISTEMAS > REDE > LIBERAÇÃO DE ACESSO,Entidade raiz > PIRATINI > CENTRAL DE ATENDIMENTOS > CASA MILITAR,,anderson-oliveira,arlindo-oliveira
3126,3217,Instalar Office // CC - Subchefia Geral // Graça Fabiana Godinho,6,3,2,2024-01-10 15:25:59+00:00,2024-01-10 15:26:30+00:00,,,ACESSO A SISTEMAS > OFFICE 365,Entidade raiz > PIRATINI > CENTRAL DE ATENDIMENTOS > CASA CIVIL,,silvio-valim,graca-godinho
3127,3218,OUTLOOK // ADICIONAR/EXCLUIR USUÁRIO DE CAIXA COMPARTILHADA - Departamento de Conservação e Memória ,6,3,2,2024-01-10 15:26:36+00:00,2024-01-10 16:36:46+00:00,,,ACESSO A SISTEMAS > OFFICE 365 > EMAIL > CAIXA COMPARTILHADA,Entidade raiz > PIRATINI > CENTRAL DE ATENDIMENTOS > GG,,anderson-oliveira,bruna-linhares
3128,3219,Atendimento ao usuário Suporte - jornalismo,6,3,2,2024-01-10 15:28:39+00:00,2024-01-10 15:32:19+00:00,,,AJUDA E SUPORTE > ATENDIMENTO AO USUÁRIO,Entidade raiz > PIRATINI > CENTRAL DE ATENDIMENTOS > SECOM,,,andre-graminho
3129,3220,Atendimento ao usuário Suporte - Cerimonial,6,3,2,2024-01-10 15:30:43+00:00,2024-03-04 11:25:05+00:00,,,AJUDA E SUPORTE > MOVIMENTO DE EQUIPAMENTOS DE TI > REQUISIÇÃO,Entidade raiz > PIRATINI > CENTRAL DE ATENDIMENTOS > GG,,"edson-silva, alessandro-vieira",leandro-hardt
3130,3221,Atendimento ao usuário Suporte - Cerimonial,6,3,2,2024-01-10 15:32:25+00:00,2024-01-19 16:30:29+00:00,,,AJUDA E SUPORTE > MOVIMENTO DE EQUIPAMENTOS DE TI > REQUISIÇÃO,Entidade raiz > PIRATINI > CENTRAL DE ATENDIMENTOS > GG,,"alessandro-vieira, leonardo-riela",leandro-hardt
3131,3222,Atendimento ao usuário Suporte - Gabinete do Governador,6,3,2,2024-01-10 15:35:37+00:00,2024-01-10 16:40:26+00:00,,,AJUDA E SUPORTE > ATENDIMENTO AO USUÁRIO,Entidade raiz > PIRATINI > CENTRAL DE ATENDIMENTOS > GG,,,luciana-ghiggi
3132,3223,Excluir conta Office // CC - DTIC // Matheus Cordeiro,6,3,2,2024-01-10 15:48:31+00:00,2024-01-10 15:48:57+00:00,,,ACESSO A SISTEMAS > OFFICE 365,Entidade raiz > PIRATINI > CENTRAL DE ATENDIMENTOS > CASA CIVIL,,silvio-valim,silvio-valim
3133,3224,Acesso a Sistemas  - LAI - LIBERAR ACESSO,6,3,2,2024-01-10 15:54:58+00:00,2024-01-11 17:01:10+00:00,,,,Entidade raiz > PIRATINI > CENTRAL DE ATENDIMENTOS > CASA CIVIL,,pablo-guimaraes,regina-costa
3134,3225,Atendimento ao usuário Suporte - Conservação e Memória,6,3,2,2024-01-10 16:03:17+00:00,2024-02-28 14:26:52+00:00,,,AJUDA E SUPORTE > MOVIMENTO DE EQUIPAMENTOS DE TI > REQUISIÇÃO,Entidade raiz > PIRATINI > CENTRAL DE ATENDIMENTOS > GG,,"wagner-mengue, jorge-vicente",bruno-rien
3159,3250,Acesso a Sistemas Rede Piratini,6,3,2,2024-01-12 14:24:12+00:00,2024-01-17 08:41:34+00:00,,,ACESSO A SISTEMAS > REDE > LIBERAÇÃO DE ACESSO,Entidade raiz > PIRATINI > CENTRAL DE ATENDIMENTOS > CASA MILITAR,,,arlindo-oliveira
3135,3226,OFFICE 365 // ALTERAR PLANO / LICENÇA - GVG,6,3,2,2024-01-10 16:04:24+00:00,2024-01-11 08:58:37+00:00,,,ACESSO A SISTEMAS > OFFICE 365 > EMAIL > ALTERAR PLANO / LICENÇA,Entidade raiz > PIRATINI > CENTRAL DE ATENDIMENTOS > GVG,,silvio-valim,marcielli-bierhals
3136,3227,Acesso a Sistemas Rede Piratini,6,3,2,2024-01-10 16:06:38+00:00,2024-01-10 16:31:04+00:00,,,ACESSO A SISTEMAS > REDE > LIBERAÇÃO DE ACESSO,Entidade raiz > PIRATINI > CENTRAL DE ATENDIMENTOS > CASA MILITAR,,anderson-oliveira,arlindo-oliveira
3137,3228,PROA LIBERAR ACESSO A GRUPO,6,3,2,2024-01-10 17:52:14+00:00,2024-01-12 10:58:59+00:00,,,ACESSO A SISTEMAS > SOE > PROA > ADICIONAR A GRUPO,Entidade raiz > PIRATINI > CENTRAL DE ATENDIMENTOS > CASA MILITAR,,miguelangelo,fabio-rauber
3138,3229,OFFICE 365 // ASSESSORIA ESPECÍFICA  - CODEC - Defesa Civil,6,3,2,2024-01-10 17:53:55+00:00,2024-01-15 15:59:59+00:00,,,ACESSO A SISTEMAS > OFFICE 365,Entidade raiz > PIRATINI > CENTRAL DE ATENDIMENTOS > CASA MILITAR,,,fabio-rauber
3139,3230,Problema no ramal de entrada SECOM,6,3,1,2024-01-11 09:01:45+00:00,2024-01-11 09:09:02+00:00,,,AJUDA E SUPORTE > ATENDIMENTO AO USUÁRIO,Entidade raiz > PIRATINI > CENTRAL DE ATENDIMENTOS > SECOM,,thales-leite,andre-graminho
3140,3231,INCIDENTE  - Cerimonial,6,3,2,2024-01-11 10:16:28+00:00,2024-01-15 09:42:25+00:00,,,DTIC > INFRAESTRUTURA > OUTROS,Entidade raiz > PIRATINI > CENTRAL DE ATENDIMENTOS > GG,,,joao-bomfim
3141,3232,Atendimento ao usuário Suporte - DIVISÃO DE FINANÇAS,6,3,2,2024-01-11 10:24:25+00:00,2024-01-25 15:38:51+00:00,,,DTIC > EQUIPAMENTOS > MANUTENÇÃO,Entidade raiz > PIRATINI > CENTRAL DE ATENDIMENTOS > CASA MILITAR,,leonardo-riela,paulo-vogt
3142,3233,Atendimento ao usuário Suporte - Alberto Pasqualini - Palácio Piratini,6,3,2,2024-01-11 11:41:50+00:00,2024-01-11 16:05:36+00:00,,,AJUDA E SUPORTE > ATENDIMENTO AO USUÁRIO,Entidade raiz > PIRATINI > CENTRAL DE ATENDIMENTOS > SECOM,,,luis-zorzan
3143,3234,Atendimento ao usuário Suporte - Gabinete GVG,6,3,2,2024-01-11 12:51:08+00:00,2024-01-12 16:20:40+00:00,,,AJUDA E SUPORTE > MOVIMENTO DE EQUIPAMENTOS DE TI > REQUISIÇÃO,Entidade raiz > PIRATINI > CENTRAL DE ATENDIMENTOS > GVG,,"anderson-oliveira, thales-leite, leonardo-riela",carla-calero
3144,3235,Atendimento ao usuário Suporte - Gabinete do Governador,6,3,2,2024-01-11 13:31:49+00:00,2024-01-12 16:43:19+00:00,,,ACESSO A SISTEMAS > REDE > LIBERAÇÃO DE ACESSO > NOVO USUÁRIO,Entidade raiz > PIRATINI > CENTRAL DE ATENDIMENTOS > GG,,"pablo-guimaraes, anderson-oliveira",luciana-ghiggi
3145,3236,OFFICE 365 // ASSESSORIA ESPECÍFICA  - Subchefia de Operações,6,3,2,2024-01-11 14:43:13+00:00,2024-01-11 17:06:56+00:00,,,ACESSO A SISTEMAS > OFFICE 365 > EMAIL > ALTERAR PLANO / LICENÇA,Entidade raiz > PIRATINI > CENTRAL DE ATENDIMENTOS > CASA MILITAR,,anderson-oliveira,arlindo-oliveira
3146,3237,Atendimento ao usuário Suporte - Gabinete da Casa Civil,6,3,2,2024-01-11 15:39:58+00:00,2024-01-11 15:44:24+00:00,,,AJUDA E SUPORTE > ATENDIMENTO AO USUÁRIO,Entidade raiz > PIRATINI > CENTRAL DE ATENDIMENTOS > CASA CIVIL,,anderson-oliveira,ana-francisco
3147,3238,INCIDENTE  - ALA - Oficina de Restauro,6,3,2,2024-01-11 16:31:01+00:00,2024-01-12 09:50:12+00:00,,,DTIC > INFRAESTRUTURA > OUTROS,Entidade raiz > PIRATINI > CENTRAL DE ATENDIMENTOS > GG,,edson-silva,isis-gama
3148,3239,Atendimento ao usuário Suporte - 21º - Gabinete do Vice-Governador ,6,3,2,2024-01-11 16:44:52+00:00,2024-02-08 17:09:04+00:00,,,AJUDA E SUPORTE > ATENDIMENTO AO USUÁRIO,Entidade raiz > PIRATINI > CENTRAL DE ATENDIMENTOS > GVG,,"edson-silva, anderson-oliveira",flavia-silva
3149,3240,PROA LIBERAR ACESSO A GRUPO,6,3,2,2024-01-11 17:00:06+00:00,2024-01-18 11:58:47+00:00,,,ACESSO A SISTEMAS > SOE > PROA > ADICIONAR A GRUPO,Entidade raiz > PIRATINI > CENTRAL DE ATENDIMENTOS > CASA MILITAR,,miguelangelo,paulo-santos
3150,3241,Acesso a Sistemas  - FPE - OUTRO,6,3,2,2024-01-11 17:14:07+00:00,2024-01-12 14:34:49+00:00,,,,Entidade raiz > PIRATINI > CENTRAL DE ATENDIMENTOS > GVG,,pablo-guimaraes,flavia-silva
3151,3242,Atendimento ao usuário Suporte - Subchefia de Operações,6,3,2,2024-01-12 08:56:33+00:00,2024-01-12 09:45:59+00:00,,,AJUDA E SUPORTE > ATENDIMENTO AO USUÁRIO,Entidade raiz > PIRATINI > CENTRAL DE ATENDIMENTOS > CASA MILITAR,,alessandro-vieira,arlindo-oliveira
3152,3243,Alterar Licença Office // CC - Subchefia Geral // Luciane,6,3,2,2024-01-12 08:58:35+00:00,2024-01-12 08:58:52+00:00,,,ACESSO A SISTEMAS > OFFICE 365,Entidade raiz > PIRATINI > CENTRAL DE ATENDIMENTOS > CASA CIVIL,,silvio-valim,luciane-xerxenevsky
3153,3244,OFFICE 365 // ASSESSORIA ESPECÍFICA  - Gabinete do Governador,5,3,2,2024-01-12 09:24:53+00:00,2025-10-19 01:17:10+00:00,,,ACESSO A SISTEMAS > OFFICE 365,Entidade raiz > PIRATINI > CENTRAL DE ATENDIMENTOS > GG,,anderson-oliveira,luciana-ghiggi
3154,3245,OFFICE 365 // NOVA CONTA DE EMAIL - Gabinete do,6,3,2,2024-01-12 09:26:27+00:00,2025-10-19 01:17:38+00:00,,,ACESSO A SISTEMAS > OFFICE 365 > EMAIL > NOVO USUÁRIO,Entidade raiz > PIRATINI > CENTRAL DE ATENDIMENTOS > GG,,silvio-valim,luciana-ghiggi
3155,3246,OFFICE 365 // ASSESSORIA ESPECÍFICA  - Subchefia Administrativa - SPH,6,3,2,2024-01-12 10:00:23+00:00,2024-01-23 10:25:22+00:00,,,ACESSO A SISTEMAS > OFFICE 365,Entidade raiz > PIRATINI > CENTRAL DE ATENDIMENTOS > CASA CIVIL,,"silvio-valim, anderson-oliveira",francisco-barros
3156,3247,Acesso a Sistemas  - GDG - LIBERAR ACESSO,6,3,2,2024-01-12 10:09:13+00:00,2024-01-12 10:53:59+00:00,,,,Entidade raiz > PIRATINI > CENTRAL DE ATENDIMENTOS > GG,,pablo-guimaraes,jovana-fonseca
3157,3248,Mudança Cerimonial,6,3,2,2024-01-12 11:06:37+00:00,2024-01-17 17:10:12+00:00,,,AJUDA E SUPORTE > INSTALAÇÃO DE EQUIPAMENTOS,Entidade raiz > PIRATINI > CENTRAL DE ATENDIMENTOS > CASA CIVIL,,alessandro-vieira,
3158,3249,Alterar Licença Office E3 // CC - Subchefia Geral // Rodrigo Wagner Filho,6,3,2,2024-01-12 11:08:20+00:00,2024-01-12 16:39:06+00:00,,,ACESSO A SISTEMAS > OFFICE 365 > EMAIL > ALTERAR PLANO / LICENÇA,Entidade raiz > PIRATINI > CENTRAL DE ATENDIMENTOS > CASA CIVIL,,silvio-valim,ivana-flores
3160,3251,OFFICE 365 // ASSESSORIA ESPECÍFICA  - Departamento de Conservação e Memória,6,3,2,2024-01-12 14:32:05+00:00,2024-01-16 10:25:16+00:00,,,ACESSO A SISTEMAS > OFFICE 365,Entidade raiz > PIRATINI > CENTRAL DE ATENDIMENTOS > GG,,anderson-oliveira,bruna-linhares
3161,3252,Acesso a Sistemas  - SOE Web - OUTRO,6,3,2,2024-01-12 14:33:06+00:00,2024-01-12 14:54:15+00:00,,,,Entidade raiz > PIRATINI > CENTRAL DE ATENDIMENTOS > CASA MILITAR,,pablo-guimaraes,paulo-vogt
3162,3253,Acesso a Sistemas  - FPE - LIBERAR ACESSO,6,3,2,2024-01-12 14:39:30+00:00,2024-01-15 18:01:43+00:00,,,,Entidade raiz > PIRATINI > CENTRAL DE ATENDIMENTOS > CASA CIVIL,,pablo-guimaraes,rodrigo-pias
3163,3254,Acesso a Sistemas Rede Piratini,6,3,2,2024-01-12 15:30:02+00:00,2024-01-15 09:50:33+00:00,,,ACESSO A SISTEMAS > REDE > LIBERAÇÃO DE ACESSO,Entidade raiz > PIRATINI > CENTRAL DE ATENDIMENTOS > CASA MILITAR,,silvio-valim,arlindo-oliveira
3164,3255,OUTLOOK // ADICIONAR/EXCLUIR USUÁRIO DE CAIXA COMPARTILHADA - Gabinete do Governador,6,3,2,2024-01-12 17:03:56+00:00,2024-01-12 18:36:09+00:00,,,ACESSO A SISTEMAS > OFFICE 365 > EMAIL > CAIXA COMPARTILHADA,Entidade raiz > PIRATINI > CENTRAL DE ATENDIMENTOS > GG,,anderson-oliveira,luciana-ghiggi
3165,3256,INCIDENTE  - departamento de conservação e memória,6,3,2,2024-01-12 17:23:33+00:00,2024-01-16 15:36:10+00:00,,,DTIC > INFRAESTRUTURA > OUTROS,Entidade raiz > PIRATINI > CENTRAL DE ATENDIMENTOS > GG,,,alvaro-aguiar
3166,3257,Usuário Expirado,6,3,1,2024-01-15 08:29:17+00:00,2024-01-15 08:51:48+00:00,,,ACESSO A SISTEMAS > REDE > RESET DE SENHA,Entidade raiz > PIRATINI > CENTRAL DE ATENDIMENTOS > CASA MILITAR > Subchefia de Proteção e Defesa Civil,,,vanessa-rodrigues
3167,3258,Acesso a Sistemas Rede Piratini,6,3,2,2024-01-15 09:02:51+00:00,2024-01-15 09:09:44+00:00,,,ACESSO A SISTEMAS > REDE > LIBERAÇÃO DE ACESSO,Entidade raiz > PIRATINI > CENTRAL DE ATENDIMENTOS > CASA MILITAR,,anderson-oliveira,vanessa-wenitt
3168,3259,Atendimento ao usuário Suporte - Secom,6,3,2,2024-01-15 09:09:03+00:00,2024-01-15 09:13:44+00:00,,,AJUDA E SUPORTE > ATENDIMENTO AO USUÁRIO,Entidade raiz > PIRATINI > CENTRAL DE ATENDIMENTOS > SECOM,,,luis-zorzan
3169,3260,Reset de Senha usuários GVG-GPE,6,3,2,2024-01-15 09:44:09+00:00,2024-01-15 09:44:53+00:00,,,ACESSO A SISTEMAS > REDE > RESET DE SENHA,Entidade raiz > PIRATINI > CENTRAL DE ATENDIMENTOS > GVG,,anderson-oliveira,
3170,3261,Atendimento ao usuário Suporte - jornalismo,6,3,2,2024-01-15 09:54:05+00:00,2024-01-15 13:33:13+00:00,,,ACESSO A SISTEMAS > OFFICE 365 > EMAIL > CAIXA COMPARTILHADA,Entidade raiz > PIRATINI > CENTRAL DE ATENDIMENTOS > SECOM,,anderson-oliveira,andre-graminho
3171,3263,Atendimento ao usuário Suporte - DIVISÃO DE FINANÇAS,6,3,2,2024-01-15 10:10:51+00:00,2024-01-16 10:41:19+00:00,,,AJUDA E SUPORTE > INSTALAÇÃO DE EQUIPAMENTOS,Entidade raiz > PIRATINI > CENTRAL DE ATENDIMENTOS > CASA MILITAR,,"silvio-valim, anderson-oliveira",paulo-vogt
3172,3264,WIFI TV's Def. Civil Andrade Neves,6,3,1,2024-01-15 10:21:06+00:00,2024-01-16 10:21:05+00:00,,,DTIC > INFRAESTRUTURA,Entidade raiz > PIRATINI > CENTRAL DE ATENDIMENTOS > CASA MILITAR,,"anderson-oliveira, thales-leite",vanessa-rodrigues
3173,3265,INCIDENTE  - Subchefia de Operações,6,3,2,2024-01-15 11:12:04+00:00,2024-01-16 15:24:05+00:00,,,DTIC > INFRAESTRUTURA > OUTROS,Entidade raiz > PIRATINI > CENTRAL DE ATENDIMENTOS > CASA MILITAR,,,arlindo-oliveira
3174,3266,Usuária com limitações no PROXY,6,3,1,2024-01-15 12:09:43+00:00,2024-01-23 10:41:09+00:00,,,DTIC > SISTEMAS > CONFIGURAÇÃO DE SOFTWARE,Entidade raiz > PIRATINI > CENTRAL DE ATENDIMENTOS > GVG,,"edson-silva, anderson-oliveira",flavia-silva
3175,3267,Atendimento ao usuário Suporte - Departamento de Conservação e Memória do Patrimônio Cultural,6,3,2,2024-01-15 12:11:38+00:00,2024-01-19 16:20:11+00:00,,,AJUDA E SUPORTE > ATENDIMENTO AO USUÁRIO,Entidade raiz > PIRATINI > CENTRAL DE ATENDIMENTOS > GG,,,bruna-linhares
3176,3268,Atendimento ao usuário Suporte - 4° Pavimento,6,3,2,2024-01-15 12:51:52+00:00,2024-01-24 15:18:48+00:00,,,DTIC > INFRAESTRUTURA > PROJETOS,Entidade raiz > PIRATINI > CENTRAL DE ATENDIMENTOS > GG,,,bruno-rien
3177,3269,INSTALAÇÃO DE UM SWITCH PARA O SETOR CERIMONIAL,6,3,2,2024-01-15 13:12:05+00:00,2024-01-15 15:15:33+00:00,,,AJUDA E SUPORTE > INSTALAÇÃO DE EQUIPAMENTOS,Entidade raiz > PIRATINI > CENTRAL DE ATENDIMENTOS,Palácio do Piratini > 4° Andar,,
3178,3270,Acesso a Sistemas Rede Piratini,6,3,2,2024-01-15 13:16:27+00:00,2024-01-15 13:20:14+00:00,,,ACESSO A SISTEMAS > REDE > RESET DE SENHA,Entidade raiz > PIRATINI > CENTRAL DE ATENDIMENTOS > CASA CIVIL,R. Duque de Caxias 951 (Banrisul),anderson-oliveira,elisangela-mattjie
3179,3271,Exclusão de Imagem Office 365 // CC - DTIC // Silvio Valim,6,3,2,2024-01-15 14:02:51+00:00,2024-01-15 14:03:02+00:00,,,ACESSO A SISTEMAS > OFFICE 365,Entidade raiz > PIRATINI > CENTRAL DE ATENDIMENTOS > CASA CIVIL,,silvio-valim,silvio-valim
3180,3272,Reunião SharePoint GG // CC - DTIC // Silvio Valim,6,3,2,2024-01-15 14:06:52+00:00,2024-01-15 14:07:12+00:00,,,ACESSO A SISTEMAS > OFFICE 365 > CRIAR EQUIPE SHAREPOINT,Entidade raiz > PIRATINI > CENTRAL DE ATENDIMENTOS,,silvio-valim,silvio-valim
3181,3273,Atendimento ao usuário Suporte - Caff - Astec GG - 2º andar/ Norte,6,3,2,2024-01-15 14:11:18+00:00,2024-01-15 15:17:01+00:00,,,AJUDA E SUPORTE > ATENDIMENTO AO USUÁRIO,Entidade raiz > PIRATINI > CENTRAL DE ATENDIMENTOS > GG,,anderson-oliveira,vinicius-lopes
3182,3275,PROA LIBERAR ACESSO A GRUPO,6,3,2,2024-01-15 15:11:11+00:00,2024-01-15 15:37:06+00:00,,,ACESSO A SISTEMAS > SOE > PROA > ADICIONAR A GRUPO,Entidade raiz > PIRATINI > CENTRAL DE ATENDIMENTOS > GVG,,pablo-guimaraes,marcielli-bierhals
3183,3276,Acesso a Sistemas  - FPE - LIBERAR ACESSO,6,3,2,2024-01-15 15:12:56+00:00,2024-01-15 17:27:48+00:00,,,,Entidade raiz > PIRATINI > CENTRAL DE ATENDIMENTOS > GVG,,pablo-guimaraes,marcielli-bierhals
3184,3277,Atendimento ao usuário Suporte - Divisão de Conservação ,6,3,2,2024-01-16 08:49:23+00:00,2024-01-16 11:03:19+00:00,,,AJUDA E SUPORTE > ATENDIMENTO AO USUÁRIO,Entidade raiz > PIRATINI > CENTRAL DE ATENDIMENTOS > CASA CIVIL,,alessandro-vieira,rodrigo-pias
3197,3290,Acesso a Sistemas  - FPE - LIBERAR ACESSO,6,3,2,2024-01-16 12:31:10+00:00,2024-01-17 15:28:38+00:00,,,,Entidade raiz > PIRATINI > CENTRAL DE ATENDIMENTOS > GVG,,pablo-guimaraes,marcielli-bierhals
3342,3435,Atendimento ao usuário Suporte - Damac,6,3,2,2024-01-29 14:27:41+00:00,2024-01-29 14:44:26+00:00,,,ACESSO A SISTEMAS > REDE > RESET DE SENHA,Entidade raiz > PIRATINI > CENTRAL DE ATENDIMENTOS > CASA CIVIL,,silvio-valim,marivete-souza
3185,3278,Exclusão de Usuário // CC - Subchefia do Interior // Clarissa Lima,6,3,2,2024-01-16 09:05:25+00:00,2024-01-19 11:10:24+00:00,,,DTIC > SISTEMAS > REMOÇÃO DE ACESSO SISTEMA,Entidade raiz > PIRATINI > CENTRAL DE ATENDIMENTOS > CASA CIVIL,,"silvio-valim, pablo-guimaraes, miguelangelo, anderson-oliveira",clarissa-avila
3186,3279,Acesso a Sistemas  - FPE - LIBERAR ACESSO,6,3,2,2024-01-16 09:16:49+00:00,2024-01-17 07:52:56+00:00,,,ACESSO A SISTEMAS > SOE > FPE,Entidade raiz > PIRATINI > CENTRAL DE ATENDIMENTOS > CASA CIVIL,,pablo-guimaraes,rodrigo-pias
3187,3280,Acesso a Sistemas Rede Piratini,6,3,2,2024-01-16 09:38:55+00:00,2024-01-19 10:09:54+00:00,,,ACESSO A SISTEMAS > REDE > LIBERAÇÃO DE ACESSO,Entidade raiz > PIRATINI > CENTRAL DE ATENDIMENTOS > CASA CIVIL,,"silvio-valim, pablo-guimaraes, miguelangelo, anderson-oliveira",alba-santos
3188,3281,Atendimento ao usuário Suporte - 21º - Gabinete do Vice-Governador ,6,3,2,2024-01-16 09:43:38+00:00,2024-01-16 17:16:34+00:00,,,AJUDA E SUPORTE > ATENDIMENTO AO USUÁRIO,Entidade raiz > PIRATINI > CENTRAL DE ATENDIMENTOS > GVG,,thales-leite,flavia-silva
3189,3282,Acesso a Sistemas  - GCE - DESBLOQUEAR USUÁRIO,6,3,2,2024-01-16 09:57:12+00:00,2024-01-16 10:16:55+00:00,,,,Entidade raiz > PIRATINI > CENTRAL DE ATENDIMENTOS > CASA MILITAR,,anderson-oliveira,ana-duarte
3190,3283,Reset de senha Rede,6,3,2,2024-01-16 10:03:22+00:00,2024-01-16 10:04:12+00:00,,,ACESSO A SISTEMAS > REDE > RESET DE SENHA,Entidade raiz > PIRATINI > CENTRAL DE ATENDIMENTOS > GG,,anderson-oliveira,"alexandre-almoarqueg, yversen-reis"
3191,3284,Abrir CAU // CC - SAEF // Alba Marquez ,6,3,2,2024-01-16 10:15:38+00:00,2024-01-16 10:15:57+00:00,,,AJUDA E SUPORTE > ATENDIMENTO AO USUÁRIO,Entidade raiz > PIRATINI > CENTRAL DE ATENDIMENTOS > CASA CIVIL,,silvio-valim,silvio-valim
3192,3285,Atendimento ao usuário Suporte - Divisão de patrimônio,6,3,2,2024-01-16 10:31:07+00:00,2024-01-16 11:19:32+00:00,,,AJUDA E SUPORTE > ATENDIMENTO AO USUÁRIO,Entidade raiz > PIRATINI > CENTRAL DE ATENDIMENTOS > CASA MILITAR,,"silvio-valim, anderson-oliveira",fabiane-moraes
3193,3286,Abrir CAU // CC - Subchefia Interior // Clarissa Avila,6,3,2,2024-01-16 10:40:09+00:00,2024-01-16 10:40:25+00:00,,,AJUDA E SUPORTE > ATENDIMENTO AO USUÁRIO,Entidade raiz > PIRATINI > CENTRAL DE ATENDIMENTOS > CASA CIVIL,,silvio-valim,clarissa-avila
3194,3287,Acesso a Sistemas  - GDG - LIBERAR ACESSO,6,3,2,2024-01-16 11:00:50+00:00,2024-01-16 11:02:22+00:00,,,,Entidade raiz > PIRATINI > CENTRAL DE ATENDIMENTOS > GVG,,pablo-guimaraes,carla-calero
3195,3288,Acesso a Sistemas  - FPE - LIBERAR ACESSO,6,3,2,2024-01-16 12:27:45+00:00,2024-01-17 07:58:25+00:00,,,,Entidade raiz > PIRATINI > CENTRAL DE ATENDIMENTOS > GVG,,pablo-guimaraes,marcielli-bierhals
3196,3289,Acesso a Sistemas  - FPE - LIBERAR ACESSO,6,3,2,2024-01-16 12:29:55+00:00,2024-01-17 07:57:30+00:00,,,,Entidade raiz > PIRATINI > CENTRAL DE ATENDIMENTOS > GVG,,pablo-guimaraes,marcielli-bierhals
4383,4489,Rede / Liberação de Acesso / Reset de Senha,6,3,1,2024-06-03 10:04:27+00:00,2024-06-03 10:11:40+00:00,,,ACESSO A SISTEMAS > REDE > RESET DE SENHA,Entidade raiz > PIRATINI > CENTRAL DE ATENDIMENTOS > CASA CIVIL,,anderson-oliveira,rinaldo-silva
3198,3291,Atendimento ao usuário Suporte - Divisão de patrimônio,6,3,2,2024-01-16 12:34:15+00:00,2024-01-16 13:52:17+00:00,,,AJUDA E SUPORTE > INSTALAÇÃO DE EQUIPAMENTOS,Entidade raiz > PIRATINI > CENTRAL DE ATENDIMENTOS > CASA MILITAR,,"silvio-valim, anderson-oliveira",fabiane-moraes
3199,3292,Instalar Equipamento // CM - ADM. FINANÇAS // Frank Carvalho,6,3,2,2024-01-16 14:11:07+00:00,2024-01-16 14:11:20+00:00,,,AJUDA E SUPORTE > INSTALAÇÃO DE EQUIPAMENTOS,Entidade raiz > PIRATINI > CENTRAL DE ATENDIMENTOS > CASA MILITAR,,silvio-valim,fabiane-moraes
3200,3293,Acesso a Sistemas  - FPE - OUTRO,6,3,2,2024-01-16 15:24:26+00:00,2024-01-17 07:54:01+00:00,,,,Entidade raiz > PIRATINI > CENTRAL DE ATENDIMENTOS > CASA CIVIL,,pablo-guimaraes,thais-difini
3201,3294,Acesso a Sistemas  - Geral - OUTRO,6,3,2,2024-01-16 15:38:13+00:00,2024-01-16 16:56:02+00:00,,,,Entidade raiz > PIRATINI > CENTRAL DE ATENDIMENTOS > CASA MILITAR,,"silvio-valim, anderson-oliveira",fabiane-moraes
3202,3295,recuperar Arquivo Onedrive,6,3,2,2024-01-16 16:03:42+00:00,2024-01-16 16:59:28+00:00,,,AJUDA E SUPORTE > ATENDIMENTO AO USUÁRIO,Entidade raiz > PIRATINI > CENTRAL DE ATENDIMENTOS > CASA MILITAR,,"silvio-valim, anderson-oliveira",debora-silva
3203,3296,Mudança de local - CASA MILITAR,6,3,2,2024-01-16 18:14:11+00:00,2024-01-23 11:26:11+00:00,,,DTIC > EQUIPAMENTOS > INSTALAÇÃO,Entidade raiz > PIRATINI > CENTRAL DE ATENDIMENTOS > CASA MILITAR,,"alessandro-vieira, anderson-oliveira",bruno-rien
3204,3297,INCIDENTE  - Cerimonial,6,3,2,2024-01-17 08:59:07+00:00,2024-01-23 11:23:05+00:00,,,DTIC > INFRAESTRUTURA > OUTROS,Entidade raiz > PIRATINI > CENTRAL DE ATENDIMENTOS > GG,,anderson-oliveira,leandro-hardt
3205,3298,Atendimento ao usuário Suporte - GVG,6,3,2,2024-01-17 09:56:24+00:00,2024-01-22 09:24:08+00:00,,,AJUDA E SUPORTE > ATENDIMENTO AO USUÁRIO,Entidade raiz > PIRATINI > CENTRAL DE ATENDIMENTOS > GVG,,"edson-silva, anderson-oliveira, thales-leite",marcielli-bierhals
3206,3299,Equipamentos Danificados,6,3,1,2024-01-17 12:00:00+00:00,2024-02-08 15:03:23+00:00,,,DTIC > EQUIPAMENTOS > MANUTENÇÃO,Entidade raiz > PIRATINI > CENTRAL DE ATENDIMENTOS > CASA CIVIL,Palácio do Piratini > 4° Andar,edson-silva,"gustavo-sehnem, edson-silva"
3207,3300,Atendimento ao usuário Suporte - Defesa Civil,6,3,2,2024-01-17 13:58:06+00:00,2024-02-08 14:59:29+00:00,,,AJUDA E SUPORTE > ATENDIMENTO AO USUÁRIO,Entidade raiz > PIRATINI > CENTRAL DE ATENDIMENTOS > CASA MILITAR,,"edson-silva, leonardo-riela",fabio-rauber
3208,3301,IMPRESSORA,6,3,2,2024-01-17 15:22:33+00:00,2024-01-17 16:31:03+00:00,,,IMPRESSORA,Entidade raiz > PIRATINI > CENTRAL DE ATENDIMENTOS > GVG,,anderson-oliveira,kassiano-fraga
3209,3302,ACESSO A SISTEMAS CADASTRO DE ID PARA IMPRESSÃO,5,3,2,2024-01-18 09:23:19+00:00,2025-10-19 01:17:57+00:00,,,ACESSO A SISTEMAS > NDD,Entidade raiz > PIRATINI > CENTRAL DE ATENDIMENTOS > GG,,anderson-oliveira,luciana-ghiggi
3210,3303,Mudança layout - GVG,6,3,2,2024-01-18 09:37:52+00:00,2024-01-25 09:50:23+00:00,,,AJUDA E SUPORTE > ATENDIMENTO AO USUÁRIO,Entidade raiz > PIRATINI > CENTRAL DE ATENDIMENTOS > GVG,,"edson-silva, alessandro-vieira",marcielli-bierhals
3212,3305,Atendimento ao usuário Suporte - Gabinete do Governador,6,3,2,2024-01-18 10:00:58+00:00,2024-01-22 14:09:45+00:00,,,AJUDA E SUPORTE > ATENDIMENTO AO USUÁRIO,Entidade raiz > PIRATINI > CENTRAL DE ATENDIMENTOS > GG,,"pablo-guimaraes, alessandro-vieira",luciana-ghiggi
3213,3306,Atendimento ao usuário Suporte - Secom,6,3,2,2024-01-18 10:11:29+00:00,2024-01-18 14:07:09+00:00,,,AJUDA E SUPORTE > ATENDIMENTO AO USUÁRIO,Entidade raiz > PIRATINI > CENTRAL DE ATENDIMENTOS > SECOM,,thales-leite,luis-zorzan
3214,3307,Adicionar caminho pasta SCANNER SAEF ,6,3,2,2024-01-18 10:50:03+00:00,2024-01-19 08:19:36+00:00,,,DTIC > EQUIPAMENTOS > CONFIGURAÇÃO,Entidade raiz > PIRATINI > CENTRAL DE ATENDIMENTOS > CASA CIVIL,,jorge-vicente,alba-santos
3215,3308,Configuração de switch Alcatel OS6360-48P // CM - Operações e Gabinete // Lucas Sergio,6,3,2,2024-01-18 11:23:05+00:00,2024-01-18 11:23:49+00:00,,,DTIC > INFRAESTRUTURA,Entidade raiz > PIRATINI > CENTRAL DE ATENDIMENTOS,,,
3216,3309,Computador Arquivos de usuário corrompidos,6,3,1,2024-01-18 12:11:23+00:00,2024-01-18 15:50:14+00:00,,,DTIC > EQUIPAMENTOS > MANUTENÇÃO,Entidade raiz > PIRATINI > CENTRAL DE ATENDIMENTOS > CASA CIVIL,,anderson-oliveira,amanda-bordin
3217,3310,Acesso a Sistemas Rede Piratini,6,3,2,2024-01-18 13:38:31+00:00,2024-01-18 15:19:01+00:00,,,ACESSO A SISTEMAS > REDE > LIBERAÇÃO DE ACESSO,Entidade raiz > PIRATINI > CENTRAL DE ATENDIMENTOS > CASA MILITAR,,anderson-oliveira,paulo-santos
3218,3311,IMPRESSORA,6,3,2,2024-01-18 14:07:13+00:00,2024-02-08 10:48:56+00:00,,,IMPRESSORA,Entidade raiz > PIRATINI > CENTRAL DE ATENDIMENTOS > GG,,jorge-vicente,luciana-ghiggi
3219,3312,Acesso a Sistemas Rede Piratini,6,3,2,2024-01-18 15:43:48+00:00,2024-01-19 11:11:00+00:00,,,ACESSO A SISTEMAS > REDE > LIBERAÇÃO DE ACESSO,Entidade raiz > PIRATINI > CENTRAL DE ATENDIMENTOS > CASA MILITAR,,anderson-oliveira,paulo-santos
3220,3313,Atendimento ao usuário Suporte - Secom - Jornalismo,6,3,2,2024-01-18 18:54:36+00:00,2024-01-19 10:09:12+00:00,,,AJUDA E SUPORTE > ATENDIMENTO AO USUÁRIO,Entidade raiz > PIRATINI > CENTRAL DE ATENDIMENTOS > SECOM,,thales-leite,jean-rangel
3221,3314,Criar pasta Scaner // CC - Suchefia de Assuntos Estratégicos SAEF // Alba Marquez,6,3,2,2024-01-19 09:03:31+00:00,2024-01-19 09:53:37+00:00,,,IMPRESSORA,Entidade raiz > PIRATINI > CENTRAL DE ATENDIMENTOS > CASA CIVIL,,jorge-vicente,alba-santos
3222,3315,Atendimento ao usuário Suporte - subchefia geral,6,3,2,2024-01-19 09:16:03+00:00,2024-01-19 16:57:34+00:00,,,AJUDA E SUPORTE > ATENDIMENTO AO USUÁRIO,Entidade raiz > PIRATINI > CENTRAL DE ATENDIMENTOS > CASA CIVIL,,,luciane-xerxenevsky
3223,3316,Acesso a Sistemas Rede Piratini,6,3,2,2024-01-19 09:23:15+00:00,2024-01-19 09:51:36+00:00,,,ACESSO A SISTEMAS > REDE > LIBERAÇÃO DE ACESSO,Entidade raiz > PIRATINI > CENTRAL DE ATENDIMENTOS > GVG,,jorge-vicente,melissa-bulegon
3224,3317,INCIDENTE  - DPO Cais Mauá,6,3,2,2024-01-19 09:42:23+00:00,2024-01-19 10:45:34+00:00,,,DTIC > INFRAESTRUTURA > OUTROS,Entidade raiz > PIRATINI > CENTRAL DE ATENDIMENTOS > CASA CIVIL,,leonardo-riela,thais-difini
3225,3318,Escanear Documentos Nova Pasta // CC - Saef // Alba Marquez ,6,3,2,2024-01-19 10:23:26+00:00,2024-01-19 10:23:32+00:00,,,AJUDA E SUPORTE > ATENDIMENTO AO USUÁRIO,Entidade raiz > PIRATINI > CENTRAL DE ATENDIMENTOS > CASA CIVIL,,silvio-valim,alba-santos
3226,3319,Renomear Conta e-mail Procergs // SC - Gabinete // Camila Martins,6,3,2,2024-01-19 10:28:04+00:00,2024-01-19 10:28:25+00:00,,,AJUDA E SUPORTE > ATENDIMENTO AO USUÁRIO,Entidade raiz > PIRATINI > CENTRAL DE ATENDIMENTOS > SECOM,,silvio-valim,camila-martins
3229,3322,Acesso a Sistemas  - Geral - LIBERAR ACESSO,6,3,2,2024-01-19 10:53:16+00:00,2024-01-25 09:39:58+00:00,,,,Entidade raiz > PIRATINI > CENTRAL DE ATENDIMENTOS > CASA CIVIL,,pablo-guimaraes,roger-goncalves
3230,3323,OFFICE 365 // ALTERAR PLANO / LICENÇA - Subchefia de Operações,6,3,2,2024-01-19 10:59:54+00:00,2024-01-19 13:49:08+00:00,,,ACESSO A SISTEMAS > OFFICE 365 > EMAIL > ALTERAR PLANO / LICENÇA,Entidade raiz > PIRATINI > CENTRAL DE ATENDIMENTOS > CASA MILITAR,,silvio-valim,paulo-santos
3231,3324,Atendimento ao usuário Suporte - Cerimonial,6,3,2,2024-01-19 11:02:46+00:00,2024-01-22 11:16:29+00:00,,,AJUDA E SUPORTE > ATENDIMENTO AO USUÁRIO,Entidade raiz > PIRATINI > CENTRAL DE ATENDIMENTOS > GG,,"alessandro-vieira, leonardo-riela",leandro-hardt
3232,3325,Acesso a Sistemas Rede Piratini,6,3,2,2024-01-19 11:06:46+00:00,2024-01-19 11:43:33+00:00,,,ACESSO A SISTEMAS > REDE > LIBERAÇÃO DE ACESSO,Entidade raiz > PIRATINI > CENTRAL DE ATENDIMENTOS > CASA MILITAR,,anderson-oliveira,paulo-santos
3233,3326,Configurar WI-fi celular // CC -Subchefia Interior // Juliana Bonnamain ,6,3,2,2024-01-19 13:41:39+00:00,2024-01-19 13:41:51+00:00,,,ACESSO A SISTEMAS > REDE > WIFI,Entidade raiz > PIRATINI > CENTRAL DE ATENDIMENTOS > CASA CIVIL,,silvio-valim,juliana-lima
3234,3327,Espelhar Grupo do SP no Teams // CC - ATA // Francisco Barros,6,3,2,2024-01-19 13:47:40+00:00,2024-01-19 14:01:14+00:00,,,ACESSO A SISTEMAS > OFFICE 365 > CRIAR EQUIPE SHAREPOINT,Entidade raiz > PIRATINI > CENTRAL DE ATENDIMENTOS > CASA CIVIL,,silvio-valim,francisco-barros
3235,3328,INCIDENTE  - CC - Recuros Humanos,6,3,2,2024-01-19 15:54:52+00:00,2024-01-19 16:11:22+00:00,,,DTIC > INFRAESTRUTURA > OUTROS,Entidade raiz > PIRATINI > CENTRAL DE ATENDIMENTOS > CASA CIVIL > Secretaria-Executiva > Subchefia Administrativa > Departamento de Gestão de Atos e Pessoal > Divisão de Gestão de Pessoas,,leonardo-riela,carlos-duarte
3236,3329,Verificar E-mail // CC - Finanças // Vanessa konrath,6,3,2,2024-01-19 15:56:00+00:00,2024-01-22 09:48:41+00:00,,,ACESSO A SISTEMAS > OFFICE 365 > EMAIL,Entidade raiz > PIRATINI > CENTRAL DE ATENDIMENTOS > CASA CIVIL,,silvio-valim,vanessa-konrath
3237,3330,Atendimento ao usuário Suporte - Maua 1050,6,3,2,2024-01-19 17:11:26+00:00,2024-01-19 17:20:50+00:00,,,AJUDA E SUPORTE > ATENDIMENTO AO USUÁRIO,Entidade raiz > PIRATINI > CENTRAL DE ATENDIMENTOS > CASA CIVIL,,anderson-oliveira,maristela-kaminski
3238,3331,Acesso a Sistemas Rede Piratini,6,3,2,2024-01-19 17:24:47+00:00,2024-01-22 08:45:23+00:00,,,ACESSO A SISTEMAS > REDE > LIBERAÇÃO DE ACESSO,Entidade raiz > PIRATINI > CENTRAL DE ATENDIMENTOS > SECOM,,anderson-oliveira,andre-graminho
3239,3332,Acesso a Sistemas Rede Piratini,6,3,2,2024-01-19 17:26:59+00:00,2024-01-22 10:58:44+00:00,,,ACESSO A SISTEMAS > REDE > LIBERAÇÃO DE ACESSO > NOVO USUÁRIO,Entidade raiz > PIRATINI > CENTRAL DE ATENDIMENTOS > SECOM,,anderson-oliveira,andre-graminho
3240,3333,PROA LIBERAR ACESSO A GRUPO,6,3,2,2024-01-19 17:32:55+00:00,2024-01-22 11:30:19+00:00,,,ACESSO A SISTEMAS > SOE > PROA > ADICIONAR A GRUPO,Entidade raiz > PIRATINI > CENTRAL DE ATENDIMENTOS > CASA CIVIL,,miguelangelo,clarissa-avila
3241,3334,Atendimento ao usuário Suporte - DINFO,6,3,2,2024-01-19 17:53:30+00:00,2024-02-20 17:00:18+00:00,,,AJUDA E SUPORTE > ATENDIMENTO AO USUÁRIO,Entidade raiz > PIRATINI > CENTRAL DE ATENDIMENTOS > CASA CIVIL,,anderson-oliveira,cristiane-dias
3356,3449,Atendimento ao usuário Suporte - GVG,6,3,2,2024-01-30 13:33:35+00:00,2024-01-30 16:04:59+00:00,,,AJUDA E SUPORTE > MOVIMENTO DE EQUIPAMENTOS DE TI > REQUISIÇÃO,Entidade raiz > PIRATINI > CENTRAL DE ATENDIMENTOS > GVG,,leonardo-riela,marcielli-bierhals
3242,3335,PROA LIBERAR ACESSO A GRUPO,6,3,2,2024-01-22 10:15:46+00:00,2024-01-22 11:26:24+00:00,,,ACESSO A SISTEMAS > SOE > PROA > ADICIONAR A GRUPO,Entidade raiz > PIRATINI > CENTRAL DE ATENDIMENTOS > CASA MILITAR,,miguelangelo,elisandra-decantam
3243,3336,PROA REMOVER ACESSO A GRUPO,6,3,2,2024-01-22 10:19:40+00:00,2024-01-24 10:20:35+00:00,,,ACESSO A SISTEMAS > SOE > PROA > REMOVER DE GRUPO,Entidade raiz > PIRATINI > CENTRAL DE ATENDIMENTOS > CASA MILITAR,,"miguelangelo, anderson-oliveira",elisandra-decantam
3244,3337,PROA REMOVER ACESSO A GRUPO,6,3,2,2024-01-22 10:23:05+00:00,2024-01-22 11:16:57+00:00,,,ACESSO A SISTEMAS > SOE > PROA > REMOVER DE GRUPO,Entidade raiz > PIRATINI > CENTRAL DE ATENDIMENTOS > CASA MILITAR,,miguelangelo,elisandra-decantam
3245,3338,PROA LIBERAR ACESSO A GRUPO,6,3,2,2024-01-22 10:23:46+00:00,2024-01-22 11:43:20+00:00,,,ACESSO A SISTEMAS > SOE > PROA > ADICIONAR A GRUPO,Entidade raiz > PIRATINI > CENTRAL DE ATENDIMENTOS > CASA MILITAR,,miguelangelo,paulo-vogt
3246,3339,Acesso a Sistemas  - FPE - LIBERAR ACESSO,6,3,2,2024-01-22 10:38:35+00:00,2024-01-23 13:26:26+00:00,,,,Entidade raiz > PIRATINI > CENTRAL DE ATENDIMENTOS > GG,,pablo-guimaraes,joao-bomfim
3247,3340,Problema com impressora \ Operações CM \ Roberta,6,3,2,2024-01-22 12:00:00+00:00,2024-01-22 12:00:00+00:00,,,,Entidade raiz > PIRATINI > CENTRAL DE ATENDIMENTOS > CASA MILITAR,,alessandro-vieira,roberta-martins
3248,3341,mudança máquinas \ SPH \ Aline e outros,6,3,2,2024-01-22 11:35:48+00:00,2024-01-22 11:36:09+00:00,,,,Entidade raiz > PIRATINI > CENTRAL DE ATENDIMENTOS > CASA CIVIL,,"alessandro-vieira, thales-leite",aline-oliveira
3249,3342,OFFICE 365 // ALTERAR PLANO / LICENÇA - GVG,6,3,2,2024-01-22 13:30:35+00:00,2024-01-22 15:09:42+00:00,,,ACESSO A SISTEMAS > OFFICE 365 > EMAIL > ALTERAR PLANO / LICENÇA,Entidade raiz > PIRATINI > CENTRAL DE ATENDIMENTOS > GVG,,anderson-oliveira,bruna-borges
3250,3343,INCIDENTE  - GVG,6,3,2,2024-01-22 14:18:42+00:00,2024-01-23 17:09:39+00:00,,,DTIC > INFRAESTRUTURA > OUTROS,Entidade raiz > PIRATINI > CENTRAL DE ATENDIMENTOS > GVG,,anderson-oliveira,"larissa-winckler, marcielli-bierhals"
3251,3344,EQUIPAMENTOS IMPRESSORA ATOLAMENTO - Gabinete da Casa Civil ,6,3,2,2024-01-22 14:36:47+00:00,2024-01-22 14:52:36+00:00,,,IMPRESSORA > ATOLAMENTO,Entidade raiz > PIRATINI > CENTRAL DE ATENDIMENTOS > CASA CIVIL,,anderson-oliveira,abigail-correa
3252,3345,Instalação de Access Point // GG - Masmorra // Bruno Rien,6,3,2,2024-01-22 15:35:04+00:00,2024-01-24 15:19:20+00:00,,,DTIC > INFRAESTRUTURA > WI-FI,Entidade raiz > PIRATINI > CENTRAL DE ATENDIMENTOS > GG,,,bruno-rien
3253,3346,Acesso a Sistemas  - GDG - LIBERAR ACESSO,6,3,2,2024-01-22 16:49:06+00:00,2024-01-23 10:32:21+00:00,,,,Entidade raiz > PIRATINI > CENTRAL DE ATENDIMENTOS > GG,,pablo-guimaraes,jovana-fonseca
3435,3528,secom \ instalação de programa \ Juliana Fernandes,6,3,2,2024-02-07 12:00:00+00:00,2024-02-07 12:00:00+00:00,,,AJUDA E SUPORTE > ATENDIMENTO AO USUÁRIO,Entidade raiz > PIRATINI > CENTRAL DE ATENDIMENTOS > SECOM,,alessandro-vieira,juliana-fernandes
3254,3347,"OFFICE 365 // ASSESSORIA ESPECÍFICA  - Rua Andrade Neves, 106 11º andar",6,3,2,2024-01-22 16:51:12+00:00,2024-01-23 17:07:06+00:00,,,ACESSO A SISTEMAS > OFFICE 365,Entidade raiz > PIRATINI > CENTRAL DE ATENDIMENTOS > CASA MILITAR,,pablo-guimaraes,felipe-doyle
3255,3348,OFFICE 365 // ALTERAR PLANO / LICENÇA - GABINETE CASA MILITAR,6,3,2,2024-01-22 18:36:24+00:00,2024-01-23 16:58:51+00:00,,,ACESSO A SISTEMAS > OFFICE 365 > EMAIL > ALTERAR PLANO / LICENÇA,Entidade raiz > PIRATINI > CENTRAL DE ATENDIMENTOS > CASA MILITAR,,silvio-valim,roberta-martins
3256,3349,Bloqueio no uso do navegador e internet,6,3,1,2024-01-23 09:14:21+00:00,2024-01-23 09:40:11+00:00,,,AJUDA E SUPORTE > ATENDIMENTO AO USUÁRIO,Entidade raiz > PIRATINI > CENTRAL DE ATENDIMENTOS > CASA CIVIL,CAFF > 1° Andar - Ouvidoria,thales-leite,ana-werutsky
3257,3350,Atendimento ao usuário Suporte - Departamento de Conservacao e Memoria ,6,3,2,2024-01-23 09:18:51+00:00,2024-01-23 14:01:56+00:00,,,ACESSO A SISTEMAS > OFFICE 365 > EMAIL > ALTERAR PLANO / LICENÇA,Entidade raiz > PIRATINI > CENTRAL DE ATENDIMENTOS > GG,,silvio-valim,taizi-nunes
3258,3351,Excluir conta Office // CC - DTIC // Guilherme Ferreira ,6,3,2,2024-01-23 09:19:52+00:00,2024-01-23 09:20:30+00:00,,,ACESSO A SISTEMAS > OFFICE 365 > EMAIL > EXCLUSÃO,Entidade raiz > PIRATINI > CENTRAL DE ATENDIMENTOS > CASA CIVIL,,silvio-valim,
3259,3352,Atendimento ao usuário Suporte - Departamento de Compras e Contratos,6,3,2,2024-01-23 09:20:10+00:00,2024-01-23 16:55:28+00:00,,,AJUDA E SUPORTE > ATENDIMENTO AO USUÁRIO,Entidade raiz > PIRATINI > CENTRAL DE ATENDIMENTOS > CASA CIVIL,,,marcio-pias
3260,3353,Atendimento ao usuário Suporte - CC/DPO,6,3,2,2024-01-23 09:22:07+00:00,2024-01-23 16:53:52+00:00,,,AJUDA E SUPORTE > ATENDIMENTO AO USUÁRIO,Entidade raiz > PIRATINI > CENTRAL DE ATENDIMENTOS > CASA CIVIL,,leonardo-riela,renato-costa
3261,3354,Atendimento ao usuário Suporte - Departamento de Compras e contratos,6,3,2,2024-01-23 09:24:54+00:00,2024-01-23 13:28:10+00:00,,,AJUDA E SUPORTE > ATENDIMENTO AO USUÁRIO,Entidade raiz > PIRATINI > CENTRAL DE ATENDIMENTOS > CASA CIVIL,,"pablo-guimaraes, leonardo-riela",zeni-santos
3262,3355,Atendimento ao usuário Suporte - ADMINISTRATIVO,6,3,2,2024-01-23 09:35:58+00:00,2024-01-23 10:11:19+00:00,,,DTIC > SISTEMAS > ALTERAÇÃO DE ACESSO,Entidade raiz > PIRATINI > CENTRAL DE ATENDIMENTOS > SECOM,,pablo-guimaraes,andre-graminho
3263,3356,Atendimento ao usuário Suporte - jornalismo,6,3,2,2024-01-23 09:42:15+00:00,2024-01-23 09:47:29+00:00,,,DTIC > SISTEMAS > ALTERAÇÃO DE ACESSO,Entidade raiz > PIRATINI > CENTRAL DE ATENDIMENTOS > SECOM,,anderson-oliveira,andre-graminho
3264,3357,Migrar Office E3 // CM - Operações // Magnus Silva,6,3,2,2024-01-23 09:48:02+00:00,2024-01-23 09:48:21+00:00,,,ACESSO A SISTEMAS > OFFICE 365 > EMAIL > ALTERAR PLANO / LICENÇA,Entidade raiz > PIRATINI > CENTRAL DE ATENDIMENTOS > CASA MILITAR,,silvio-valim,magnus-silva
3278,3371,Atendimento ao usuário Suporte - RS Seguro- Gabinete do Governador ,6,3,2,2024-01-23 17:53:59+00:00,2024-01-24 10:01:47+00:00,,,ACESSO A SISTEMAS > SOE > PROA > REMOVER DE GRUPO,Entidade raiz > PIRATINI > CENTRAL DE ATENDIMENTOS > GVG,,miguelangelo,thayse-prado
3265,3358,Criação de túnel // CC - Gabinete // ,6,3,2,2024-01-23 09:57:23+00:00,2024-01-24 15:19:42+00:00,,,ACESSO A SISTEMAS > REDE > TÚNEL PROCERGS,Entidade raiz > PIRATINI > CENTRAL DE ATENDIMENTOS > CASA CIVIL,,,
3266,3359,OFFICE 365 // ASSESSORIA ESPECÍFICA  - Cais Mauá ,6,3,2,2024-01-23 10:00:45+00:00,2024-01-23 16:53:00+00:00,,,ACESSO A SISTEMAS > OFFICE 365,Entidade raiz > PIRATINI > CENTRAL DE ATENDIMENTOS > CASA CIVIL,,leonardo-riela,marilia-castro
3267,3360,Excluir Plano Office E1 // GG - Gabinete,6,3,2,2024-01-23 10:12:10+00:00,2024-01-23 10:12:27+00:00,,,ACESSO A SISTEMAS > OFFICE 365 > EMAIL > EXCLUSÃO,Entidade raiz > PIRATINI > CENTRAL DE ATENDIMENTOS > GG,,silvio-valim,natyele-silva
3268,3361,Alterar Licença E1 // GG - Arquitetura // Miguel Mendes,6,3,2,2024-01-23 11:24:45+00:00,2024-01-23 11:24:54+00:00,,,ACESSO A SISTEMAS > OFFICE 365 > EMAIL > ALTERAR PLANO / LICENÇA,Entidade raiz > PIRATINI > CENTRAL DE ATENDIMENTOS > GG,,silvio-valim,miguel-mendes
3269,3362,Migrar Office E3 // CM - Operações // Felipe Doyle,6,3,2,2024-01-23 11:29:04+00:00,2024-01-23 11:29:17+00:00,,,ACESSO A SISTEMAS > OFFICE 365 > EMAIL > ALTERAR PLANO / LICENÇA,Entidade raiz > PIRATINI > CENTRAL DE ATENDIMENTOS > CASA MILITAR,,silvio-valim,felipe-doyle
3270,3363,Acesso a Sistemas Rede Piratini,6,3,2,2024-01-23 13:47:55+00:00,2024-01-23 14:01:00+00:00,,,ACESSO A SISTEMAS > REDE > LIBERAÇÃO DE ACESSO,Entidade raiz > PIRATINI > CENTRAL DE ATENDIMENTOS > CASA MILITAR,,anderson-oliveira,paulo-santos
3271,3364,Migrar Office E3 // CM - Operações // Michele Garcia,6,3,2,2024-01-23 14:11:00+00:00,2024-01-23 14:11:12+00:00,,,ACESSO A SISTEMAS > OFFICE 365 > EMAIL > ALTERAR PLANO / LICENÇA,Entidade raiz > PIRATINI > CENTRAL DE ATENDIMENTOS > CASA MILITAR,,silvio-valim,michele-pires
3272,3365,Atendimento ao usuário Suporte - Gabinete do Vice-Governador ,6,3,2,2024-01-23 14:21:59+00:00,2024-02-16 09:03:04+00:00,,,DTIC > EQUIPAMENTOS > INSTALAÇÃO > IMPRESSORA,Entidade raiz > PIRATINI > CENTRAL DE ATENDIMENTOS > GVG,,"jorge-vicente, edson-silva",marcielli-bierhals
3273,3366,Teste Wi-Fi MP // CC - DTIC // Lucas Sergio,6,3,2,2024-01-23 16:18:08+00:00,2024-01-23 16:19:00+00:00,,,ACESSO A SISTEMAS > REDE > WIFI,Entidade raiz > PIRATINI > CENTRAL DE ATENDIMENTOS > CASA CIVIL,,,
3274,3367,Atendimento ao usuário Suporte - GVG,6,3,2,2024-01-23 17:00:28+00:00,2024-01-24 17:03:52+00:00,,,DTIC > EQUIPAMENTOS > CONFIGURAÇÃO,Entidade raiz > PIRATINI > CENTRAL DE ATENDIMENTOS > GVG,,thales-leite,marcielli-bierhals
3275,3368,Acesso a Sistemas  - Geral - OUTRO,6,3,2,2024-01-23 17:11:49+00:00,2024-02-09 09:14:26+00:00,,,ACESSO A SISTEMAS > OFFICE 365 > EMAIL > ALTERAR PLANO / LICENÇA,Entidade raiz > PIRATINI > CENTRAL DE ATENDIMENTOS > CASA MILITAR,,silvio-valim,ana-duarte
3276,3369,INCIDENTE  - ouvidoria geral,6,3,2,2024-01-23 17:31:05+00:00,2024-01-24 10:43:32+00:00,,,DTIC > INFRAESTRUTURA > OUTROS,Entidade raiz > PIRATINI > CENTRAL DE ATENDIMENTOS > CASA CIVIL,,leonardo-riela,regina-costa
3277,3370,Atendimento ao usuário Suporte - GVG,6,3,2,2024-01-23 17:34:11+00:00,2024-01-24 17:05:23+00:00,,,AJUDA E SUPORTE > ATENDIMENTO AO USUÁRIO,Entidade raiz > PIRATINI > CENTRAL DE ATENDIMENTOS > GVG,,thales-leite,marcielli-bierhals
3279,3372,Atendimento ao usuário Suporte - Departamento de Gestão Documental e de Bens Materiais e Patrimoniais,6,3,2,2024-01-24 09:17:43+00:00,2024-01-26 16:25:33+00:00,,,ACESSO A SISTEMAS > SOE > FPE,Entidade raiz > PIRATINI > CENTRAL DE ATENDIMENTOS > CASA CIVIL,,pablo-guimaraes,diego-mattiello
3280,3373,Atendimento ao usuário Suporte - GABINETE DO GOVERNADOR - 3 ANDAR Departamento de Gestão e Documentação do Gabinete do Governador,6,3,2,2024-01-24 09:32:39+00:00,2024-01-24 14:52:48+00:00,,,AJUDA E SUPORTE > ATENDIMENTO AO USUÁRIO,Entidade raiz > PIRATINI > CENTRAL DE ATENDIMENTOS > GG,,alessandro-vieira,jovana-fonseca
3281,3374,Acesso a Sistemas  - GDG - REMOVER ACESSO,6,3,2,2024-01-24 09:36:15+00:00,2024-01-24 10:03:13+00:00,,,DTIC > SISTEMAS > REMOÇÃO DE ACESSO SISTEMA,Entidade raiz > PIRATINI > CENTRAL DE ATENDIMENTOS > GG,,miguelangelo,jovana-fonseca
3282,3375,Atendimento ao usuário Suporte - jornalismo,6,3,2,2024-01-24 09:37:00+00:00,2024-01-24 09:45:18+00:00,,,DTIC > SISTEMAS > ALTERAÇÃO DE ACESSO,Entidade raiz > PIRATINI > CENTRAL DE ATENDIMENTOS > SECOM,,anderson-oliveira,andre-graminho
3283,3376,Acesso a Sistemas  - GDG - REMOVER ACESSO,6,3,2,2024-01-24 09:37:46+00:00,2024-01-24 10:01:05+00:00,,,DTIC > SISTEMAS > REMOÇÃO DE ACESSO SISTEMA,Entidade raiz > PIRATINI > CENTRAL DE ATENDIMENTOS > GG,,miguelangelo,jovana-fonseca
3284,3377,Acesso a Sistemas  - GDG - REMOVER ACESSO,6,3,2,2024-01-24 09:39:08+00:00,2024-01-24 09:58:48+00:00,,,DTIC > SISTEMAS > REMOÇÃO DE ACESSO SISTEMA,Entidade raiz > PIRATINI > CENTRAL DE ATENDIMENTOS > GG,,miguelangelo,jovana-fonseca
3285,3378,Acesso a Sistemas  - GDG - LIBERAR ACESSO,6,3,2,2024-01-24 09:42:44+00:00,2024-01-24 09:59:25+00:00,,,,Entidade raiz > PIRATINI > CENTRAL DE ATENDIMENTOS > GG,,miguelangelo,jovana-fonseca
3286,3379,Acesso a Sistemas  - GDG - LIBERAR ACESSO,6,3,2,2024-01-24 09:46:13+00:00,2024-01-24 10:14:20+00:00,,,,Entidade raiz > PIRATINI > CENTRAL DE ATENDIMENTOS > GG,,miguelangelo,jovana-fonseca
3287,3380,Acesso a Sistemas  - GDG - LIBERAR ACESSO,6,3,2,2024-01-24 09:53:41+00:00,2024-01-24 10:16:06+00:00,,,,Entidade raiz > PIRATINI > CENTRAL DE ATENDIMENTOS > GG,,miguelangelo,jovana-fonseca
3288,3381,Atendimento ao usuário Suporte - ADMINISTRATIVO,6,3,2,2024-01-24 10:17:58+00:00,2024-01-24 13:51:27+00:00,,,AJUDA E SUPORTE > ATENDIMENTO AO USUÁRIO,Entidade raiz > PIRATINI > CENTRAL DE ATENDIMENTOS > SECOM,,anderson-oliveira,andre-graminho
3289,3382,Acesso a Sistemas  - SGM - LIBERAR ACESSO,6,3,2,2024-01-24 10:25:05+00:00,2024-01-25 09:37:06+00:00,,,,Entidade raiz > PIRATINI > CENTRAL DE ATENDIMENTOS > CASA CIVIL,,pablo-guimaraes,almeris-junior
3290,3383,Acesso a Sistemas  - FPE - OUTRO,6,3,2,2024-01-24 10:27:24+00:00,2024-01-25 16:38:09+00:00,,,,Entidade raiz > PIRATINI > CENTRAL DE ATENDIMENTOS > CASA CIVIL,,pablo-guimaraes,yasmine-freitas
3291,3384,Acesso a Sistemas  - PROA - DESBLOQUEAR USUÁRIO,6,3,2,2024-01-24 11:12:50+00:00,2024-01-24 11:29:04+00:00,,,,Entidade raiz > PIRATINI > CENTRAL DE ATENDIMENTOS > CASA CIVIL,,anderson-oliveira,melissa-costa
3292,3385,Atendimento ao usuário Suporte - GABINETE DO GOVERNADOR - 3 ANDAR Departamento de Gestão e Documentação do Gabinete do Governador,6,3,2,2024-01-24 11:32:15+00:00,2024-01-24 14:51:26+00:00,,,AJUDA E SUPORTE > ATENDIMENTO AO USUÁRIO,Entidade raiz > PIRATINI > CENTRAL DE ATENDIMENTOS > GG,,"alessandro-vieira, thales-leite",jovana-fonseca
3293,3386,Atendimento ao usuário Suporte - GVG,6,3,2,2024-01-24 13:21:11+00:00,2024-01-25 15:34:35+00:00,,,ACESSO A SISTEMAS > OFFICE 365 > EMAIL > NOVO USUÁRIO,Entidade raiz > PIRATINI > CENTRAL DE ATENDIMENTOS > GVG,,anderson-oliveira,marcielli-bierhals
3294,3387,Atendimento ao usuário Suporte - GVG,6,3,2,2024-01-24 14:51:42+00:00,2024-01-24 15:30:31+00:00,,,AJUDA E SUPORTE > ATENDIMENTO AO USUÁRIO,Entidade raiz > PIRATINI > CENTRAL DE ATENDIMENTOS > GVG,,,marcielli-bierhals
3295,3388,Criação de túnel // CC - Gabinete // ,6,3,2,2024-01-24 14:52:33+00:00,2024-01-26 08:55:10+00:00,,,ACESSO A SISTEMAS > TÚNEL PROCERGS,Entidade raiz > PIRATINI > CENTRAL DE ATENDIMENTOS > CASA CIVIL,,,
3296,3389,Acesso a Sistemas Rede Piratini,6,3,2,2024-01-24 15:40:05+00:00,2024-01-24 15:49:20+00:00,,,ACESSO A SISTEMAS > REDE > LIBERAÇÃO DE ACESSO,Entidade raiz > PIRATINI > CENTRAL DE ATENDIMENTOS > CASA MILITAR,,jorge-vicente,paulo-santos
3297,3390,Acesso a Sistemas Rede Piratini,6,3,2,2024-01-24 16:53:39+00:00,2024-01-24 17:04:25+00:00,,,ACESSO A SISTEMAS > REDE > RESET DE SENHA,Entidade raiz > PIRATINI > CENTRAL DE ATENDIMENTOS > CASA MILITAR,,anderson-oliveira,paulo-santos
3298,3391,Acesso a Sistemas Rede Piratini,6,3,2,2024-01-24 17:00:43+00:00,2024-01-24 17:12:22+00:00,,,ACESSO A SISTEMAS > REDE > LIBERAÇÃO DE ACESSO,Entidade raiz > PIRATINI > CENTRAL DE ATENDIMENTOS > CASA MILITAR,,,paulo-santos
3299,3392,Acesso a Sistemas Rede Piratini,6,3,2,2024-01-24 17:04:14+00:00,2024-01-25 15:33:30+00:00,,,ACESSO A SISTEMAS > REDE > RESET DE SENHA,Entidade raiz > PIRATINI > CENTRAL DE ATENDIMENTOS > CASA MILITAR,,anderson-oliveira,paulo-santos
3300,3393,Busca de Arquivos // CC - ASTEC // Yversen Reis,6,3,2,2024-01-25 09:09:28+00:00,2024-01-25 09:09:57+00:00,,,AJUDA E SUPORTE > ATENDIMENTO AO USUÁRIO,Entidade raiz > PIRATINI > CENTRAL DE ATENDIMENTOS > GG,,silvio-valim,yversen-reis
3301,3394,Atendimento ao usuário Suporte - Dep. Relações Federativas,6,3,2,2024-01-25 09:24:44+00:00,2024-01-25 09:40:48+00:00,,,AJUDA E SUPORTE > ATENDIMENTO AO USUÁRIO,Entidade raiz > PIRATINI > CENTRAL DE ATENDIMENTOS > CASA CIVIL,,"silvio-valim, anderson-oliveira",magda-bueno
3302,3395,Mudança de local do Computador // CC - SAEF // RogER Coimbra - Rose Minho,6,3,2,2024-01-25 09:45:48+00:00,2024-01-25 09:45:54+00:00,,,AJUDA E SUPORTE > INSTALAÇÃO DE EQUIPAMENTOS,Entidade raiz > PIRATINI > CENTRAL DE ATENDIMENTOS > CASA CIVIL,,silvio-valim,rose-santos
4409,4515,Ajuda e Suporte\ Manutenção de Equipamento,6,3,1,2024-06-04 16:23:02+00:00,2024-06-04 16:24:12+00:00,,,DTIC > EQUIPAMENTOS > MANUTENÇÃO,Entidade raiz > PIRATINI > CENTRAL DE ATENDIMENTOS > CASA CIVIL,,"jorge-vicente, anderson-oliveira",
3303,3396,OFFICE 365 // ASSESSORIA ESPECÍFICA  - Protocolo,6,3,2,2024-01-25 10:21:27+00:00,2024-01-25 14:34:14+00:00,,,ACESSO A SISTEMAS > OFFICE 365,Entidade raiz > PIRATINI > CENTRAL DE ATENDIMENTOS > CASA CIVIL,,"silvio-valim, anderson-oliveira, leonardo-riela",deborah-goes
3304,3397,Acesso a Sistemas  - Túnel PROCERGS - LIBERAR ACESSO,6,3,2,2024-01-25 10:34:14+00:00,2024-01-25 11:45:33+00:00,,,ACESSO A SISTEMAS > REDE > TÚNEL PROCERGS,Entidade raiz > PIRATINI > CENTRAL DE ATENDIMENTOS > CASA CIVIL,,anderson-oliveira,maria-mollmann
3305,3398,Retirar Conta do Webex // CC - Subchefia Geral // Vinicius Gazoni,6,3,2,2024-01-25 10:35:44+00:00,2024-01-25 11:40:02+00:00,,,AJUDA E SUPORTE > ATENDIMENTO AO USUÁRIO,Entidade raiz > PIRATINI > CENTRAL DE ATENDIMENTOS > CASA CIVIL,,"silvio-valim, anderson-oliveira",vinicius-gazoni
3306,3399,Atendimento ao usuário Suporte - Recepção do Gabinete da SECOM,6,3,2,2024-01-25 10:48:40+00:00,2024-01-25 15:18:43+00:00,,,AJUDA E SUPORTE > ATENDIMENTO AO USUÁRIO,Entidade raiz > PIRATINI > CENTRAL DE ATENDIMENTOS > SECOM,,thales-leite,luis-zorzan
3307,3400,INGRESSO DE SERVIDOR,6,4,2,2024-01-25 11:03:49+00:00,2024-01-25 17:48:01+00:00,,,,Entidade raiz > PIRATINI > CENTRAL DE ATENDIMENTOS > CASA CIVIL > Secretaria-Executiva > Subchefia Administrativa > Departamento de Gestão de Atos e Pessoal > Divisão de Gestão de Pessoas,,"pablo-guimaraes, anderson-oliveira",silvia-leopoldino
3308,3401,Acesso ao SP SAA // CC - Subchefia Administrativa // Aline Filter,6,3,2,2024-01-25 11:16:14+00:00,2024-01-25 11:16:29+00:00,,,ACESSO A SISTEMAS > OFFICE 365 > CRIAR EQUIPE SHAREPOINT,Entidade raiz > PIRATINI > CENTRAL DE ATENDIMENTOS > CASA CIVIL,,silvio-valim,aline-oliveira
3309,3402,Atendimento ao usuário Suporte - Cerimonial,6,3,2,2024-01-25 11:40:47+00:00,2024-01-30 16:08:40+00:00,,,AJUDA E SUPORTE > INSTALAÇÃO DE SOFTWARE,Entidade raiz > PIRATINI > CENTRAL DE ATENDIMENTOS > GG,,,leandro-hardt
3310,3403,Impressora com Problema // GG - Cerimonial (P&#38;B) // HP MFP E52645c,6,3,1,2024-01-25 11:43:04+00:00,2024-01-30 11:33:13+00:00,,,IMPRESSORA > ATOLAMENTO,Entidade raiz > PIRATINI > CENTRAL DE ATENDIMENTOS > GG,Palácio do Piratini > 4° Andar,jorge-vicente,leandro-hardt
3311,3404,Atendimento ao usuário Suporte - ADMINISTRATIVO,6,3,2,2024-01-25 11:50:06+00:00,2024-01-25 14:10:45+00:00,,,AJUDA E SUPORTE > ATENDIMENTO AO USUÁRIO,Entidade raiz > PIRATINI > CENTRAL DE ATENDIMENTOS > SECOM,,thales-leite,andre-graminho
3312,3405,Atendimento ao usuário Suporte - CAIXA DO BANRISUL,6,3,2,2024-01-25 13:59:28+00:00,2024-01-25 14:09:01+00:00,,,AJUDA E SUPORTE > ATENDIMENTO AO USUÁRIO,Entidade raiz > PIRATINI > CENTRAL DE ATENDIMENTOS > SECOM,,,andre-graminho
3313,3406,Ajustar Ramais // CC - DTIC // Silvio Valim,6,3,2,2024-01-25 14:15:10+00:00,2024-01-25 14:15:23+00:00,,,ACESSO A SISTEMAS > OFFICE 365,Entidade raiz > PIRATINI > CENTRAL DE ATENDIMENTOS > CASA CIVIL,,silvio-valim,silvio-valim
3314,3407,Atendimento ao usuário Suporte - Departamento de Gestão Documental e de Bens Materiais e Patrimoniais,6,3,2,2024-01-25 14:25:27+00:00,2024-01-29 15:24:20+00:00,,,ACESSO A SISTEMAS,Entidade raiz > PIRATINI > CENTRAL DE ATENDIMENTOS > CASA CIVIL,,"pablo-guimaraes, miguelangelo, anderson-oliveira, leonardo-riela",diego-mattiello
3338,3431,Atendimento ao usuário Suporte - DAMAC,6,3,2,2024-01-29 12:03:29+00:00,2024-01-29 13:01:10+00:00,,,AJUDA E SUPORTE > ATENDIMENTO AO USUÁRIO,Entidade raiz > PIRATINI > CENTRAL DE ATENDIMENTOS > CASA CIVIL,,silvio-valim,nelci-bock
3315,3408,OUTLOOK // ADICIONAR/EXCLUIR USUÁRIO DE CAIXA COMPARTILHADA - Ouvidoria Geral- CAFF,6,3,2,2024-01-25 14:49:52+00:00,2024-01-25 15:34:12+00:00,,,ACESSO A SISTEMAS > OFFICE 365 > EMAIL > CAIXA COMPARTILHADA,Entidade raiz > PIRATINI > CENTRAL DE ATENDIMENTOS > CASA CIVIL,,jorge-vicente,regina-costa
3316,3409,INCIDENTE  - Cerimonial,6,3,2,2024-01-25 15:10:58+00:00,2024-01-30 15:33:42+00:00,,,DTIC > INFRAESTRUTURA > OUTROS,Entidade raiz > PIRATINI > CENTRAL DE ATENDIMENTOS > GG,,edson-silva,joao-bomfim
3317,3410,Atendimento ao usuário Suporte - CASA MILITAR,6,3,2,2024-01-25 16:15:55+00:00,2024-03-22 08:59:55+00:00,,,AJUDA E SUPORTE > MOVIMENTO DE EQUIPAMENTOS DE TI > REQUISIÇÃO,Entidade raiz > PIRATINI > CENTRAL DE ATENDIMENTOS > GG,,"alessandro-vieira, anderson-oliveira",bruno-rien
3318,3411,Acesso a Sistemas  - GDG - LIBERAR ACESSO,6,3,2,2024-01-25 16:21:39+00:00,2024-01-25 16:30:10+00:00,,,,Entidade raiz > PIRATINI > CENTRAL DE ATENDIMENTOS > GG,,pablo-guimaraes,jovana-fonseca
3319,3412,Movimentação de Impressora // CC - Gabinete // HP MFP E78330z,6,3,1,2024-01-25 16:27:59+00:00,2024-02-05 12:01:20+00:00,,,DTIC > EQUIPAMENTOS > INSTALAÇÃO > IMPRESSORA,Entidade raiz > PIRATINI > CENTRAL DE ATENDIMENTOS > CASA CIVIL,,jorge-vicente,paulo-nunes
3320,3413,Acesso a Sistemas  - GDG - REMOVER ACESSO,6,3,2,2024-01-25 17:00:54+00:00,2024-01-26 10:26:15+00:00,,,,Entidade raiz > PIRATINI > CENTRAL DE ATENDIMENTOS > GG,,miguelangelo,jovana-fonseca
3321,3414,Atendimento ao usuário Suporte - GABINETE,6,3,2,2024-01-25 17:06:33+00:00,2024-01-25 17:13:45+00:00,,,ACESSO A SISTEMAS > REDE > RESET DE SENHA,Entidade raiz > PIRATINI > CENTRAL DE ATENDIMENTOS > SECOM,,anderson-oliveira,andre-graminho
3322,3415,Incidente piratinipaefs02 sem espaço D: // CC - DTI // Flavio Bezerra,6,3,1,2024-01-26 08:57:18+00:00,2024-01-30 10:37:37+00:00,,,DTIC > INFRAESTRUTURA,Entidade raiz > PIRATINI > CENTRAL DE ATENDIMENTOS > SECOM,,,andre-graminho
3323,3416,Acesso a Sistemas  - RHE - OUTRO,6,3,2,2024-01-26 10:04:17+00:00,2024-01-29 12:59:43+00:00,,,,Entidade raiz > PIRATINI > CENTRAL DE ATENDIMENTOS > CASA CIVIL,,"silvio-valim, pablo-guimaraes",mirella-bernardi
3324,3417,INCIDENTE  - Subchefia de Operações,6,3,2,2024-01-26 10:08:02+00:00,2024-01-26 15:08:14+00:00,,,DTIC > INFRAESTRUTURA > OUTROS,Entidade raiz > PIRATINI > CENTRAL DE ATENDIMENTOS > CASA MILITAR,,alessandro-vieira,paulo-santos
3325,3418,Atendimento ao usuário Suporte - Divisão de Protocolo e Gerenciamento de Arquivos,6,3,2,2024-01-26 10:30:24+00:00,2024-01-26 14:08:54+00:00,,,DTIC > SISTEMAS > REMOÇÃO DE ACESSO SISTEMA,Entidade raiz > PIRATINI > CENTRAL DE ATENDIMENTOS > CASA CIVIL,,anderson-oliveira,diego-mattiello
3339,3432,Atendimento ao usuário Suporte - DCMPP,6,3,2,2024-01-29 12:08:37+00:00,2024-02-14 17:39:28+00:00,,,DTIC > INFRAESTRUTURA > PROJETOS,Entidade raiz > PIRATINI > CENTRAL DE ATENDIMENTOS > GG,,paulo-nunes,lorena-vieira
3326,3419,OFFICE 365 //ALIAS DE EMAIL - CC-Gabinete,6,3,2,2024-01-26 14:21:24+00:00,2024-01-26 14:26:47+00:00,,,ACESSO A SISTEMAS > OFFICE 365 > EMAIL,Entidade raiz > PIRATINI > CENTRAL DE ATENDIMENTOS > CASA CIVIL,,anderson-oliveira,mariela-dorneles
3327,3420,Foi informado pela Flavia por intermédio do colega Edson da DTIC Casa ,6,3,1,2024-01-26 15:05:35+00:00,2024-01-26 15:07:32+00:00,,,AJUDA E SUPORTE > ATENDIMENTO AO USUÁRIO,Entidade raiz > PIRATINI > CENTRAL DE ATENDIMENTOS > GVG > Chefia de Gabinete do Vice-Governador,,thales-leite,flavia-silva
3328,3421,Acesso a Sistemas  - SOE Web - DESBLOQUEAR USUÁRIO,6,3,2,2024-01-26 16:14:57+00:00,2024-01-26 16:21:01+00:00,,,,Entidade raiz > PIRATINI > CENTRAL DE ATENDIMENTOS > SECOM,,anderson-oliveira,mikaelly-bueno
3329,3422,Acesso a Sistemas  - SOE Web - DESBLOQUEAR USUÁRIO,6,3,2,2024-01-26 16:34:25+00:00,2024-01-30 08:31:33+00:00,,,,Entidade raiz > PIRATINI > CENTRAL DE ATENDIMENTOS > SECOM,,"miguelangelo, anderson-oliveira",mikaelly-bueno
3330,3423,Realização de infraestrutura física // SECOM - Gabinete // ,6,3,2,2024-01-29 08:34:27+00:00,2024-04-12 13:08:47+00:00,,,DTIC > INFRAESTRUTURA,Entidade raiz > PIRATINI > CENTRAL DE ATENDIMENTOS > SECOM,,,daiane-beck
3331,3424,Acesso a Sistemas Rede Piratini,6,3,2,2024-01-29 09:24:08+00:00,2024-02-09 10:04:31+00:00,,,DTIC > EQUIPAMENTOS > CONFIGURAÇÃO,Entidade raiz > PIRATINI > CENTRAL DE ATENDIMENTOS > SECOM,,"alessandro-vieira, anderson-oliveira",marcio-kochhann
3332,3425,Atendimento ao usuário Suporte - DAMAC,6,3,2,2024-01-29 09:57:05+00:00,2024-01-29 16:33:30+00:00,,,AJUDA E SUPORTE > ATENDIMENTO AO USUÁRIO,Entidade raiz > PIRATINI > CENTRAL DE ATENDIMENTOS > CASA CIVIL,,silvio-valim,rose-santos
3333,3426,Trocar máquina de Local //  CC - Subchefia do Interior // Rose Minho,6,3,2,2024-01-29 09:57:54+00:00,2024-01-29 09:58:12+00:00,,,AJUDA E SUPORTE > ATENDIMENTO AO USUÁRIO,Entidade raiz > PIRATINI > CENTRAL DE ATENDIMENTOS > CASA CIVIL,,silvio-valim,rose-santos
3334,3427,Atendimento ao usuário Suporte - SAEF - Departamento de Execução Orçamentária Federal,6,3,2,2024-01-29 10:05:19+00:00,2024-01-29 12:54:51+00:00,,,AJUDA E SUPORTE > ATENDIMENTO AO USUÁRIO,Entidade raiz > PIRATINI > CENTRAL DE ATENDIMENTOS > CASA CIVIL,,"silvio-valim, pablo-guimaraes, miguelangelo, anderson-oliveira",alba-santos
3335,3428,Atendimento ao usuário Suporte - SECRETARIA DA CASA CIVIL,6,3,2,2024-01-29 11:27:31+00:00,2024-01-29 16:52:26+00:00,,,AJUDA E SUPORTE > ATENDIMENTO AO USUÁRIO,Entidade raiz > PIRATINI > CENTRAL DE ATENDIMENTOS > CASA CIVIL > Secretaria-Executiva > Subchefia Administrativa > Departamento de Gestão de Atos e Pessoal > Divisão de Gestão de Pessoas,,thales-leite,silvia-leopoldino
3336,3429,Auxílio PDF // CC - Subchefia Geral // Marivete Santos ,6,3,2,2024-01-29 11:33:04+00:00,2024-01-29 11:39:54+00:00,,,AJUDA E SUPORTE > ATENDIMENTO AO USUÁRIO,Entidade raiz > PIRATINI > CENTRAL DE ATENDIMENTOS > CASA CIVIL,,silvio-valim,marivete-souza
3337,3430,Atendimento ao usuário Suporte - Cais Mauá 2º andar/Casa Civil - Subchefia Administrativa,6,3,2,2024-01-29 11:50:18+00:00,2024-01-31 09:05:21+00:00,,,AJUDA E SUPORTE > ATENDIMENTO AO USUÁRIO,Entidade raiz > PIRATINI > CENTRAL DE ATENDIMENTOS > CASA CIVIL,,silvio-valim,aline-oliveira
3343,3436,Atendimento ao usuário Suporte - ADMINISTRATIVO,6,3,2,2024-01-29 14:34:33+00:00,2024-01-31 17:16:05+00:00,,,AJUDA E SUPORTE > ATENDIMENTO AO USUÁRIO,Entidade raiz > PIRATINI > CENTRAL DE ATENDIMENTOS > SECOM,,alessandro-vieira,andre-graminho
3344,3437,Atendimento ao usuário Suporte - ADMINISTRATIVO,6,3,2,2024-01-29 14:50:40+00:00,2024-01-31 10:48:20+00:00,,,DTIC > EQUIPAMENTOS > MANUTENÇÃO,Entidade raiz > PIRATINI > CENTRAL DE ATENDIMENTOS > SECOM,,"edson-silva, alessandro-vieira",andre-graminho
3345,3438,Acesso a Sistemas Rede Piratini,6,3,2,2024-01-29 16:09:38+00:00,2024-01-30 15:27:45+00:00,,,ACESSO A SISTEMAS > NDD,Entidade raiz > PIRATINI > CENTRAL DE ATENDIMENTOS > CASA MILITAR,,jorge-vicente,erlon-dornelles
3346,3439,Atendimento ao usuário Suporte - RS Seguro- Gabinete do Governador ,6,3,2,2024-01-29 16:12:55+00:00,2024-01-30 16:36:14+00:00,,,AJUDA E SUPORTE > ATENDIMENTO AO USUÁRIO,Entidade raiz > PIRATINI > CENTRAL DE ATENDIMENTOS > GVG,,leonardo-riela,carla-cardoso
3347,3440,Alterar dados Office // CC - DGP // Aline Filter,6,3,2,2024-01-29 16:32:21+00:00,2024-01-31 09:06:33+00:00,,,ACESSO A SISTEMAS > OFFICE 365 > EMAIL > ATUALIZAR DADOS,Entidade raiz > PIRATINI > CENTRAL DE ATENDIMENTOS > CASA CIVIL,,silvio-valim,aline-oliveira
3348,3441,Solicitação de Equipamentos ,6,3,2,2024-01-29 16:41:13+00:00,2024-01-29 17:27:00+00:00,,,AJUDA E SUPORTE > MOVIMENTO DE EQUIPAMENTOS DE TI > REQUISIÇÃO,Entidade raiz > PIRATINI > CENTRAL DE ATENDIMENTOS > CASA CIVIL,,anderson-oliveira,"michelle-silva, abigail-correa"
3349,3442,Acesso a Sistemas  - FPE - LIBERAR ACESSO,6,3,2,2024-01-29 16:52:02+00:00,2024-01-30 18:19:31+00:00,,,,Entidade raiz > PIRATINI > CENTRAL DE ATENDIMENTOS > GVG,,pablo-guimaraes,carla-calero
3350,3443,Acesso a Sistemas  - FPE - OUTRO,6,3,2,2024-01-29 17:08:50+00:00,2024-01-29 17:19:14+00:00,,,,Entidade raiz > PIRATINI > CENTRAL DE ATENDIMENTOS > CASA CIVIL,,pablo-guimaraes,rose-santos
3351,3444,Criação de Grupo PROA // PROCERGS/PGE - DTIC // Eduardo Cunha da Costa,6,3,2,2024-01-29 12:00:00+00:00,2024-01-31 15:09:43+00:00,,,ACESSO A SISTEMAS > SOE > PROA,Entidade raiz > PIRATINI > CENTRAL DE ATENDIMENTOS,,miguelangelo,miguelangelo
3352,3445,Alterar Modo de Visualização de Câmeras // CM - Operações // Sgt. Tavares,6,3,2,2024-01-30 12:00:00+00:00,2024-01-30 12:00:00+00:00,,,AJUDA E SUPORTE > ATENDIMENTO AO USUÁRIO,Entidade raiz > PIRATINI > CENTRAL DE ATENDIMENTOS > SECOM,,pablo-guimaraes,cristiano-tavares
3353,3446,INCIDENTE  - Comunicação ,6,3,2,2024-01-30 10:42:31+00:00,2024-02-07 16:25:53+00:00,,,DTIC > INFRAESTRUTURA > OUTROS,Entidade raiz > PIRATINI > CENTRAL DE ATENDIMENTOS > GVG,,anderson-oliveira,flavia-silva
3354,3447,INCIDENTE  - OGE CAFF,6,3,2,2024-01-30 10:47:27+00:00,2024-01-30 10:50:17+00:00,,,AJUDA E SUPORTE > ATENDIMENTO AO USUÁRIO,Entidade raiz > PIRATINI > CENTRAL DE ATENDIMENTOS > CASA CIVIL,,jorge-vicente,barbara-zucchetti
3355,3448,Atendimento ao usuário Suporte - ADMINISTRATIVO,6,3,2,2024-01-30 10:57:55+00:00,2024-02-20 09:37:56+00:00,,,IMPRESSORA,Entidade raiz > PIRATINI > CENTRAL DE ATENDIMENTOS > SECOM,,jorge-vicente,andre-graminho
3357,3450,INCIDENTE  - Rua Duque de Caxias 951,6,3,2,2024-01-30 14:23:02+00:00,2024-01-30 16:54:32+00:00,,,DTIC > INFRAESTRUTURA > OUTROS,Entidade raiz > PIRATINI > CENTRAL DE ATENDIMENTOS > CASA MILITAR,,thales-leite,paulo-vogt
3358,3451,PROA LIBERAR ACESSO A GRUPO,6,3,2,2024-01-31 08:30:11+00:00,2024-01-31 08:51:41+00:00,,,ACESSO A SISTEMAS > SOE > RESET DE SENHA,Entidade raiz > PIRATINI > CENTRAL DE ATENDIMENTOS > CASA MILITAR,,anderson-oliveira,arlindo-oliveira
3359,3452,Atendimento ao usuário Suporte - Divisão de Materiais e Patrimônio,6,3,2,2024-01-31 08:30:13+00:00,2024-02-16 10:18:46+00:00,,,ACESSO A SISTEMAS > SOE,Entidade raiz > PIRATINI > CENTRAL DE ATENDIMENTOS > CASA CIVIL,,pablo-guimaraes,diego-mattiello
3360,3453,Atendimento ao usuário Suporte - Departamento de Compras e contratos,6,3,2,2024-01-31 09:48:21+00:00,2024-01-31 09:54:27+00:00,,,ACESSO A SISTEMAS,Entidade raiz > PIRATINI > CENTRAL DE ATENDIMENTOS > CASA CIVIL,,pablo-guimaraes,zeni-santos
3361,3454,Alterar dados Office // CC - Subchefia Administrativa // Aline Filter,6,3,2,2024-01-31 09:49:51+00:00,2024-01-31 13:54:14+00:00,,,ACESSO A SISTEMAS > OFFICE 365 > EMAIL > ATUALIZAR DADOS,Entidade raiz > PIRATINI > CENTRAL DE ATENDIMENTOS > CASA CIVIL,,silvio-valim,aline-oliveira
3362,3455,Atendimento ao usuário Suporte - Gabiente Coronel Euclides,6,3,2,2024-01-31 10:28:35+00:00,2024-02-01 09:56:31+00:00,,,DTIC > INFRAESTRUTURA,Entidade raiz > PIRATINI > CENTRAL DE ATENDIMENTOS > GG,,,bruno-rien
3363,3456,OFFICE 365 // ASSESSORIA ESPECÍFICA  - Cerimonial,6,3,2,2024-01-31 10:32:22+00:00,2024-01-31 12:13:13+00:00,,,AJUDA E SUPORTE > INSTALAÇÃO DE SOFTWARE,Entidade raiz > PIRATINI > CENTRAL DE ATENDIMENTOS > GG,,anderson-oliveira,joao-bomfim
3364,3457,Acesso a Sistemas  - PROA - LIBERAR ACESSO,6,3,2,2024-01-31 10:39:30+00:00,2024-02-05 09:19:06+00:00,,,,Entidade raiz > PIRATINI > CENTRAL DE ATENDIMENTOS > GVG,,pablo-guimaraes,carla-calero
3365,3458,Atendimento ao usuário Suporte - Gabinete SECOM,6,3,2,2024-01-31 11:43:12+00:00,2024-02-05 13:19:48+00:00,,,AJUDA E SUPORTE > ATENDIMENTO AO USUÁRIO,Entidade raiz > PIRATINI > CENTRAL DE ATENDIMENTOS > SECOM,,anderson-oliveira,juliana-fernandes
3366,3459,Atendimento ao usuário Suporte - GVG - ADM,6,3,2,2024-01-31 12:24:39+00:00,2024-01-31 17:29:27+00:00,,,AJUDA E SUPORTE > INSTALAÇÃO DE EQUIPAMENTOS,Entidade raiz > PIRATINI > CENTRAL DE ATENDIMENTOS > GVG,,leonardo-riela,carla-calero
3367,3460,Atendimento ao usuário Suporte - Departamento de Gestão de Pessoas e de Atos de Pessoal,6,3,2,2024-01-31 14:34:55+00:00,2024-01-31 15:20:51+00:00,,,AJUDA E SUPORTE > ATENDIMENTO AO USUÁRIO,Entidade raiz > PIRATINI > CENTRAL DE ATENDIMENTOS > CASA CIVIL,,leonardo-riela,marcio-benites
3368,3461,Acesso a Sistemas  - GDG - REMOVER ACESSO,6,3,2,2024-01-31 15:01:22+00:00,2024-01-31 15:18:04+00:00,,,DTIC > SISTEMAS > REMOÇÃO DE ACESSO SISTEMA,Entidade raiz > PIRATINI > CENTRAL DE ATENDIMENTOS > GG,,pablo-guimaraes,jovana-fonseca
3369,3462,Acesso a Sistemas  - GDG - REMOVER ACESSO,6,3,2,2024-01-31 15:04:43+00:00,2024-01-31 15:17:01+00:00,,,DTIC > SISTEMAS > REMOÇÃO DE ACESSO SISTEMA,Entidade raiz > PIRATINI > CENTRAL DE ATENDIMENTOS > GG,,pablo-guimaraes,jovana-fonseca
3370,3463,Atendimento ao usuário Suporte - Secretaria da Casa Civil - Divisão de Gestão de Pessoas,6,3,2,2024-01-31 15:16:04+00:00,2024-02-01 16:17:50+00:00,,,AJUDA E SUPORTE > ATENDIMENTO AO USUÁRIO,Entidade raiz > PIRATINI > CENTRAL DE ATENDIMENTOS > CASA CIVIL > Secretaria-Executiva > Subchefia Administrativa > Departamento de Gestão de Atos e Pessoal > Divisão de Gestão de Pessoas,Maua 1050 > 1° Andar,"pablo-guimaraes, leonardo-riela",vanessa-santos
3371,3464,Atendimento ao usuário Suporte - Copa prédio 1005,6,3,2,2024-01-31 16:47:31+00:00,2024-04-11 16:12:47+00:00,,,DTIC > INFRAESTRUTURA > NOVO PONTO DE REDE,Entidade raiz > PIRATINI > CENTRAL DE ATENDIMENTOS > CASA CIVIL,,thales-leite,rodrigo-pias
3372,3465,Acesso a Sistemas  - LAI - LIBERAR ACESSO,6,3,2,2024-01-31 17:03:54+00:00,2024-02-01 11:32:04+00:00,,,,Entidade raiz > PIRATINI > CENTRAL DE ATENDIMENTOS > CASA CIVIL,,pablo-guimaraes,regina-costa
3373,3466,INCIDENTE  - Cais Mauá,6,3,2,2024-02-01 09:17:46+00:00,2024-02-01 11:41:14+00:00,,,DTIC > INFRAESTRUTURA > OUTROS,Entidade raiz > PIRATINI > CENTRAL DE ATENDIMENTOS > CASA CIVIL,,leonardo-riela,marilia-castro
3374,3467,Acesso a Sistemas  - RHE - LIBERAR ACESSO,6,3,2,2024-02-01 09:58:44+00:00,2024-02-05 11:25:28+00:00,,,,Entidade raiz > PIRATINI > CENTRAL DE ATENDIMENTOS > CASA CIVIL,,pablo-guimaraes,rodrigo-pias
3375,3468,Alteração de Dados // CC - Subchefia Administrativa // Marcia Carolin,6,3,2,2024-02-01 10:39:18+00:00,2024-02-05 09:26:37+00:00,,,ACESSO A SISTEMAS > OFFICE 365 > EMAIL > ATUALIZAR DADOS,Entidade raiz > PIRATINI > CENTRAL DE ATENDIMENTOS > CASA CIVIL,,silvio-valim,marcia-abreu
3376,3469,OFFICE 365 // NOVA CONTA DE EMAIL - Palácio Piratini,6,3,2,2024-02-01 10:59:48+00:00,2024-02-06 09:56:56+00:00,,,ACESSO A SISTEMAS > OFFICE 365 > EMAIL > CAIXA COMPARTILHADA,Entidade raiz > PIRATINI > CENTRAL DE ATENDIMENTOS > SECOM,,anderson-oliveira,thales-moreira
3377,3470,Substituição de Equipamento ,6,3,1,2024-02-01 13:52:49+00:00,2024-02-06 12:49:14+00:00,,,DTIC > EQUIPAMENTOS > CONFIGURAÇÃO,Entidade raiz > PIRATINI > CENTRAL DE ATENDIMENTOS > CASA CIVIL,Palácio do Piratini > 1° Andar,,camila-rassier
3378,3471,IMPRESSORA NÃO INSTALADA NA MAQUINA - Cais Mauá,6,3,2,2024-02-01 14:18:13+00:00,2024-02-01 15:23:18+00:00,,,DTIC > EQUIPAMENTOS > CONFIGURAÇÃO,Entidade raiz > PIRATINI > CENTRAL DE ATENDIMENTOS > CASA CIVIL,,leonardo-riela,marilia-castro
3379,3472,IMPRESSORA MENSAGEM DE ERRO - GABINETE DO VICE-GOVERNADOR,6,3,1,2024-02-01 14:19:52+00:00,2024-02-05 17:33:21+00:00,,,DTIC > EQUIPAMENTOS > MANUTENÇÃO,Entidade raiz > PIRATINI > CENTRAL DE ATENDIMENTOS > GVG,,leonardo-riela,carla-calero
3380,3473,Atendimento ao usuário Suporte - GVG - ADM,6,3,2,2024-02-01 14:21:09+00:00,2024-02-05 17:40:45+00:00,,,AJUDA E SUPORTE > ATENDIMENTO AO USUÁRIO,Entidade raiz > PIRATINI > CENTRAL DE ATENDIMENTOS > GVG,,"edson-silva, leonardo-riela",carla-calero
3381,3474,INCIDENTE  - gabinete da casa civil MP,6,3,2,2024-02-01 15:54:47+00:00,2024-02-01 16:17:25+00:00,,,AJUDA E SUPORTE > ATENDIMENTO AO USUÁRIO,Entidade raiz > PIRATINI > CENTRAL DE ATENDIMENTOS > CASA CIVIL,,thales-leite,abigail-correa
3382,3475,Atendimento ao usuário Suporte - CENTRAL DE DOAÇÕES DA DEFESA CIVIL ESTADUAL JUNTO AO CAFF,6,3,2,2024-02-01 16:16:01+00:00,2024-02-23 10:20:31+00:00,,,AJUDA E SUPORTE > MOVIMENTO DE EQUIPAMENTOS DE TI > REQUISIÇÃO,Entidade raiz > PIRATINI > CENTRAL DE ATENDIMENTOS > CASA MILITAR,,jorge-vicente,ana-duarte
3383,3476,Ponto de rede Não está dando link aparelho Cisco,6,3,1,2024-02-01 16:49:44+00:00,2024-02-07 10:24:56+00:00,,,DTIC > INFRAESTRUTURA,Entidade raiz > PIRATINI > CENTRAL DE ATENDIMENTOS > GG,,anderson-oliveira,alexandre-almoarqueg
3384,3477,preparar notebook novo,6,3,2,2024-02-01 17:08:51+00:00,2024-03-11 15:56:22+00:00,,,AJUDA E SUPORTE > MOVIMENTO DE EQUIPAMENTOS DE TI > REQUISIÇÃO,Entidade raiz > PIRATINI > CENTRAL DE ATENDIMENTOS > CASA CIVIL,,"silvio-valim, alessandro-vieira, anderson-oliveira, thales-leite, leonardo-riela",viviane-migliavacca
3385,3478,Acesso a Sistemas  - Geral - OUTRO,6,3,2,2024-02-05 09:08:28+00:00,2024-02-05 09:13:40+00:00,,,ACESSO A SISTEMAS > REDE > RESET DE SENHA,Entidade raiz > PIRATINI > CENTRAL DE ATENDIMENTOS > GVG,,anderson-oliveira,carla-calero
3386,3479,Acesso a Sistemas Rede Piratini,6,3,2,2024-02-05 09:23:40+00:00,2024-02-05 09:26:06+00:00,,,ACESSO A SISTEMAS > REDE > RESET DE SENHA,Entidade raiz > PIRATINI > CENTRAL DE ATENDIMENTOS > CASA CIVIL,,silvio-valim,marcio-benites
3387,3480,Relatório mensal computadores AD // CC - DTI // Lucas Sergio,6,3,2,2024-02-05 09:36:13+00:00,2024-02-05 09:36:37+00:00,,,DTIC > INFRAESTRUTURA,Entidade raiz > PIRATINI > CENTRAL DE ATENDIMENTOS > CASA CIVIL,,,
3388,3481,Relatório mensal computadores inativos AD // CC - DTI // Lucas Sergio,6,3,2,2024-02-05 09:37:15+00:00,2024-02-05 09:37:42+00:00,,,DTIC > INFRAESTRUTURA,Entidade raiz > PIRATINI > CENTRAL DE ATENDIMENTOS > CASA CIVIL,,,
3389,3482,Relatório mensal usuários inativos AD // CC - DTI // Lucas Sergio,6,3,2,2024-02-05 09:38:19+00:00,2024-02-05 09:38:59+00:00,,,DTIC > INFRAESTRUTURA,Entidade raiz > PIRATINI > CENTRAL DE ATENDIMENTOS > CASA CIVIL,,,
3390,3483,Manutenção servidor WSUS // CC - DTI // Lucas Sergio,6,3,2,2024-02-05 09:42:05+00:00,2024-02-05 09:42:30+00:00,,,DTIC > INFRAESTRUTURA,Entidade raiz > PIRATINI > CENTRAL DE ATENDIMENTOS > CASA CIVIL,,,
3391,3484,Liberação de rede Webgateway // CC - SPH // Lucas Sergio,6,3,2,2024-02-05 09:45:39+00:00,2024-02-05 09:46:01+00:00,,,DTIC > INFRAESTRUTURA,Entidade raiz > PIRATINI > CENTRAL DE ATENDIMENTOS > CASA CIVIL,,,
3392,3485,Liberação de rede Webgateway // CC - SPH // Lucas Sergio,6,3,2,2024-02-05 09:47:43+00:00,2024-02-05 09:47:52+00:00,,,DTIC > INFRAESTRUTURA,Entidade raiz > PIRATINI > CENTRAL DE ATENDIMENTOS > CASA CIVIL,,,
3393,3486,Liberação de rede Webgateway // CC - Ouvidoria e Ética // Lucas Sergio,6,3,2,2024-02-05 09:48:34+00:00,2024-02-05 09:48:41+00:00,,,DTIC > INFRAESTRUTURA,Entidade raiz > PIRATINI > CENTRAL DE ATENDIMENTOS > CASA CIVIL,,,
3394,3487,Sem internet GPE - Gabinete de Projetos Especiais CAFF,6,3,1,2024-02-05 09:47:28+00:00,2024-02-05 17:26:49+00:00,,,DTIC > INFRAESTRUTURA,Entidade raiz > PIRATINI > CENTRAL DE ATENDIMENTOS > GVG,,"thales-leite, leonardo-riela",kassiano-fraga
3395,3488,Acesso ao Sistema FPE - Solicitação de Materiais,6,3,1,2024-02-05 10:17:35+00:00,2024-02-06 17:08:42+00:00,,,ACESSO A SISTEMAS > SOE > FPE,Entidade raiz > PIRATINI > CENTRAL DE ATENDIMENTOS > CASA CIVIL,,pablo-guimaraes,marco-canto
3396,3489,Liberação de rede Webgateway // GG - Assessoria Técnica 2° Andar CAFF // ,6,3,2,2024-02-05 10:43:33+00:00,2024-02-05 10:44:29+00:00,,,ACESSO A SISTEMAS > REDE,Entidade raiz > PIRATINI > CENTRAL DE ATENDIMENTOS,,,
3397,3490,Atendimento ao usuário Suporte - GABINETE,6,3,2,2024-02-05 10:45:03+00:00,2024-02-05 10:54:30+00:00,,,ACESSO A SISTEMAS > REDE > RESET DE SENHA,Entidade raiz > PIRATINI > CENTRAL DE ATENDIMENTOS > SECOM,,silvio-valim,andre-graminho
3398,3491,Pedir Logs E-Mail // CC - Ouvidoria // Viviane Migliavacca,6,3,2,2024-02-05 11:06:38+00:00,2024-02-05 11:06:52+00:00,,,ACESSO A SISTEMAS > OFFICE 365 > EMAIL,Entidade raiz > PIRATINI > CENTRAL DE ATENDIMENTOS > CASA CIVIL,,silvio-valim,viviane-migliavacca
3399,3492,Atendimento ao usuário Suporte - Apoio Administrativo,6,3,2,2024-02-05 11:15:51+00:00,2024-02-05 11:30:43+00:00,,,ACESSO A SISTEMAS > SOE,Entidade raiz > PIRATINI > CENTRAL DE ATENDIMENTOS > CASA CIVIL,,pablo-guimaraes,rejane-farias
3400,3493,Senha de Rede // CC - Subchefia do Interior // Clarissa Avila,6,3,2,2024-02-05 11:44:47+00:00,2024-02-05 11:45:07+00:00,,,ACESSO A SISTEMAS > REDE > RESET DE SENHA,Entidade raiz > PIRATINI > CENTRAL DE ATENDIMENTOS > CASA CIVIL,,silvio-valim,clarissa-avila
3401,3494,Atendimento ao usuário Suporte - GABINETE,6,3,2,2024-02-05 11:46:29+00:00,2024-02-07 09:47:36+00:00,,,DTIC > SISTEMAS > REMOÇÃO DE ACESSO SISTEMA,Entidade raiz > PIRATINI > CENTRAL DE ATENDIMENTOS > SECOM,,"pablo-guimaraes, miguelangelo, anderson-oliveira",andre-graminho
3402,3495,Atendimento ao usuário Suporte - Publicidade,6,3,2,2024-02-05 12:24:26+00:00,2024-02-07 10:26:11+00:00,,,DTIC > SISTEMAS > REMOÇÃO DE ACESSO SISTEMA,Entidade raiz > PIRATINI > CENTRAL DE ATENDIMENTOS > SECOM,,"miguelangelo, anderson-oliveira",andre-graminho
3403,3496,Acesso a Sistemas Rede Piratini,6,3,2,2024-02-05 13:55:12+00:00,2024-02-05 17:39:32+00:00,,,ACESSO A SISTEMAS > OFFICE 365 > EMAIL > NOVO USUÁRIO,Entidade raiz > PIRATINI > CENTRAL DE ATENDIMENTOS > CASA CIVIL,,"pablo-guimaraes, miguelangelo, anderson-oliveira",clarissa-avila
3404,3497,Atendimento ao usuário Suporte - Divisão de Materiais e Patrimônio,6,3,2,2024-02-05 14:48:52+00:00,2024-02-07 11:53:01+00:00,,,AJUDA E SUPORTE > ATENDIMENTO AO USUÁRIO,Entidade raiz > PIRATINI > CENTRAL DE ATENDIMENTOS > CASA CIVIL,,leonardo-riela,diego-mattiello
3405,3498,Acesso a Sistemas Rede Piratini,6,3,2,2024-02-05 14:49:27+00:00,2024-02-06 10:31:55+00:00,,,ACESSO A SISTEMAS > REDE > LIBERAÇÃO DE ACESSO,Entidade raiz > PIRATINI > CENTRAL DE ATENDIMENTOS > CASA CIVIL,,"pablo-guimaraes, anderson-oliveira",clarissa-avila
3406,3499,INCIDENTE  - CREPDEC 3 - SANTA MARIA,5,3,2,2024-02-05 15:05:58+00:00,2024-11-25 13:51:31+00:00,,,DTIC > EQUIPAMENTOS,Entidade raiz > PIRATINI > CENTRAL DE ATENDIMENTOS > CASA MILITAR,,"edson-silva, alessandro-vieira",elisandra-decantam
3407,3500,INCIDENTE  - Divisão Administrativa da Defesa Civil,6,3,2,2024-02-05 15:52:05+00:00,2024-02-05 16:04:16+00:00,,,DTIC > INFRAESTRUTURA > OUTROS,Entidade raiz > PIRATINI > CENTRAL DE ATENDIMENTOS > CASA MILITAR,,,elisandra-decantam
3408,3501,Acesso a Sistemas  - FPE - LIBERAR ACESSO,6,3,2,2024-02-05 16:30:25+00:00,2024-02-05 17:35:35+00:00,,,,Entidade raiz > PIRATINI > CENTRAL DE ATENDIMENTOS > CASA CIVIL,,"pablo-guimaraes, anderson-oliveira",marivete-souza
3409,3502,Switch de Rede Defeito,6,3,1,2024-02-05 16:31:55+00:00,2024-02-23 09:58:11+00:00,,,DTIC > EQUIPAMENTOS,Entidade raiz > PIRATINI > CENTRAL DE ATENDIMENTOS > CASA CIVIL,Casa Civil 1005,,
3410,3503,Atendimento ao usuário Suporte - 951,6,3,2,2024-02-05 16:54:43+00:00,2024-02-22 17:18:05+00:00,,,AJUDA E SUPORTE > MOVIMENTO DE EQUIPAMENTOS DE TI > REQUISIÇÃO,Entidade raiz > PIRATINI > CENTRAL DE ATENDIMENTOS > CASA CIVIL,,"pablo-guimaraes, alessandro-vieira",clarissa-avila
3411,3504,OFFICE 365 // NOVA CONTA DE EMAIL - 951,6,3,2,2024-02-05 17:00:28+00:00,2024-02-06 10:32:58+00:00,,,ACESSO A SISTEMAS > OFFICE 365 > EMAIL > CAIXA COMPARTILHADA,Entidade raiz > PIRATINI > CENTRAL DE ATENDIMENTOS > CASA CIVIL,,pablo-guimaraes,clarissa-avila
3412,3505,INCIDENTE  - Divisão Administrativa da Defesa Civil,6,3,2,2024-02-05 17:03:59+00:00,2024-02-06 16:27:28+00:00,,,DTIC > EQUIPAMENTOS > CONFIGURAÇÃO,Entidade raiz > PIRATINI > CENTRAL DE ATENDIMENTOS > CASA MILITAR,,anderson-oliveira,elisandra-decantam
3413,3506,INCIDENTE  - Cais Mauá 1 andar - DGAP ,6,3,2,2024-02-06 08:29:39+00:00,2024-02-06 11:02:22+00:00,,,AJUDA E SUPORTE > ATENDIMENTO AO USUÁRIO,Entidade raiz > PIRATINI > CENTRAL DE ATENDIMENTOS > CASA CIVIL,,leonardo-riela,daniela-cunha
3414,3507,Atendimento ao usuário Suporte - Subchefia Parlamentar,6,3,2,2024-02-06 08:43:58+00:00,2024-02-07 10:29:04+00:00,,,AJUDA E SUPORTE > ATENDIMENTO AO USUÁRIO,Entidade raiz > PIRATINI > CENTRAL DE ATENDIMENTOS > CASA CIVIL,,anderson-oliveira,paulo-souza
3415,3508,Acesso a Sistemas  - SOE Web - LIBERAR ACESSO,6,3,2,2024-02-06 09:24:05+00:00,2024-02-06 09:36:35+00:00,,,,Entidade raiz > PIRATINI > CENTRAL DE ATENDIMENTOS > CASA MILITAR,,pablo-guimaraes,junior-bittencourt
3416,3509,INCIDENTE  - GVG,6,3,2,2024-02-06 09:32:30+00:00,2024-02-07 16:31:59+00:00,,,DTIC > INFRAESTRUTURA > OUTROS,Entidade raiz > PIRATINI > CENTRAL DE ATENDIMENTOS > GVG,,anderson-oliveira,larissa-winckler
3417,3510,Atendimento ao usuário Suporte - Departamento de Conservação e Memória do Patrimônio Cultural,6,3,2,2024-02-06 09:33:40+00:00,2024-02-06 15:25:14+00:00,,,AJUDA E SUPORTE > ATENDIMENTO AO USUÁRIO,Entidade raiz > PIRATINI > CENTRAL DE ATENDIMENTOS > GG,,,bruna-linhares
3418,3511,Instalação de Nova Impressora // CC - Subchefia Geral // HP MFP E52645c,6,3,1,2024-02-06 10:26:45+00:00,2024-02-09 09:17:30+00:00,,,IMPRESSORA,Entidade raiz > PIRATINI > CENTRAL DE ATENDIMENTOS > CASA CIVIL,,"jorge-vicente, anderson-oliveira",jorge-vicente
3419,3512,INCIDENTE  - GVG,6,3,2,2024-02-06 12:29:35+00:00,2024-02-07 16:36:51+00:00,,,DTIC > INFRAESTRUTURA > OUTROS,Entidade raiz > PIRATINI > CENTRAL DE ATENDIMENTOS > GVG,,anderson-oliveira,marcielli-bierhals
3420,3513,Atendimento ao usuário Suporte - Divisão de Materiais e Patrimônio,6,3,2,2024-02-06 13:53:40+00:00,2024-02-06 17:03:10+00:00,,,ACESSO A SISTEMAS > SOE > FPE,Entidade raiz > PIRATINI > CENTRAL DE ATENDIMENTOS > CASA CIVIL,,pablo-guimaraes,diego-mattiello
3421,3514,IMPRESSORA,6,3,2,2024-02-06 14:08:21+00:00,2024-02-16 09:06:51+00:00,,,IMPRESSORA,Entidade raiz > PIRATINI > CENTRAL DE ATENDIMENTOS > GVG,,jorge-vicente,marcielli-bierhals
3422,3515,Atendimento ao usuário Suporte - Casa Militar/ Defesa Civil,6,3,2,2024-02-06 14:57:47+00:00,2024-02-06 15:14:02+00:00,,,AJUDA E SUPORTE > ATENDIMENTO AO USUÁRIO,Entidade raiz > PIRATINI > CENTRAL DE ATENDIMENTOS > CASA MILITAR,,,pamela-fernandes
3423,3516,Atendimento ao usuário Suporte - Rádio,6,3,1,2024-02-06 14:59:48+00:00,2024-02-09 15:37:13+00:00,,,DTIC > INFRAESTRUTURA > PROBLEMA DE REDE,Entidade raiz > PIRATINI > CENTRAL DE ATENDIMENTOS > SECOM,,,andre-graminho
3424,3517,Atendimento ao usuário Suporte - GVG-Assuntos Institucionais ,6,3,2,2024-02-06 15:07:35+00:00,2024-02-07 16:31:18+00:00,,,AJUDA E SUPORTE > ATENDIMENTO AO USUÁRIO,Entidade raiz > PIRATINI > CENTRAL DE ATENDIMENTOS > GVG,,"anderson-oliveira, thales-leite",marcielli-bierhals
3425,3518,Acesso a Sistemas  - GDG - LIBERAR ACESSO,6,3,2,2024-02-06 15:12:53+00:00,2024-02-06 16:40:56+00:00,,,,Entidade raiz > PIRATINI > CENTRAL DE ATENDIMENTOS > GG,,pablo-guimaraes,jovana-fonseca
3426,3519,Atendimento ao usuário - E-mail,6,3,1,2024-02-06 15:31:05+00:00,2024-02-07 09:06:42+00:00,,,ACESSO A SISTEMAS > OFFICE 365 > EMAIL,Entidade raiz > PIRATINI > CENTRAL DE ATENDIMENTOS > GG,,silvio-valim,luciana-conca
3427,3520,Acesso a Sistemas  - Geral - DESBLOQUEAR USUÁRIO,6,3,2,2024-02-06 15:46:53+00:00,2024-02-06 15:53:07+00:00,,,,Entidade raiz > PIRATINI > CENTRAL DE ATENDIMENTOS > GVG,,anderson-oliveira,juliane-pimentel
3428,3521,Acesso a Sistemas Rede Piratini,6,3,2,2024-02-06 16:04:11+00:00,2024-02-07 16:29:12+00:00,,,ACESSO A SISTEMAS > REDE > LIBERAÇÃO DE ACESSO,Entidade raiz > PIRATINI > CENTRAL DE ATENDIMENTOS > CASA CIVIL,,anderson-oliveira,regina-costa
3429,3522,Atendimento ao usuário Suporte - 951,6,3,2,2024-02-06 16:15:33+00:00,2024-02-09 15:19:47+00:00,,,AJUDA E SUPORTE > MOVIMENTO DE EQUIPAMENTOS DE TI > REQUISIÇÃO,Entidade raiz > PIRATINI > CENTRAL DE ATENDIMENTOS > CASA CIVIL,,"alessandro-vieira, thales-leite",clarissa-avila
3430,3523,Atendimento ao usuário Suporte - GVG - Assessoria de comunicação,6,3,2,2024-02-06 16:26:27+00:00,2024-02-07 16:25:06+00:00,,,AJUDA E SUPORTE > ATENDIMENTO AO USUÁRIO,Entidade raiz > PIRATINI > CENTRAL DE ATENDIMENTOS > GVG,,leonardo-riela,marcielli-bierhals
3431,3524,Acesso a Sistemas  - LAI - LIBERAR ACESSO,6,3,2,2024-02-06 17:02:29+00:00,2024-02-06 17:06:49+00:00,,,ACESSO A SISTEMAS > SOE,Entidade raiz > PIRATINI > CENTRAL DE ATENDIMENTOS > CASA CIVIL,,pablo-guimaraes,regina-costa
3432,3525,INCIDENTE  - Maua 1050 - 1° andar,6,3,2,2024-02-07 09:19:30+00:00,2024-02-09 15:36:12+00:00,,,DTIC > INFRAESTRUTURA > PROBLEMA DE REDE,Entidade raiz > PIRATINI > CENTRAL DE ATENDIMENTOS > CASA CIVIL,,anderson-oliveira,"vanessa-santos, anderson-oliveira"
3433,3526,ala residencial \ Bittencourt \ Acesso internet,6,3,2,2024-02-07 12:00:00+00:00,2024-02-07 12:00:00+00:00,,,AJUDA E SUPORTE,Entidade raiz > PIRATINI > CENTRAL DE ATENDIMENTOS > CASA MILITAR,,alessandro-vieira,junior-bittencourt
3434,3527,INCIDENTE  - Secom,6,3,2,2024-02-07 09:33:25+00:00,2024-02-09 15:37:25+00:00,,,DTIC > INFRAESTRUTURA > PROBLEMA DE REDE,Entidade raiz > PIRATINI > CENTRAL DE ATENDIMENTOS > SECOM,,,luis-zorzan
3436,3529,Atendimento ao usuário Suporte - GABINETE,6,3,2,2024-02-07 10:22:10+00:00,2024-02-08 10:32:34+00:00,,,DTIC > EQUIPAMENTOS > MANUTENÇÃO,Entidade raiz > PIRATINI > CENTRAL DE ATENDIMENTOS > SECOM,,thales-leite,andre-graminho
3437,3530,Exclusão de Usuário // CM - Operações // Thiago Santos,6,3,2,2024-02-07 10:30:28+00:00,2024-02-08 15:18:03+00:00,,,ACESSO A SISTEMAS > OFFICE 365 > EMAIL > EXCLUSÃO,Entidade raiz > PIRATINI > CENTRAL DE ATENDIMENTOS > CASA MILITAR,,"silvio-valim, miguelangelo, anderson-oliveira",thiago-santos
3438,3531,Exclusão Office 365 // CM - OPerações // Jorgiane Lima,6,3,2,2024-02-07 10:47:14+00:00,2024-02-07 10:47:33+00:00,,,ACESSO A SISTEMAS > OFFICE 365 > EMAIL,Entidade raiz > PIRATINI > CENTRAL DE ATENDIMENTOS > CASA MILITAR,,silvio-valim,jorgiane-lima
3439,3532,Atendimento ao usuário Suporte - ADMINISTRATIVO,6,3,2,2024-02-07 10:48:45+00:00,2024-02-20 09:41:14+00:00,,,IMPRESSORA,Entidade raiz > PIRATINI > CENTRAL DE ATENDIMENTOS > SECOM,,jorge-vicente,andre-graminho
3440,3533,PROA LIBERAR ACESSO A GRUPO,6,3,2,2024-02-07 10:51:55+00:00,2024-03-08 10:09:21+00:00,,,ACESSO A SISTEMAS > SOE > PROA > ADICIONAR A GRUPO,Entidade raiz > PIRATINI > CENTRAL DE ATENDIMENTOS > CASA CIVIL,,miguelangelo,leonardo-justino
3441,3534,Resetar Senha de Rede // CM - Operações // Felipe Ghidini,6,3,2,2024-02-07 11:11:40+00:00,2024-02-07 11:12:08+00:00,,,ACESSO A SISTEMAS > REDE > RESET DE SENHA,Entidade raiz > PIRATINI > CENTRAL DE ATENDIMENTOS > CASA MILITAR,,silvio-valim,felipe-stangherlin
3442,3535,Alterar Conta Office E3 // CC - Subchefia do Interior // Helidiane Brites,6,3,2,2024-02-07 11:15:19+00:00,2024-02-07 11:15:28+00:00,,,ACESSO A SISTEMAS > OFFICE 365 > EMAIL > ALTERAR PLANO / LICENÇA,Entidade raiz > PIRATINI > CENTRAL DE ATENDIMENTOS > CASA CIVIL,,silvio-valim,helidiane-brites
3443,3536,Atendimento ao usuário Suporte - Gabinete do Governador,6,3,2,2024-02-07 11:31:43+00:00,2024-02-07 15:00:36+00:00,,,AJUDA E SUPORTE > ATENDIMENTO AO USUÁRIO,Entidade raiz > PIRATINI > CENTRAL DE ATENDIMENTOS > GG,,"alessandro-vieira, thales-leite",luciana-ghiggi
3444,3537,INCIDENTE  - GVG,6,3,2,2024-02-07 12:35:29+00:00,2024-02-09 15:37:02+00:00,,,DTIC > INFRAESTRUTURA > PROBLEMA DE REDE,Entidade raiz > PIRATINI > CENTRAL DE ATENDIMENTOS > GVG,,"jorge-vicente, anderson-oliveira",marcielli-bierhals
3445,3538,Atendimento ao usuário Suporte - Gabinete de projetos especiais - GVG,6,3,2,2024-02-07 12:39:23+00:00,2024-02-08 09:30:06+00:00,,,ACESSO A SISTEMAS > OFFICE 365 > CRIAR EQUIPE SHAREPOINT,Entidade raiz > PIRATINI > CENTRAL DE ATENDIMENTOS > GVG,,silvio-valim,marcielli-bierhals
3446,3539,Atendimento ao usuário Suporte - GABINETE CASA MILITAR,6,3,2,2024-02-07 13:05:56+00:00,2024-02-07 15:56:59+00:00,,,AJUDA E SUPORTE > ATENDIMENTO AO USUÁRIO,Entidade raiz > PIRATINI > CENTRAL DE ATENDIMENTOS > CASA MILITAR,,,roberta-martins
3447,3540,Atendimento ao usuário Suporte - ADMINISTRATIVO,6,3,2,2024-02-07 13:47:48+00:00,2024-02-14 14:02:56+00:00,,,AJUDA E SUPORTE > ATENDIMENTO AO USUÁRIO,Entidade raiz > PIRATINI > CENTRAL DE ATENDIMENTOS > SECOM,,alessandro-vieira,andre-graminho
3448,3541,Criação de Forms Office365 // GG - Núcleo de Conservação // mateus-gomes,6,3,2,2024-02-04 12:00:00+00:00,2024-02-07 13:51:58+00:00,,,ACESSO A SISTEMAS > OFFICE 365,Entidade raiz > PIRATINI > CENTRAL DE ATENDIMENTOS > GG > Secretaria Executiva de Gestão do Palácio Piratini > Departamento de Conservação e Memória do Patrimônio Cultural do Complexo do Palácio Piratini,,"silvio-valim, pablo-guimaraes",mateus-gomes
3449,3542,Acesso a Sistemas  - SOE Web - OUTRO,6,3,2,2024-02-07 16:00:27+00:00,2024-02-07 16:04:19+00:00,,,,Entidade raiz > PIRATINI > CENTRAL DE ATENDIMENTOS > CASA MILITAR,,pablo-guimaraes,paulo-vogt
3450,3543,Troca Tonner - SPH 3° andar,6,3,2,2024-02-07 16:21:13+00:00,2024-02-08 09:55:18+00:00,,,IMPRESSORA,Entidade raiz > PIRATINI > CENTRAL DE ATENDIMENTOS > CASA CIVIL,,jorge-vicente,
3451,3544,Atendimento ao usuário Suporte - DINFO,6,3,2,2024-02-07 17:04:00+00:00,2024-02-23 09:46:32+00:00,,,ACESSO A SISTEMAS > OFFICE 365 > EMAIL,Entidade raiz > PIRATINI > CENTRAL DE ATENDIMENTOS > CASA CIVIL,,"silvio-valim, anderson-oliveira",cristiane-dias
3452,3545,INCIDENTE  - GABINETE GVG - CAFF,6,3,2,2024-02-07 17:14:35+00:00,2024-02-08 10:07:11+00:00,,,DTIC > INFRAESTRUTURA > OUTROS,Entidade raiz > PIRATINI > CENTRAL DE ATENDIMENTOS > GVG,,"anderson-oliveira, thales-leite",melissa-bulegon
3453,3546,IMPRESSORA,6,3,2,2024-02-08 08:44:35+00:00,2024-02-08 10:37:49+00:00,,,IMPRESSORA,Entidade raiz > PIRATINI > CENTRAL DE ATENDIMENTOS > GG,,jorge-vicente,luciana-conca
3454,3547,Atendimento ao usuário Suporte - RH Casa Civil - Av Mauá 1 andar,6,3,2,2024-02-08 08:46:28+00:00,2024-02-08 11:20:56+00:00,,,AJUDA E SUPORTE > ATENDIMENTO AO USUÁRIO,Entidade raiz > PIRATINI > CENTRAL DE ATENDIMENTOS > CASA CIVIL > Secretaria-Executiva > Subchefia Administrativa > Departamento de Gestão de Atos e Pessoal > Divisão de Gestão de Pessoas,Maua 1050 > 1° Andar,leonardo-riela,vanessa-santos
3455,3548,INCIDENTE  - Divisão de Atos de Pessoal - SPH (1º Andar),6,3,2,2024-02-08 08:52:11+00:00,2024-02-08 09:44:29+00:00,,,DTIC > INFRAESTRUTURA > OUTROS,Entidade raiz > PIRATINI > CENTRAL DE ATENDIMENTOS > CASA CIVIL,,leonardo-riela,francisco-barros
3456,3549,Atendimento ao usuário Suporte - GVG,6,3,2,2024-02-08 09:01:23+00:00,2024-02-26 10:09:12+00:00,,,AJUDA E SUPORTE > ATENDIMENTO AO USUÁRIO,Entidade raiz > PIRATINI > CENTRAL DE ATENDIMENTOS > GVG,,"paulo-nunes, thales-leite",marcielli-bierhals
3457,3550,Atendimento ao usuário Suporte - damac,6,3,2,2024-02-08 09:58:02+00:00,2024-02-08 10:53:55+00:00,,,AJUDA E SUPORTE > ATENDIMENTO AO USUÁRIO,Entidade raiz > PIRATINI > CENTRAL DE ATENDIMENTOS > CASA CIVIL,,anderson-oliveira,janio-junior
3458,3551,Atendimento ao usuário Suporte - DAMAC,6,3,2,2024-02-08 16:01:04+00:00,2024-02-08 16:20:32+00:00,,,AJUDA E SUPORTE > ATENDIMENTO AO USUÁRIO,Entidade raiz > PIRATINI > CENTRAL DE ATENDIMENTOS > CASA CIVIL,,"miguelangelo, anderson-oliveira",helidiane-brites
3459,3552,Atendimento ao usuário Suporte - DAMAC,6,3,2,2024-02-08 16:07:47+00:00,2024-02-08 16:21:51+00:00,,,AJUDA E SUPORTE > ATENDIMENTO AO USUÁRIO,Entidade raiz > PIRATINI > CENTRAL DE ATENDIMENTOS > CASA CIVIL,,miguelangelo,helidiane-brites
3460,3553,Atendimento ao usuário Suporte - ADMINISTRATIVO,6,3,2,2024-02-08 17:44:04+00:00,2024-02-08 18:08:19+00:00,,,AJUDA E SUPORTE > ATENDIMENTO AO USUÁRIO,Entidade raiz > PIRATINI > CENTRAL DE ATENDIMENTOS > SECOM,,edson-silva,andre-graminho
3461,3554,Atendimento ao usuário Suporte - Gabinete do Vice-Governador,6,3,2,2024-02-08 17:47:45+00:00,2024-02-21 18:37:06+00:00,,,AJUDA E SUPORTE > ATENDIMENTO AO USUÁRIO,Entidade raiz > PIRATINI > CENTRAL DE ATENDIMENTOS > GVG,,thales-leite,juliane-pimentel
3462,3555,Atendimento ao usuário Suporte - Cais Maua,6,3,2,2024-02-09 07:52:18+00:00,2024-02-09 10:12:00+00:00,,,AJUDA E SUPORTE > ATENDIMENTO AO USUÁRIO,Entidade raiz > PIRATINI > CENTRAL DE ATENDIMENTOS > CASA CIVIL,,leonardo-riela,rosangela-flach
3463,3556,Criar pagina Equipe SP // CC - Materiais e Patrimonio // Diego Mattiello,6,3,2,2024-02-09 09:18:06+00:00,2024-02-09 09:18:20+00:00,,,ACESSO A SISTEMAS > OFFICE 365 > CRIAR EQUIPE SHAREPOINT,Entidade raiz > PIRATINI > CENTRAL DE ATENDIMENTOS > CASA CIVIL,,silvio-valim,diego-mattiello
3464,3557,Criar pagina Equipe SP // CC - Divisão de Protoclo // Diego Mattiello,6,3,2,2024-02-09 09:22:01+00:00,2024-02-09 09:22:12+00:00,,,ACESSO A SISTEMAS > OFFICE 365 > CRIAR EQUIPE SHAREPOINT,Entidade raiz > PIRATINI > CENTRAL DE ATENDIMENTOS > CASA CIVIL,,silvio-valim,diego-mattiello
3465,3558,Acesso a Sistemas Rede Piratini,6,3,2,2024-02-09 09:46:04+00:00,2024-02-09 09:58:59+00:00,,,ACESSO A SISTEMAS > REDE > RESET DE SENHA,Entidade raiz > PIRATINI > CENTRAL DE ATENDIMENTOS > CASA MILITAR,,silvio-valim,kelen-silva
3466,3559,Atendimento ao usuário Suporte - ADMINISTRATIVO,6,3,2,2024-02-09 10:08:21+00:00,2024-02-09 10:51:02+00:00,,,AJUDA E SUPORTE > ATENDIMENTO AO USUÁRIO,Entidade raiz > PIRATINI > CENTRAL DE ATENDIMENTOS > SECOM,,thales-leite,andre-graminho
3467,3560,Atendimento ao usuário Suporte - Coordenação da Ala Residencial,6,3,2,2024-02-09 10:22:58+00:00,2024-02-09 15:36:34+00:00,,,DTIC > INFRAESTRUTURA > PROBLEMA DE REDE,Entidade raiz > PIRATINI > CENTRAL DE ATENDIMENTOS > CASA MILITAR,,,luisa-maestri
3468,3561,Atendimento ao usuário Suporte - ADMINISTRATIVO,6,3,2,2024-02-09 14:34:08+00:00,2024-02-14 17:02:15+00:00,,,AJUDA E SUPORTE > MOVIMENTO DE EQUIPAMENTOS DE TI > REQUISIÇÃO,Entidade raiz > PIRATINI > CENTRAL DE ATENDIMENTOS > SECOM,,edson-silva,andre-graminho
3469,3562,IMPRESSORA,6,3,2,2024-02-09 14:54:53+00:00,2024-02-16 09:08:44+00:00,,,DTIC > EQUIPAMENTOS > CONFIGURAÇÃO,Entidade raiz > PIRATINI > CENTRAL DE ATENDIMENTOS > GVG,,jorge-vicente,marcielli-bierhals
3470,3563,Incidente Wi-FI // DTIC // LUcas Sergio,6,3,2,2024-02-09 15:12:29+00:00,2024-02-09 15:13:26+00:00,,,ACESSO A SISTEMAS > REDE > WIFI,Entidade raiz > PIRATINI > CENTRAL DE ATENDIMENTOS > CASA CIVIL,,,
3471,3564,Acesso a Sistemas Rede Piratini,6,3,2,2024-02-09 16:18:40+00:00,2024-02-11 15:53:02+00:00,,,ACESSO A SISTEMAS > REDE > RESET DE SENHA,Entidade raiz > PIRATINI > CENTRAL DE ATENDIMENTOS > SECOM,,jorge-vicente,jean-rangel
3472,3565,Atendimento ao usuário Suporte - Ouvidoria-CAFF,6,3,2,2024-02-09 16:46:48+00:00,2024-02-16 09:20:01+00:00,,,AJUDA E SUPORTE > INSTALAÇÃO DE EQUIPAMENTOS,Entidade raiz > PIRATINI > CENTRAL DE ATENDIMENTOS > CASA CIVIL,,thales-leite,regina-costa
3473,3566,Atendimento ao usuário Suporte - Ouvidoria-CAFF,6,3,2,2024-02-09 17:36:13+00:00,2024-02-16 09:26:20+00:00,,,AJUDA E SUPORTE > MOVIMENTO DE EQUIPAMENTOS DE TI > REQUISIÇÃO,Entidade raiz > PIRATINI > CENTRAL DE ATENDIMENTOS > CASA CIVIL,,thales-leite,regina-costa
3483,3576,Acesso a Sistemas  - GDG - LIBERAR ACESSO,6,3,2,2024-02-14 14:07:29+00:00,2024-02-15 09:55:23+00:00,,,,Entidade raiz > PIRATINI > CENTRAL DE ATENDIMENTOS > CASA MILITAR,,miguelangelo,roberta-martins
3484,3577,Senha expirada // CC - Biblioteca // Maison Goncalvez,6,3,2,2024-02-14 14:08:14+00:00,2024-02-14 14:09:03+00:00,,,ACESSO A SISTEMAS > REDE > RESET DE SENHA,Entidade raiz > PIRATINI > CENTRAL DE ATENDIMENTOS > GG,,,maison-goncalves
3474,3567,"OFFICE 365 // ASSESSORIA ESPECÍFICA  - Rua Andrade Neves, 106 11º andar",6,3,2,2024-02-12 15:29:30+00:00,2024-02-20 08:30:31+00:00,,,ACESSO A SISTEMAS > OFFICE 365 > EMAIL,Entidade raiz > PIRATINI > CENTRAL DE ATENDIMENTOS > CASA MILITAR,,pablo-guimaraes,felipe-doyle
3475,3568,Atendimento ao usuário Suporte - RS Seguro - 20o andar CAFF,6,3,2,2024-02-14 13:18:21+00:00,2024-02-14 13:20:04+00:00,,,ACESSO A SISTEMAS > REDE > RESET DE SENHA,Entidade raiz > PIRATINI > CENTRAL DE ATENDIMENTOS > GG,,,thais-zeltser
3476,3569,Migração de contas de rede para Web // CC - DTIC // Lucas Sergio,6,3,2,2024-02-14 13:27:09+00:00,2024-02-14 13:27:27+00:00,,,DTIC > INFRAESTRUTURA,Entidade raiz > PIRATINI > CENTRAL DE ATENDIMENTOS > CASA CIVIL,,,
3477,3570,OUTLOOK // ADICIONAR/EXCLUIR USUÁRIO DE CAIXA COMPARTILHADA - Casa Civil,6,3,2,2024-02-14 13:43:20+00:00,2024-02-15 09:26:11+00:00,,,ACESSO A SISTEMAS > OFFICE 365 > EMAIL > CAIXA COMPARTILHADA,Entidade raiz > PIRATINI > CENTRAL DE ATENDIMENTOS > CASA CIVIL,,anderson-oliveira,michelle-lucas
3478,3571,OUTLOOK // ADICIONAR/EXCLUIR USUÁRIO DE CAIXA COMPARTILHADA - SPGG DAE,6,3,2,2024-02-14 13:45:26+00:00,2024-02-15 13:39:32+00:00,,,ACESSO A SISTEMAS > OFFICE 365 > EMAIL > CAIXA COMPARTILHADA,Entidade raiz > PIRATINI > CENTRAL DE ATENDIMENTOS > GG,,anderson-oliveira,yversen-reis
3479,3572,Atendimento ao usuário Suporte - Ala Residencial,6,3,2,2024-02-14 13:56:36+00:00,2024-02-15 09:26:44+00:00,,,AJUDA E SUPORTE > ATENDIMENTO AO USUÁRIO,Entidade raiz > PIRATINI > CENTRAL DE ATENDIMENTOS > GG,,,luciana-conca
3480,3573,Reset de senha // CC - Apoio Juridico // Michelle Lucas,6,3,2,2024-02-14 14:00:52+00:00,2024-02-14 14:01:08+00:00,,,ACESSO A SISTEMAS > REDE > RESET DE SENHA,Entidade raiz > PIRATINI > CENTRAL DE ATENDIMENTOS > CASA CIVIL,,,michelle-lucas
3481,3574,Acesso a Sistemas  - PROA - LIBERAR ACESSO,6,3,2,2024-02-14 14:02:39+00:00,2024-02-15 10:21:50+00:00,,,ACESSO A SISTEMAS > SOE > PROA > ADICIONAR A GRUPO,Entidade raiz > PIRATINI > CENTRAL DE ATENDIMENTOS > CASA MILITAR,,miguelangelo,roberta-martins
3482,3575,OUTLOOK // ADICIONAR/EXCLUIR USUÁRIO DE CAIXA COMPARTILHADA - GABINETE DA CASA MILITAR,6,3,2,2024-02-14 14:06:15+00:00,2024-02-15 09:25:01+00:00,,,ACESSO A SISTEMAS > OFFICE 365 > EMAIL > CAIXA COMPARTILHADA,Entidade raiz > PIRATINI > CENTRAL DE ATENDIMENTOS > CASA MILITAR,,anderson-oliveira,roberta-martins
4453,4559,Acesso a Sistemas\Reset de Senha de Rede,6,3,2,2024-06-10 09:43:01+00:00,2024-06-10 09:45:37+00:00,,,ACESSO A SISTEMAS > REDE > RESET DE SENHA,Entidade raiz > PIRATINI > CENTRAL DE ATENDIMENTOS > SECOM,,anderson-oliveira,mauren-carvalho
3485,3578,Acesso a Sistemas Rede Piratini,6,3,2,2024-02-14 14:09:51+00:00,2024-02-15 09:23:41+00:00,,,ACESSO A SISTEMAS > REDE > LIBERAÇÃO DE ACESSO,Entidade raiz > PIRATINI > CENTRAL DE ATENDIMENTOS > CASA MILITAR,,anderson-oliveira,roberta-martins
3486,3579,Acesso a Sistemas Rede Piratini,6,3,2,2024-02-14 15:48:23+00:00,2024-02-14 16:01:54+00:00,,,ACESSO A SISTEMAS > REDE > RESET DE SENHA,Entidade raiz > PIRATINI > CENTRAL DE ATENDIMENTOS > CASA MILITAR,,anderson-oliveira,arlindo-oliveira
3487,3580,Backup de Restauração Sharepoint // CC - EB // carlos-santos,6,3,2,2024-02-14 12:00:00+00:00,2024-02-16 09:04:46+00:00,,,ACESSO A SISTEMAS > OFFICE 365,Entidade raiz > PIRATINI > CENTRAL DE ATENDIMENTOS > CASA CIVIL > Escritório de Brasilia,,pablo-guimaraes,pablo-guimaraes
3488,3581,Reset de Senha,6,3,1,2024-02-14 16:13:29+00:00,2024-02-14 17:07:03+00:00,,,ACESSO A SISTEMAS > SOE > RESET DE SENHA,Entidade raiz > PIRATINI > CENTRAL DE ATENDIMENTOS > CASA MILITAR,,jorge-vicente,ivandro-liotto
3489,3582,PROA LIBERAR ACESSO A GRUPO,6,3,2,2024-02-14 16:40:44+00:00,2024-02-14 16:57:11+00:00,,,ACESSO A SISTEMAS > SOE > PROA > ADICIONAR A GRUPO,Entidade raiz > PIRATINI > CENTRAL DE ATENDIMENTOS > CASA MILITAR,,pablo-guimaraes,elisandra-decantam
3490,3583,OUTLOOK // ADICIONAR/EXCLUIR USUÁRIO DE CAIXA COMPARTILHADA - Coordenadoria Estadual de Proteção e Defesa Civil ,6,3,2,2024-02-14 16:43:50+00:00,2024-02-14 18:02:50+00:00,,,ACESSO A SISTEMAS > OFFICE 365 > EMAIL > CAIXA COMPARTILHADA,Entidade raiz > PIRATINI > CENTRAL DE ATENDIMENTOS > CASA MILITAR,,pablo-guimaraes,elisandra-decantam
3491,3584,Atendimento ao usuário Suporte - COORDENAÇÃO DA ALA RESIDENCIAL,6,3,2,2024-02-15 08:56:12+00:00,2024-02-15 13:38:14+00:00,,,AJUDA E SUPORTE > ATENDIMENTO AO USUÁRIO,Entidade raiz > PIRATINI > CENTRAL DE ATENDIMENTOS > CASA MILITAR,,alessandro-vieira,junior-bittencourt
3492,3585,Atendimento ao usuário Suporte - RH Casa Civil - Av Mauá 1 andar,6,3,2,2024-02-15 09:06:51+00:00,2024-02-15 09:18:10+00:00,,,AJUDA E SUPORTE > ATENDIMENTO AO USUÁRIO,Entidade raiz > PIRATINI > CENTRAL DE ATENDIMENTOS > CASA CIVIL > Secretaria-Executiva > Subchefia Administrativa > Departamento de Gestão de Atos e Pessoal > Divisão de Gestão de Pessoas,,anderson-oliveira,vanessa-santos
3493,3586,Troca de grupo túnel // SECOM - ADM // Karen Strauss,6,3,2,2024-02-15 10:22:13+00:00,2024-02-19 11:23:11+00:00,,,ACESSO A SISTEMAS > TÚNEL PROCERGS,Entidade raiz > PIRATINI > CENTRAL DE ATENDIMENTOS > SECOM,,,karen-strauss
3494,3587,Atendimento ao usuário Suporte - secom,6,3,2,2024-02-15 10:29:45+00:00,2024-02-19 17:46:41+00:00,,,DTIC > EQUIPAMENTOS > MANUTENÇÃO,Entidade raiz > PIRATINI > CENTRAL DE ATENDIMENTOS > SECOM,,,jean-rangel
3515,3608,Atendimento ao usuário Suporte - ADMINISTRATIVO,6,3,2,2024-02-16 18:10:50+00:00,2024-02-16 19:19:17+00:00,,,ACESSO A SISTEMAS > SOE,Entidade raiz > PIRATINI > CENTRAL DE ATENDIMENTOS > SECOM,,pablo-guimaraes,andre-graminho
3495,3588,Outlook //CAIXA COMPARTILHADA - Coordenadoria Estadual de Proteção e Defesa Civil ,6,3,2,2024-02-15 10:46:37+00:00,2024-02-15 13:21:08+00:00,,,ACESSO A SISTEMAS > OFFICE 365 > EMAIL > CAIXA COMPARTILHADA,Entidade raiz > PIRATINI > CENTRAL DE ATENDIMENTOS > CASA MILITAR,,anderson-oliveira,elisandra-decantam
3496,3589,Outlook //CAIXA COMPARTILHADA - Coordenadoria Estadual de Proteção e Defesa Civil ,6,3,2,2024-02-15 10:49:14+00:00,2024-02-15 12:59:46+00:00,,,ACESSO A SISTEMAS > OFFICE 365 > EMAIL > CAIXA COMPARTILHADA,Entidade raiz > PIRATINI > CENTRAL DE ATENDIMENTOS > CASA MILITAR,,anderson-oliveira,elisandra-decantam
3497,3590,Atendimento ao usuário Suporte - GABINETE SECOM,6,3,2,2024-02-15 11:30:22+00:00,2024-02-15 12:53:17+00:00,,,AJUDA E SUPORTE > INSTALAÇÃO DE SOFTWARE,Entidade raiz > PIRATINI > CENTRAL DE ATENDIMENTOS > SECOM,,anderson-oliveira,
3498,3591,Atendimento ao usuário Suporte - GPE - GVG,6,3,2,2024-02-15 14:15:52+00:00,2024-03-04 16:36:07+00:00,,,AJUDA E SUPORTE > ATENDIMENTO AO USUÁRIO,Entidade raiz > PIRATINI > CENTRAL DE ATENDIMENTOS > GVG,,"anderson-oliveira, thales-leite",marcielli-bierhals
3499,3592,Atendimento ao usuário Suporte - Secom,6,3,1,2024-02-15 14:20:54+00:00,2024-02-20 14:12:32+00:00,,,AJUDA E SUPORTE > ATENDIMENTO AO USUÁRIO,Entidade raiz > PIRATINI > CENTRAL DE ATENDIMENTOS > SECOM,,"edson-silva, thales-leite","luis-zorzan, andre-graminho"
3500,3593,Atendimento ao usuário Suporte - secom,6,3,2,2024-02-15 15:18:18+00:00,2024-02-19 12:18:03+00:00,,,DTIC > EQUIPAMENTOS > MANUTENÇÃO,Entidade raiz > PIRATINI > CENTRAL DE ATENDIMENTOS > SECOM,,thales-leite,jean-rangel
3501,3594,"Autenticador de dois fatores, Office 365",6,4,2,2024-02-15 15:35:11+00:00,2024-02-15 17:37:30+00:00,,,ACESSO A SISTEMAS > OFFICE 365,Entidade raiz > PIRATINI > CENTRAL DE ATENDIMENTOS > CASA CIVIL,Memorial do Ministério Público > Gabinete Casa Civil,anderson-oliveira,michelle-silva
3502,3595,Atendimento ao usuário Suporte - SECOM-Gabinete,6,3,2,2024-02-15 16:30:07+00:00,2024-02-16 15:30:28+00:00,,,AJUDA E SUPORTE > INSTALAÇÃO DE SOFTWARE,Entidade raiz > PIRATINI > CENTRAL DE ATENDIMENTOS > SECOM,,alessandro-vieira,
3503,3596,Outlook //CAIXA COMPARTILHADA - Coordenadoria Estadual de Proteção e Defesa Civil ,6,3,2,2024-02-15 17:38:09+00:00,2024-02-16 10:23:01+00:00,,,ACESSO A SISTEMAS > OFFICE 365 > EMAIL > CAIXA COMPARTILHADA,Entidade raiz > PIRATINI > CENTRAL DE ATENDIMENTOS > CASA MILITAR,,anderson-oliveira,elisandra-decantam
3516,3609,Acesso a Sistemas Rede Piratini,6,3,2,2024-02-19 08:43:23+00:00,2024-02-19 14:35:04+00:00,,,ACESSO A SISTEMAS > REDE > LIBERAÇÃO DE ACESSO,Entidade raiz > PIRATINI > CENTRAL DE ATENDIMENTOS > CASA MILITAR,,anderson-oliveira,arlindo-oliveira
3504,3597,PROA LIBERAR ACESSO A GRUPO,6,3,2,2024-02-15 17:46:12+00:00,2024-02-16 11:11:55+00:00,,,ACESSO A SISTEMAS > SOE > PROA > ADICIONAR A GRUPO,Entidade raiz > PIRATINI > CENTRAL DE ATENDIMENTOS > CASA MILITAR,,miguelangelo,elisandra-decantam
3505,3598,Acesso a Sistemas  - PROA - OUTRO,6,3,2,2024-02-15 17:50:26+00:00,2024-02-16 11:08:17+00:00,,,ACESSO A SISTEMAS > SOE > PROA > ADICIONAR A GRUPO,Entidade raiz > PIRATINI > CENTRAL DE ATENDIMENTOS > CASA MILITAR,,miguelangelo,paulo-vogt
3506,3599,OFFICE 365 // NOVA CONTA DE EMAIL - Coordenadoria Estadual de Proteção e Defesa Civil ,6,3,2,2024-02-16 07:42:35+00:00,2024-02-16 10:22:03+00:00,,,ACESSO A SISTEMAS > OFFICE 365 > EMAIL > NOVO USUÁRIO,Entidade raiz > PIRATINI > CENTRAL DE ATENDIMENTOS > CASA MILITAR,,anderson-oliveira,elisandra-decantam
3507,3600,Atendimento ao usuário Suporte - Gabinete Medico,6,3,2,2024-02-16 08:51:27+00:00,2024-02-16 08:52:23+00:00,,,AJUDA E SUPORTE > ATENDIMENTO AO USUÁRIO,Entidade raiz > PIRATINI > CENTRAL DE ATENDIMENTOS > CASA MILITAR,,anderson-oliveira,christiano-perin
3508,3601,Acesso a Sistemas Rede Piratini,6,3,2,2024-02-16 08:54:48+00:00,2024-02-16 08:59:10+00:00,,,ACESSO A SISTEMAS > REDE > RESET DE SENHA,Entidade raiz > PIRATINI > CENTRAL DE ATENDIMENTOS > CASA CIVIL,,anderson-oliveira,marcelo-mallmann
3509,3602,Atendimento ao usuário Suporte - Departamento de Conservação e Memória do Patrimônio Cultural,6,3,1,2024-02-16 09:51:21+00:00,2024-02-16 18:09:47+00:00,,,AJUDA E SUPORTE > ATENDIMENTO AO USUÁRIO,Entidade raiz > PIRATINI > CENTRAL DE ATENDIMENTOS > GG,,,bruna-linhares
3510,3603,Troca de Tonner,6,3,2,2024-02-16 12:45:53+00:00,2024-02-16 13:26:21+00:00,,,DTIC > EQUIPAMENTOS > CONFIGURAÇÃO,Entidade raiz > PIRATINI > CENTRAL DE ATENDIMENTOS > CASA CIVIL,,"jorge-vicente, anderson-oliveira",
3511,3604,OFFICE 365 // ASSESSORIA ESPECÍFICA  - divisão de materiais e patrimônio cais maua,6,3,2,2024-02-16 14:37:09+00:00,2024-02-16 16:14:18+00:00,,,ACESSO A SISTEMAS > OFFICE 365 > EMAIL > ALTERAR PLANO / LICENÇA,Entidade raiz > PIRATINI > CENTRAL DE ATENDIMENTOS > CASA CIVIL,,anderson-oliveira,grecia-rodrigues
3512,3605,Atendimento ao usuário Suporte - Anexo Banrisul,6,3,2,2024-02-16 14:57:11+00:00,2024-02-16 16:12:28+00:00,,,AJUDA E SUPORTE > ATENDIMENTO AO USUÁRIO,Entidade raiz > PIRATINI > CENTRAL DE ATENDIMENTOS > CASA CIVIL,,"jorge-vicente, anderson-oliveira",janice-barbosa
3513,3606,Acesso a Sistemas  - FPE - LIBERAR ACESSO,6,3,2,2024-02-16 16:33:17+00:00,2024-04-02 09:14:47+00:00,,,ACESSO A SISTEMAS > SOE > FPE,Entidade raiz > PIRATINI > CENTRAL DE ATENDIMENTOS > GVG,,pablo-guimaraes,antonio-cargnin
3514,3607,Atendimento ao usuário Suporte - ADMFIN/SECOM,6,3,1,2024-02-16 17:54:20+00:00,2024-02-20 12:53:38+00:00,,,AJUDA E SUPORTE > INSTALAÇÃO DE SOFTWARE,Entidade raiz > PIRATINI > CENTRAL DE ATENDIMENTOS > SECOM,,"edson-silva, anderson-oliveira",juliana-fernandes
3517,3610,PROA REMOVER ACESSO A GRUPO,6,3,2,2024-02-19 08:48:28+00:00,2024-02-26 10:47:42+00:00,,,ACESSO A SISTEMAS > SOE > PROA > REMOVER DE GRUPO,Entidade raiz > PIRATINI > CENTRAL DE ATENDIMENTOS > CASA MILITAR,,miguelangelo,arlindo-oliveira
3518,3611,ACESSO A SISTEMAS CADASTRO DE ID PARA IMPRESSÃO,6,3,2,2024-02-19 08:51:30+00:00,2024-02-19 14:34:43+00:00,,,ACESSO A SISTEMAS > NDD,Entidade raiz > PIRATINI > CENTRAL DE ATENDIMENTOS > CASA MILITAR,,anderson-oliveira,arlindo-oliveira
3519,3612,Acesso a Sistemas  - FPE - OUTRO,6,3,2,2024-02-19 08:54:51+00:00,2024-02-19 17:44:59+00:00,,,,Entidade raiz > PIRATINI > CENTRAL DE ATENDIMENTOS > CASA CIVIL,,pablo-guimaraes,thais-difini
3520,3613,Acesso a Sistemas  - FPE - DESBLOQUEAR USUÁRIO,6,3,2,2024-02-19 08:59:22+00:00,2024-02-19 09:57:12+00:00,,,,Entidade raiz > PIRATINI > CENTRAL DE ATENDIMENTOS > SECOM,,"pablo-guimaraes, anderson-oliveira",juliana-fernandes
3521,3614,Acesso a Sistemas  - FPE - LIBERAR ACESSO,6,3,2,2024-02-19 09:06:13+00:00,2024-02-20 08:23:05+00:00,,,ACESSO A SISTEMAS > SOE > FPE,Entidade raiz > PIRATINI > CENTRAL DE ATENDIMENTOS > CASA MILITAR,,pablo-guimaraes,arlindo-oliveira
3522,3615,Atendimento ao usuário Suporte - Subchefia de Operações,6,3,2,2024-02-19 10:11:20+00:00,2024-02-19 10:21:35+00:00,,,AJUDA E SUPORTE > ATENDIMENTO AO USUÁRIO,Entidade raiz > PIRATINI > CENTRAL DE ATENDIMENTOS > CASA MILITAR,,pablo-guimaraes,arlindo-oliveira
3523,3616,"INCIDENTE  - Ouvidoria Geral do Estado, localizada no CAFF Centro Administrativo Fernando Ferrari",6,3,2,2024-02-19 10:44:55+00:00,2024-02-19 17:44:23+00:00,,,DTIC > EQUIPAMENTOS > CONFIGURAÇÃO,Entidade raiz > PIRATINI > CENTRAL DE ATENDIMENTOS > CASA CIVIL,,leonardo-riela,marcio-proszek
3524,3617,Outlook //ATUALIZAR DADOS DE CONTATO casa civil,6,3,2,2024-02-19 10:47:41+00:00,2024-02-19 17:43:32+00:00,,,AJUDA E SUPORTE > ATENDIMENTO AO USUÁRIO,Entidade raiz > PIRATINI > CENTRAL DE ATENDIMENTOS > CASA CIVIL,,anderson-oliveira,aline-renner
3525,3618,Atendimento ao Usuário - Suporte Gab Gov,6,3,1,2024-02-19 11:39:38+00:00,2024-02-19 11:46:59+00:00,,,AJUDA E SUPORTE > ATENDIMENTO AO USUÁRIO,Entidade raiz > PIRATINI > CENTRAL DE ATENDIMENTOS > GG,Palácio do Piratini,thales-leite,daniela-baum
3526,3619,Atendimento ao usuário Suporte - Assessoria de Comunicação - GVG ,6,3,2,2024-02-19 12:29:05+00:00,2024-02-19 17:42:49+00:00,,,ACESSO A SISTEMAS > REDE > LIBERAÇÃO DE ACESSO > NOVO USUÁRIO,Entidade raiz > PIRATINI > CENTRAL DE ATENDIMENTOS > GVG,,"miguelangelo, anderson-oliveira",marcielli-bierhals
3527,3620,INCIDENTE  - Gabinete de Projetos Especiais - GVG,6,3,2,2024-02-19 13:42:44+00:00,2024-02-20 08:56:43+00:00,,,DTIC > INFRAESTRUTURA > OUTROS,Entidade raiz > PIRATINI > CENTRAL DE ATENDIMENTOS > GVG,,leonardo-riela,marcielli-bierhals
3552,3645,Correção de nome // CM - Defesa Civil // Vanderlan Frank ,6,3,2,2024-02-20 13:28:03+00:00,2024-02-20 13:28:14+00:00,,,ACESSO A SISTEMAS > REDE,Entidade raiz > PIRATINI > CENTRAL DE ATENDIMENTOS > CASA MILITAR,,,vanderlan-carvalho
3528,3621,Atendimento ao usuário Suporte - Conservação e Memória,6,3,2,2024-02-19 13:55:01+00:00,2024-02-19 15:23:07+00:00,,,AJUDA E SUPORTE > ATENDIMENTO AO USUÁRIO,Entidade raiz > PIRATINI > CENTRAL DE ATENDIMENTOS > GG,,,bruno-rien
3529,3622,Atendimento ao usuário Suporte - Ala Residencial,6,3,2,2024-02-19 14:26:39+00:00,2024-02-20 08:52:52+00:00,,,AJUDA E SUPORTE > ATENDIMENTO AO USUÁRIO,Entidade raiz > PIRATINI > CENTRAL DE ATENDIMENTOS > GG,,edson-silva,luciana-conca
3530,3623,Requisição de equipamentos/ CC-Gabinete,6,3,2,2024-02-19 14:40:52+00:00,2024-02-20 08:51:51+00:00,,,AJUDA E SUPORTE > MOVIMENTO DE EQUIPAMENTOS DE TI > REQUISIÇÃO,Entidade raiz > PIRATINI > CENTRAL DE ATENDIMENTOS > CASA CIVIL,,anderson-oliveira,vinicius-gazoni
3531,3624,Recuperar arquivos Perfil - CC-Gabinete ,6,3,2,2024-02-19 15:04:53+00:00,2024-02-19 17:22:38+00:00,,,AJUDA E SUPORTE > ATENDIMENTO AO USUÁRIO,Entidade raiz > PIRATINI > CENTRAL DE ATENDIMENTOS > CASA CIVIL,,anderson-oliveira,jonatan-bronstrup
3532,3625,Acesso a Sistemas  - Geral - REMOVER ACESSO,6,3,2,2024-02-19 15:05:49+00:00,2024-02-23 09:31:18+00:00,,,DTIC > SISTEMAS > REMOÇÃO DE ACESSO SISTEMA,Entidade raiz > PIRATINI > CENTRAL DE ATENDIMENTOS > CASA MILITAR,,"miguelangelo, anderson-oliveira",thiago-santos
3533,3626,Acesso a Sistemas Rede Piratini,6,3,2,2024-02-19 15:10:46+00:00,2024-02-21 15:40:25+00:00,,,ACESSO A SISTEMAS > REDE > LIBERAÇÃO DE ACESSO > NOVO USUÁRIO,Entidade raiz > PIRATINI > CENTRAL DE ATENDIMENTOS > SECOM,,"miguelangelo, anderson-oliveira",andre-graminho
3534,3627,Suporte para assinar digitalmente // GG - Gabinete // Ester Gazalle,6,3,2,2024-02-19 15:15:46+00:00,2024-02-19 15:16:51+00:00,,,AJUDA E SUPORTE > ATENDIMENTO AO USUÁRIO,Entidade raiz > PIRATINI > CENTRAL DE ATENDIMENTOS > GG,,,ester-rodrigues
3535,3628,Quadro de iluminação offline // GG - Conservação e Memória // Bruno Rien,6,3,2,2024-02-19 15:22:31+00:00,2024-02-19 15:22:47+00:00,,,ACESSO A SISTEMAS > REDE > WIFI,Entidade raiz > PIRATINI > CENTRAL DE ATENDIMENTOS > GG,,,bruno-rien
3536,3629,Acesso a Sistemas Rede Piratini,6,3,2,2024-02-19 15:23:34+00:00,2024-02-20 08:42:04+00:00,,,ACESSO A SISTEMAS > OFFICE 365 > EMAIL > CAIXA COMPARTILHADA,Entidade raiz > PIRATINI > CENTRAL DE ATENDIMENTOS > CASA MILITAR,,anderson-oliveira,arlindo-oliveira
3537,3630,Acesso a Sistemas Rede Piratini,6,3,2,2024-02-19 15:38:13+00:00,2024-02-19 16:52:25+00:00,,,ACESSO A SISTEMAS > OFFICE 365 > EMAIL > CAIXA COMPARTILHADA,Entidade raiz > PIRATINI > CENTRAL DE ATENDIMENTOS > CASA MILITAR,,pablo-guimaraes,arlindo-oliveira
3538,3631,IMPRESSORA,6,3,2,2024-02-19 15:47:45+00:00,2024-03-05 10:22:06+00:00,,,IMPRESSORA,Entidade raiz > PIRATINI > CENTRAL DE ATENDIMENTOS > SECOM,,jorge-vicente,andre-graminho
3539,3632,Criação de conta de rede e email // GG - Gabinete // Ester Gazalle,6,3,2,2024-02-19 16:02:16+00:00,2024-02-21 10:51:19+00:00,,,ACESSO A SISTEMAS > REDE > LIBERAÇÃO DE ACESSO > NOVO USUÁRIO,Entidade raiz > PIRATINI > CENTRAL DE ATENDIMENTOS > GG,,edson-silva,ester-rodrigues
3540,3633,OFFICE 365 - Problemas armazenamento / sincronização,6,3,1,2024-02-19 16:06:13+00:00,2024-02-23 15:43:58+00:00,,,ACESSO A SISTEMAS > OFFICE 365,Entidade raiz > PIRATINI > CENTRAL DE ATENDIMENTOS > GG,,"jorge-vicente, alexandre-almoarqueg, thales-leite",yversen-reis
3541,3634,PROA REMOVER ACESSO A GRUPO,6,3,2,2024-02-19 16:34:15+00:00,2024-02-20 08:36:05+00:00,,,ACESSO A SISTEMAS > OFFICE 365 > EMAIL > CAIXA COMPARTILHADA,Entidade raiz > PIRATINI > CENTRAL DE ATENDIMENTOS > CASA MILITAR,,anderson-oliveira,elisandra-decantam
3542,3635,Outlook //CAIXA COMPARTILHADA - Coordenadoria Estadual de Proteção e Defesa Civil ,6,3,2,2024-02-19 16:37:16+00:00,2024-02-19 16:54:08+00:00,,,ACESSO A SISTEMAS > OFFICE 365 > EMAIL > CAIXA COMPARTILHADA,Entidade raiz > PIRATINI > CENTRAL DE ATENDIMENTOS > CASA MILITAR,,pablo-guimaraes,elisandra-decantam
3543,3636,Atendimento ao usuário Suporte - GVG - Assessoria de comunicação,6,3,2,2024-02-19 17:09:50+00:00,2024-02-23 11:01:21+00:00,,,AJUDA E SUPORTE > ATENDIMENTO AO USUÁRIO,Entidade raiz > PIRATINI > CENTRAL DE ATENDIMENTOS > GVG,,thales-leite,marcielli-bierhals
3544,3637,Acesso a Sistemas  - FPE - OUTRO,6,3,2,2024-02-19 17:35:03+00:00,2024-02-22 17:06:14+00:00,,,,Entidade raiz > PIRATINI > CENTRAL DE ATENDIMENTOS > CASA CIVIL,,pablo-guimaraes,jorge-sari
3545,3638,OFFICE 365 // ALTERAR PLANO / LICENÇA - CENTRAL DE DOAÇÕES DEFESA CIVIL CAFF,6,3,2,2024-02-20 09:24:05+00:00,2024-02-27 17:04:52+00:00,,,ACESSO A SISTEMAS > OFFICE 365 > EMAIL > ALTERAR PLANO / LICENÇA,Entidade raiz > PIRATINI > CENTRAL DE ATENDIMENTOS > CASA MILITAR,,"thales-leite, leonardo-riela",joaquim-monteiro
3546,3639,Acesso a Sistemas Rede Piratini,6,3,2,2024-02-20 09:48:06+00:00,2024-02-21 10:14:00+00:00,,,ACESSO A SISTEMAS > REDE > LIBERAÇÃO DE ACESSO > NOVO USUÁRIO,Entidade raiz > PIRATINI > CENTRAL DE ATENDIMENTOS > CASA MILITAR,,anderson-oliveira,paulo-santos
3547,3640,Acesso a Sistemas Rede Piratini,6,3,2,2024-02-20 10:10:47+00:00,2024-02-20 14:19:13+00:00,,,ACESSO A SISTEMAS > REDE > RESET DE SENHA,Entidade raiz > PIRATINI > CENTRAL DE ATENDIMENTOS > CASA CIVIL,,anderson-oliveira,luiz-campos
3548,3641,Acesso a Sistemas Rede Piratini,6,3,2,2024-02-20 10:29:59+00:00,2024-02-20 11:28:55+00:00,,,ACESSO A SISTEMAS > REDE > RESET DE SENHA,Entidade raiz > PIRATINI > CENTRAL DE ATENDIMENTOS > SECOM,,jorge-vicente,manoella-rodrigues
3549,3642,Acesso a Sistemas Rede Piratini,6,3,2,2024-02-20 11:35:35+00:00,2024-02-20 14:18:55+00:00,,,DTIC > EQUIPAMENTOS > CONFIGURAÇÃO,Entidade raiz > PIRATINI > CENTRAL DE ATENDIMENTOS > SECOM,,,manoella-rodrigues
3550,3643,Acesso a Sistemas  - PROA - DESBLOQUEAR USUÁRIO,6,3,2,2024-02-20 12:38:01+00:00,2024-02-20 13:21:31+00:00,,,AJUDA E SUPORTE > ATENDIMENTO AO USUÁRIO,Entidade raiz > PIRATINI > CENTRAL DE ATENDIMENTOS > CASA CIVIL,,jorge-vicente,maristela-kaminski
3551,3644,Acesso a Sistemas  - Túnel PROCERGS - OUTRO,6,3,2,2024-02-20 13:23:46+00:00,2024-02-20 16:34:26+00:00,,,ACESSO A SISTEMAS > REDE > TÚNEL PROCERGS,Entidade raiz > PIRATINI > CENTRAL DE ATENDIMENTOS > SECOM,,jorge-vicente,andre-graminho
3553,3646,Atendimento ao usuário Suporte - Cerimonial,6,3,2,2024-02-20 13:39:05+00:00,2024-02-20 14:20:01+00:00,,,AJUDA E SUPORTE > ATENDIMENTO AO USUÁRIO,Entidade raiz > PIRATINI > CENTRAL DE ATENDIMENTOS > GG,,,joao-bomfim
3554,3647,Atendimento ao usuário Suporte - ADMINISTRATIVO,6,3,2,2024-02-20 14:07:28+00:00,2024-02-20 14:13:01+00:00,,,AJUDA E SUPORTE > ATENDIMENTO AO USUÁRIO,Entidade raiz > PIRATINI > CENTRAL DE ATENDIMENTOS > SECOM,,jorge-vicente,andre-graminho
3555,3648,Atendimento ao usuário Suporte - Gabinete do Governador,6,3,2,2024-02-20 14:22:40+00:00,2024-02-20 15:56:00+00:00,,,AJUDA E SUPORTE > ATENDIMENTO AO USUÁRIO,Entidade raiz > PIRATINI > CENTRAL DE ATENDIMENTOS > GG,,anderson-oliveira,luciana-ghiggi
3556,3649,Acesso a Sistemas  - Túnel PROCERGS - OUTRO,6,3,2,2024-02-20 14:25:14+00:00,2024-02-20 16:37:17+00:00,,,ACESSO A SISTEMAS > REDE > TÚNEL PROCERGS,Entidade raiz > PIRATINI > CENTRAL DE ATENDIMENTOS > SECOM,,jorge-vicente,andre-graminho
3557,3650,Acesso a Sistemas  - Túnel PROCERGS - OUTRO,6,3,2,2024-02-20 14:27:10+00:00,2024-02-20 16:36:25+00:00,,,ACESSO A SISTEMAS > REDE > TÚNEL PROCERGS,Entidade raiz > PIRATINI > CENTRAL DE ATENDIMENTOS > SECOM,,jorge-vicente,andre-graminho
3558,3651,Acesso a Sistemas  - Túnel PROCERGS - OUTRO,6,3,2,2024-02-20 14:30:07+00:00,2024-02-20 16:35:30+00:00,,,ACESSO A SISTEMAS > REDE > TÚNEL PROCERGS,Entidade raiz > PIRATINI > CENTRAL DE ATENDIMENTOS > SECOM,,jorge-vicente,andre-graminho
3559,3652,Atendimento ao usuário Suporte - Divisão de Materiais e Patrimônio,6,3,2,2024-02-20 14:30:28+00:00,2024-02-20 19:36:09+00:00,,,ACESSO A SISTEMAS > OFFICE 365 > EMAIL > ATUALIZAR DADOS,Entidade raiz > PIRATINI > CENTRAL DE ATENDIMENTOS > CASA CIVIL,,pablo-guimaraes,diego-mattiello
3560,3653,Atendimento ao usuário Suporte - GVG,6,3,2,2024-02-20 14:50:04+00:00,2024-02-20 16:01:59+00:00,,,AJUDA E SUPORTE > ATENDIMENTO AO USUÁRIO,Entidade raiz > PIRATINI > CENTRAL DE ATENDIMENTOS > GVG,,anderson-oliveira,marcielli-bierhals
3561,3654,Acesso a Sistemas  - Túnel PROCERGS - OUTRO,6,3,2,2024-02-20 15:00:21+00:00,2024-02-20 16:37:53+00:00,,,ACESSO A SISTEMAS > REDE > TÚNEL PROCERGS,Entidade raiz > PIRATINI > CENTRAL DE ATENDIMENTOS > SECOM,,jorge-vicente,andre-graminho
3562,3655,Acesso a Sistemas  - Túnel PROCERGS - OUTRO,6,3,2,2024-02-20 15:04:01+00:00,2024-02-21 09:34:00+00:00,,,ACESSO A SISTEMAS > REDE > TÚNEL PROCERGS,Entidade raiz > PIRATINI > CENTRAL DE ATENDIMENTOS > SECOM,,pablo-guimaraes,andre-graminho
3563,3656,Acesso a Sistemas Rede Piratini,6,3,2,2024-02-20 15:07:54+00:00,2024-02-20 15:53:53+00:00,,,ACESSO A SISTEMAS > REDE > LIBERAÇÃO DE ACESSO > NOVO USUÁRIO,Entidade raiz > PIRATINI > CENTRAL DE ATENDIMENTOS > SECOM,,anderson-oliveira,andre-graminho
3564,3657,Atendimento ao usuário Suporte - Damac,6,3,2,2024-02-20 15:23:39+00:00,2024-02-20 15:31:28+00:00,,,ACESSO A SISTEMAS > REDE > RESET DE SENHA,Entidade raiz > PIRATINI > CENTRAL DE ATENDIMENTOS > CASA CIVIL,,jorge-vicente,marivete-souza
3565,3658,Acesso a Sistemas  - FPE - OUTRO,6,3,2,2024-02-20 15:51:39+00:00,2024-02-21 09:22:14+00:00,,,ACESSO A SISTEMAS > SOE > FPE,Entidade raiz > PIRATINI > CENTRAL DE ATENDIMENTOS > GVG,,pablo-guimaraes,carla-calero
3566,3659,Alteração de Dados Microsoft // CC - DCC // almeris-junior,6,3,2,2024-02-20 12:00:00+00:00,2024-02-21 11:33:31+00:00,,,ACESSO A SISTEMAS > OFFICE 365,Entidade raiz > PIRATINI > CENTRAL DE ATENDIMENTOS > CASA CIVIL > Secretaria-Executiva > Subchefia Administrativa > Departamento de Compras e Contratos,,pablo-guimaraes,almeris-junior
3567,3660,Acesso a Sistemas  - PROA - LIBERAR ACESSO,6,3,2,2024-02-20 17:02:54+00:00,2024-02-20 17:17:11+00:00,,,ACESSO A SISTEMAS > SOE > PROA > ADICIONAR A GRUPO,Entidade raiz > PIRATINI > CENTRAL DE ATENDIMENTOS > CASA MILITAR,,miguelangelo,joel-almeida
3568,3661,OUTLOOK // ADICIONAR/EXCLUIR USUÁRIO DE CAIXA COMPARTILHADA - CASA MILITAR,6,3,2,2024-02-20 17:05:49+00:00,2024-02-21 09:05:00+00:00,,,ACESSO A SISTEMAS > OFFICE 365 > EMAIL > CAIXA COMPARTILHADA,Entidade raiz > PIRATINI > CENTRAL DE ATENDIMENTOS > CASA MILITAR,,anderson-oliveira,joel-almeida
3569,3662,Acesso a Sistemas Rede Piratini,6,3,2,2024-02-20 17:06:55+00:00,2024-02-21 14:34:06+00:00,,,ACESSO A SISTEMAS > REDE > LIBERAÇÃO DE ACESSO,Entidade raiz > PIRATINI > CENTRAL DE ATENDIMENTOS > CASA MILITAR,,anderson-oliveira,joel-almeida
3570,3663,OFFICE 365 //ALIAS DE EMAIL - CASA MILITAR,6,3,2,2024-02-20 17:12:18+00:00,2024-02-21 09:04:22+00:00,,,ACESSO A SISTEMAS > OFFICE 365 > EMAIL,Entidade raiz > PIRATINI > CENTRAL DE ATENDIMENTOS > CASA MILITAR,,pablo-guimaraes,joel-almeida
3571,3664,Acesso a Sistemas  - Geral - LIBERAR ACESSO,6,3,2,2024-02-20 18:09:38+00:00,2024-02-21 09:58:30+00:00,,,ACESSO A SISTEMAS > REDE > LIBERAÇÃO DE ACESSO,Entidade raiz > PIRATINI > CENTRAL DE ATENDIMENTOS > SECOM,,anderson-oliveira,jean-rangel
3572,3665,Alteração de Dados Microsoft // CC - DPO // rita-muller,6,3,2,2024-02-20 12:00:00+00:00,2024-02-21 09:16:59+00:00,,,ACESSO A SISTEMAS > OFFICE 365,Entidade raiz > PIRATINI > CENTRAL DE ATENDIMENTOS > CASA CIVIL > Secretaria-Executiva > Subchefia Administrativa > Departamento de Planejamento Orçamento e Finanças,,pablo-guimaraes,rita-muller
3573,3666,Licenças Adobe // GVG - Gabinete // Carla Calero,6,3,2,2024-02-21 08:41:32+00:00,2024-02-21 08:43:54+00:00,,,DTIC > SISTEMAS > CONFIGURAÇÃO DE SOFTWARE,Entidade raiz > PIRATINI > CENTRAL DE ATENDIMENTOS > GVG,,,carla-calero
3574,3667,OFFICE 365 // ALTERAR PLANO / LICENÇA - Gabinete-ALA,6,3,2,2024-02-21 08:42:07+00:00,2024-02-21 09:59:37+00:00,,,ACESSO A SISTEMAS > OFFICE 365 > EMAIL > ALTERAR PLANO / LICENÇA,Entidade raiz > PIRATINI > CENTRAL DE ATENDIMENTOS > GG,,anderson-oliveira,
3575,3668,Impressora não liga,6,3,1,2024-02-21 09:07:56+00:00,2024-02-21 09:43:44+00:00,,,DTIC > EQUIPAMENTOS > MANUTENÇÃO,Entidade raiz > PIRATINI > CENTRAL DE ATENDIMENTOS > CASA CIVIL,,anderson-oliveira,
3576,3669,Acesso a Sistemas  - Geral - DESBLOQUEAR USUÁRIO,6,3,2,2024-02-21 10:11:34+00:00,2024-02-21 10:17:43+00:00,,,ACESSO A SISTEMAS > REDE > RESET DE SENHA,Entidade raiz > PIRATINI > CENTRAL DE ATENDIMENTOS > CASA MILITAR,,anderson-oliveira,thiago-santos
3577,3670,Atendimento ao Usuário - OneDrive,6,3,1,2024-02-21 11:07:39+00:00,2024-02-21 11:09:53+00:00,,,AJUDA E SUPORTE > ATENDIMENTO AO USUÁRIO,Entidade raiz > PIRATINI > CENTRAL DE ATENDIMENTOS > SECOM,,thales-leite,fernanda-guilhon
3578,3671,Atendimento ao usuário Suporte - Departamento de Conservação e Memória,6,3,2,2024-02-21 11:35:53+00:00,2024-02-26 15:13:08+00:00,,,AJUDA E SUPORTE > ATENDIMENTO AO USUÁRIO,Entidade raiz > PIRATINI > CENTRAL DE ATENDIMENTOS > GG,,leonardo-riela,bruno-rien
3579,3672,Atendimento ao usuário Suporte - gabinete,6,3,2,2024-02-21 11:43:16+00:00,2024-02-21 14:36:09+00:00,,,AJUDA E SUPORTE > INSTALAÇÃO DE SOFTWARE,Entidade raiz > PIRATINI > CENTRAL DE ATENDIMENTOS > SECOM,,thales-leite,andre-graminho
3580,3673,Atendimento ao usuário Suporte - DMA - SPH,6,3,2,2024-02-21 11:43:20+00:00,2024-02-21 18:30:57+00:00,,,AJUDA E SUPORTE > ATENDIMENTO AO USUÁRIO,Entidade raiz > PIRATINI > CENTRAL DE ATENDIMENTOS > CASA CIVIL,,"thales-leite, leonardo-riela",jorge-sari
3581,3674,INGRESSO DE SERVIDOR,6,4,2,2024-02-21 11:44:00+00:00,2024-02-21 17:25:00+00:00,,,,Entidade raiz > PIRATINI > CENTRAL DE ATENDIMENTOS > CASA CIVIL > Secretaria-Executiva > Subchefia Administrativa > Departamento de Gestão de Atos e Pessoal > Divisão de Gestão de Pessoas,,"pablo-guimaraes, anderson-oliveira",silvia-leopoldino
3582,3675,Alterar Dados Microsoft365 // CC - DMCP // gustavo-sehnem,6,3,2,2024-02-20 12:00:00+00:00,2024-02-21 18:34:46+00:00,,,ACESSO A SISTEMAS > OFFICE 365 > EMAIL > ATUALIZAR DADOS,Entidade raiz > PIRATINI > CENTRAL DE ATENDIMENTOS > CASA CIVIL > Secretaria-Executiva > Subchefia Administrativa > Departamento de Manutenção e Conservação do Palácio do Piratini,,pablo-guimaraes,gustavo-sehnem
3583,3676,INCIDENTE  - Coordenação da Ala Residencial,6,3,2,2024-02-21 12:01:07+00:00,2024-02-21 15:18:22+00:00,,,DTIC > INFRAESTRUTURA > OUTROS,Entidade raiz > PIRATINI > CENTRAL DE ATENDIMENTOS > CASA MILITAR,,thales-leite,luisa-maestri
3584,3677,Solicitação de monitores,6,3,2,2024-02-21 13:57:29+00:00,2024-02-21 16:20:56+00:00,,,,Entidade raiz > PIRATINI > CENTRAL DE ATENDIMENTOS > CASA CIVIL,Memorial do Ministério Público > Gabinete Casa Civil,,evandro-kondach
3585,3678,Acesso a Sistemas  - Túnel PROCERGS - OUTRO,6,3,2,2024-02-21 14:00:11+00:00,2024-02-21 14:18:49+00:00,,,ACESSO A SISTEMAS > REDE > RESET DE SENHA,Entidade raiz > PIRATINI > CENTRAL DE ATENDIMENTOS > CASA CIVIL,,jorge-vicente,aline-renner
3586,3679,OFFICE 365 // ASSESSORIA ESPECÍFICA  - Divisão de Manutenção,6,3,2,2024-02-21 15:12:02+00:00,2024-02-23 13:00:17+00:00,,,ACESSO A SISTEMAS > OFFICE 365,Entidade raiz > PIRATINI > CENTRAL DE ATENDIMENTOS > CASA CIVIL,,pablo-guimaraes,rinaldo-silva
3587,3680,Atendimento ao usuário Suporte - DF ,6,3,2,2024-02-21 16:12:28+00:00,2024-02-21 16:19:17+00:00,,,ACESSO A SISTEMAS > SOE > RESET DE SENHA,Entidade raiz > PIRATINI > CENTRAL DE ATENDIMENTOS > SECOM,,pablo-guimaraes,leonardo-dangel
3588,3681,Atendimento ao usuário Suporte - ADMINISTRATIVO,6,3,2,2024-02-21 16:45:26+00:00,2024-02-22 08:39:08+00:00,,,DTIC > SISTEMAS > ALTERAÇÃO DE ACESSO,Entidade raiz > PIRATINI > CENTRAL DE ATENDIMENTOS > SECOM,,pablo-guimaraes,andre-graminho
3589,3682,PROA LIBERAR ACESSO A GRUPO,6,3,2,2024-02-21 17:26:05+00:00,2024-02-21 18:17:46+00:00,,,ACESSO A SISTEMAS > SOE > PROA > ADICIONAR A GRUPO,Entidade raiz > PIRATINI > CENTRAL DE ATENDIMENTOS > CASA MILITAR,,pablo-guimaraes,elisandra-decantam
3590,3683,PROA LIBERAR ACESSO A GRUPO,6,3,2,2024-02-21 17:28:01+00:00,2024-02-21 18:14:19+00:00,,,ACESSO A SISTEMAS > SOE > PROA > REMOVER DE GRUPO,Entidade raiz > PIRATINI > CENTRAL DE ATENDIMENTOS > CASA MILITAR,,pablo-guimaraes,elisandra-decantam
3591,3684,Atendimento ao usuário Suporte - Cerimonial,6,3,2,2024-02-21 17:30:32+00:00,2024-02-23 15:58:09+00:00,,,AJUDA E SUPORTE > ATENDIMENTO AO USUÁRIO,Entidade raiz > PIRATINI > CENTRAL DE ATENDIMENTOS > GG,,thales-leite,leandro-hardt
3592,3685,Atendimento ao usuário Suporte - DMA - SPH,6,3,2,2024-02-21 17:30:57+00:00,2024-02-22 10:12:42+00:00,,,AJUDA E SUPORTE > INSTALAÇÃO DE SOFTWARE,Entidade raiz > PIRATINI > CENTRAL DE ATENDIMENTOS > CASA CIVIL,,leonardo-riela,jorge-sari
3593,3686,PROA REMOVER ACESSO A GRUPO,6,3,2,2024-02-21 17:34:03+00:00,2024-02-21 18:05:22+00:00,,,ACESSO A SISTEMAS > SOE > PROA > REMOVER DE GRUPO,Entidade raiz > PIRATINI > CENTRAL DE ATENDIMENTOS > CASA MILITAR,,pablo-guimaraes,elisandra-decantam
3594,3687,PROA LIBERAR ACESSO A GRUPO,6,3,2,2024-02-21 17:36:54+00:00,2024-02-21 18:11:42+00:00,,,ACESSO A SISTEMAS > SOE > PROA > ADICIONAR A GRUPO,Entidade raiz > PIRATINI > CENTRAL DE ATENDIMENTOS > CASA MILITAR,,pablo-guimaraes,elisandra-decantam
3595,3688,PROA LIBERAR ACESSO A GRUPO,6,3,2,2024-02-21 17:43:47+00:00,2024-02-21 18:09:06+00:00,,,ACESSO A SISTEMAS > SOE > PROA > REMOVER DE GRUPO,Entidade raiz > PIRATINI > CENTRAL DE ATENDIMENTOS > CASA MILITAR,,pablo-guimaraes,elisandra-decantam
3605,3698,Atendimento ao usuário Suporte - GABINETE,6,3,2,2024-02-22 10:13:20+00:00,2024-02-22 10:39:49+00:00,,,AJUDA E SUPORTE > ATENDIMENTO AO USUÁRIO,Entidade raiz > PIRATINI > CENTRAL DE ATENDIMENTOS > SECOM,,,andre-graminho
3656,3749,Atendimento ao usuário Suporte - Forte Apache,6,3,2,2024-02-27 14:35:15+00:00,2024-02-27 15:54:04+00:00,,,AJUDA E SUPORTE > ATENDIMENTO AO USUÁRIO,Entidade raiz > PIRATINI > CENTRAL DE ATENDIMENTOS > CASA CIVIL,,,graca-godinho
3596,3689,Outlook //CAIXA COMPARTILHADA - Coordenadoria Estadual de Proteção e Defesa Civil ,6,3,2,2024-02-21 17:48:59+00:00,2024-02-21 18:51:44+00:00,,,ACESSO A SISTEMAS > OFFICE 365 > EMAIL > CAIXA COMPARTILHADA,Entidade raiz > PIRATINI > CENTRAL DE ATENDIMENTOS > CASA MILITAR,,anderson-oliveira,elisandra-decantam
3597,3690,Outlook //CAIXA COMPARTILHADA - Coordenadoria Estadual de Proteção e Defesa Civil ,6,3,2,2024-02-21 17:52:44+00:00,2024-02-22 08:26:30+00:00,,,ACESSO A SISTEMAS > OFFICE 365 > EMAIL > CAIXA COMPARTILHADA,Entidade raiz > PIRATINI > CENTRAL DE ATENDIMENTOS > CASA MILITAR,,anderson-oliveira,elisandra-decantam
3598,3691,PROA REMOVER ACESSO A GRUPO,6,3,2,2024-02-21 18:32:09+00:00,2024-02-26 11:08:27+00:00,,,ACESSO A SISTEMAS > SOE > PROA > REMOVER DE GRUPO,Entidade raiz > PIRATINI > CENTRAL DE ATENDIMENTOS > CASA MILITAR,,miguelangelo,elisandra-decantam
3599,3692,Acesso a Sistemas - GVG-Gabinete de Projetos Especiais - GPE,6,3,2,2024-02-22 09:11:36+00:00,2024-02-22 13:33:37+00:00,,,ACESSO A SISTEMAS > REDE > LIBERAÇÃO DE ACESSO > NOVO USUÁRIO,Entidade raiz > PIRATINI > CENTRAL DE ATENDIMENTOS > GVG,,anderson-oliveira,antonio-cargnin
3600,3693,OFFICE 365 // ASSESSORIA ESPECÍFICA  - DPO - Cais Mauá,6,3,2,2024-02-22 09:20:31+00:00,2024-02-22 16:54:12+00:00,,,ACESSO A SISTEMAS > OFFICE 365,Entidade raiz > PIRATINI > CENTRAL DE ATENDIMENTOS > CASA CIVIL,,pablo-guimaraes,thais-difini
3601,3694,Acesso a Sistemas Rede Piratini,6,3,2,2024-02-22 09:38:03+00:00,2024-02-22 09:49:21+00:00,,,ACESSO A SISTEMAS > REDE > RESET DE SENHA,Entidade raiz > PIRATINI > CENTRAL DE ATENDIMENTOS > CASA CIVIL,,anderson-oliveira,rejane-farias
3602,3695,Atendimento ao usuário Suporte - SECOM - Redação,6,3,2,2024-02-22 09:48:20+00:00,2024-02-22 14:18:54+00:00,,,AJUDA E SUPORTE > INSTALAÇÃO DE SOFTWARE,Entidade raiz > PIRATINI > CENTRAL DE ATENDIMENTOS > SECOM,,edson-silva,jean-rangel
3603,3696,Atendimento ao usuário Suporte - CONSERVAÇÃO E MEMORIA,6,3,2,2024-02-22 10:01:56+00:00,2024-02-22 10:19:04+00:00,,,ACESSO A SISTEMAS > NDD,Entidade raiz > PIRATINI > CENTRAL DE ATENDIMENTOS > GG,,anderson-oliveira,roberto-goncalves
3604,3697,PROA LIBERAR ACESSO A GRUPO,6,3,2,2024-02-22 10:02:47+00:00,2024-02-26 11:11:23+00:00,,,ACESSO A SISTEMAS > SOE > PROA > ADICIONAR A GRUPO,Entidade raiz > PIRATINI > CENTRAL DE ATENDIMENTOS > CASA MILITAR,,miguelangelo,debora-aparecida
3606,3699,Atendimento ao usuário Suporte - GABINETE SECOM,6,3,2,2024-02-22 11:30:10+00:00,2024-02-22 11:44:01+00:00,,,AJUDA E SUPORTE > INSTALAÇÃO DE SOFTWARE,Entidade raiz > PIRATINI > CENTRAL DE ATENDIMENTOS > SECOM,,anderson-oliveira,
3607,3700,PROA LIBERAR ACESSO A GRUPO,6,3,2,2024-02-22 12:55:53+00:00,2024-02-26 10:49:53+00:00,,,ACESSO A SISTEMAS > SOE > PROA > ADICIONAR A GRUPO,Entidade raiz > PIRATINI > CENTRAL DE ATENDIMENTOS > CASA MILITAR,,miguelangelo,elisandra-decantam
3608,3701,Acesso a Sistemas Rede Piratini,6,3,2,2024-02-22 13:32:49+00:00,2024-02-22 17:31:08+00:00,,,ACESSO A SISTEMAS > REDE > LIBERAÇÃO DE ACESSO > NOVO USUÁRIO,Entidade raiz > PIRATINI > CENTRAL DE ATENDIMENTOS > SECOM,,anderson-oliveira,jean-rangel
3609,3702,Acesso a Sistemas  - GDG - LIBERAR ACESSO,6,3,2,2024-02-22 13:41:41+00:00,2024-02-22 14:27:11+00:00,,,ACESSO A SISTEMAS > SOE,Entidade raiz > PIRATINI > CENTRAL DE ATENDIMENTOS > CASA CIVIL,,pablo-guimaraes,maristela-kaminski
3610,3703,Acesso a Sistemas  - PROA - LIBERAR ACESSO,6,3,2,2024-02-22 13:42:36+00:00,2024-02-26 10:51:24+00:00,,,,Entidade raiz > PIRATINI > CENTRAL DE ATENDIMENTOS > CASA CIVIL,,miguelangelo,maristela-kaminski
3611,3704,Atendimento ao usuário Suporte - ADMINISTRATIVO,6,3,2,2024-02-22 15:46:20+00:00,2024-02-26 16:55:06+00:00,,,AJUDA E SUPORTE > ATENDIMENTO AO USUÁRIO,Entidade raiz > PIRATINI > CENTRAL DE ATENDIMENTOS > SECOM,,"edson-silva, thales-leite",andre-graminho
3612,3705,OUTLOOK // ADICIONAR/EXCLUIR USUÁRIO DE CAIXA COMPARTILHADA - JORNALISMO,6,3,2,2024-02-22 15:58:31+00:00,2024-02-22 17:29:41+00:00,,,ACESSO A SISTEMAS > OFFICE 365 > EMAIL > CAIXA COMPARTILHADA,Entidade raiz > PIRATINI > CENTRAL DE ATENDIMENTOS > SECOM,,anderson-oliveira,andre-graminho
3613,3706,Atendimento ao usuário Suporte - DMA-SPH,6,3,2,2024-02-22 16:57:19+00:00,2024-02-22 17:15:34+00:00,,,AJUDA E SUPORTE > ATENDIMENTO AO USUÁRIO,Entidade raiz > PIRATINI > CENTRAL DE ATENDIMENTOS > CASA CIVIL,,pablo-guimaraes,grecia-rodrigues
3614,3707,Atendimento ao usuário Suporte - ADMINISTRATIVO,6,3,2,2024-02-22 17:47:40+00:00,2024-03-04 10:03:44+00:00,,,ACESSO A SISTEMAS > SOE > PROA,Entidade raiz > PIRATINI > CENTRAL DE ATENDIMENTOS > SECOM,,miguelangelo,andre-graminho
3615,3708,Atendimento ao usuário Suporte - DF - PROA,6,3,2,2024-02-23 09:20:11+00:00,2024-02-26 10:39:27+00:00,,,ACESSO A SISTEMAS > SOE > PROA,Entidade raiz > PIRATINI > CENTRAL DE ATENDIMENTOS > SECOM,,miguelangelo,andre-graminho
3616,3709,Atendimento ao usuário Suporte - DMA-SPH,6,3,2,2024-02-23 09:39:51+00:00,2024-02-23 10:25:56+00:00,,,ACESSO A SISTEMAS > NDD,Entidade raiz > PIRATINI > CENTRAL DE ATENDIMENTOS > CASA CIVIL,,anderson-oliveira,grecia-rodrigues
3617,3710,Atendimento ao usuário Suporte - CONSERVAÇÃO E MEMORIA,6,3,2,2024-02-23 10:28:49+00:00,2024-02-23 10:48:12+00:00,,,AJUDA E SUPORTE > INSTALAÇÃO DE SOFTWARE,Entidade raiz > PIRATINI > CENTRAL DE ATENDIMENTOS > GG,,anderson-oliveira,roberto-goncalves
3618,3711,Atendimento ao usuário Suporte - Maua 1050,6,3,2,2024-02-23 10:30:35+00:00,2024-02-23 10:44:02+00:00,,,AJUDA E SUPORTE > ATENDIMENTO AO USUÁRIO,Entidade raiz > PIRATINI > CENTRAL DE ATENDIMENTOS > CASA CIVIL,,anderson-oliveira,maristela-kaminski
3619,3712,Instalação / Deslocamento de AP na sala R3 e eR2,6,3,2,2024-02-23 12:00:00+00:00,2024-02-26 11:01:09+00:00,,,DTIC > INFRAESTRUTURA > WI-FI,Entidade raiz > PIRATINI > CENTRAL DE ATENDIMENTOS > GG > Chefia de Gabinete do Governador > Direção-Geral > Departamento de Cerimonial,Palacio Piratini - Ala Residencial,edson-silva,luciana-conca
3620,3713,Atendimento ao usuário Suporte - Secom,6,3,2,2024-02-23 11:21:26+00:00,2024-02-26 08:45:23+00:00,,,DTIC > EQUIPAMENTOS > MANUTENÇÃO,Entidade raiz > PIRATINI > CENTRAL DE ATENDIMENTOS > SECOM,,,jean-rangel
3621,3714,Atendimento ao usuário Suporte - Cerimonial,6,3,2,2024-02-23 14:37:06+00:00,2024-02-23 15:04:10+00:00,,,AJUDA E SUPORTE > ATENDIMENTO AO USUÁRIO,Entidade raiz > PIRATINI > CENTRAL DE ATENDIMENTOS > GG,,,joao-bomfim
3622,3715,Instalação/configuração do fortiClient,6,3,1,2024-02-23 15:46:59+00:00,2024-02-23 15:47:38+00:00,,,,Entidade raiz > PIRATINI > CENTRAL DE ATENDIMENTOS > CASA CIVIL > Secretaria-Executiva > Subchefia Administrativa > Departamento de Gestão de Atos e Pessoal > Divisão de Gestão de Pessoas,,edson-silva,"edson-silva, carlos-duarte"
3623,3716,INCIDENTE  - CHEFE DE GABINETE,6,3,2,2024-02-23 15:50:51+00:00,2024-02-23 16:55:07+00:00,,,DTIC > INFRAESTRUTURA > OUTROS,Entidade raiz > PIRATINI > CENTRAL DE ATENDIMENTOS > GVG,,"anderson-oliveira, thales-leite",carla-calero
3624,3717,Acesso a Sistemas  - RHE - LIBERAR ACESSO,6,3,2,2024-02-23 16:59:40+00:00,2024-02-26 08:44:38+00:00,,,AJUDA E SUPORTE > ATENDIMENTO AO USUÁRIO,Entidade raiz > PIRATINI > CENTRAL DE ATENDIMENTOS > CASA CIVIL,,anderson-oliveira,maristela-kaminski
3625,3718,Computador Não Liga,6,3,1,2024-02-26 09:14:54+00:00,2024-02-26 15:42:17+00:00,,,DTIC > EQUIPAMENTOS > MANUTENÇÃO,Entidade raiz > PIRATINI > CENTRAL DE ATENDIMENTOS,,"edson-silva, thales-leite",edson-silva
3626,3719,Atendimento ao usuário Suporte - Corpo da Guarda do Palacio Piratini,6,3,2,2024-02-26 09:26:02+00:00,2024-02-26 15:45:02+00:00,,,DTIC > EQUIPAMENTOS > MANUTENÇÃO,Entidade raiz > PIRATINI > CENTRAL DE ATENDIMENTOS > CASA MILITAR,,"edson-silva, thales-leite",paulo-pacheco
3627,3720,Atendimento ao usuário Suporte - Guarita do Portão 1,6,3,2,2024-02-26 09:45:11+00:00,2024-02-26 10:05:16+00:00,,,AJUDA E SUPORTE > ATENDIMENTO AO USUÁRIO,Entidade raiz > PIRATINI > CENTRAL DE ATENDIMENTOS > CASA MILITAR,,,paulo-pacheco
3628,3721,Atendimento ao usuário Suporte - GABINETE,6,3,2,2024-02-26 10:46:14+00:00,2024-03-01 14:21:37+00:00,,,AJUDA E SUPORTE > INSTALAÇÃO DE SOFTWARE,Entidade raiz > PIRATINI > CENTRAL DE ATENDIMENTOS > SECOM,,"anderson-oliveira, thales-leite",andre-graminho
3629,3722,Atendimento ao usuário Suporte - administrativo SECOM_VÂNIA,5,3,2,2024-02-26 11:00:59+00:00,2025-10-19 01:23:52+00:00,,,AJUDA E SUPORTE > ATENDIMENTO AO USUÁRIO,Entidade raiz > PIRATINI > CENTRAL DE ATENDIMENTOS > SECOM,,edson-silva,vania-pinto
3630,3723,PROA LIBERAR ACESSO A GRUPO,6,3,2,2024-02-26 11:19:35+00:00,2024-02-26 17:08:09+00:00,,,ACESSO A SISTEMAS > SOE > PROA > ADICIONAR A GRUPO,Entidade raiz > PIRATINI > CENTRAL DE ATENDIMENTOS > CASA CIVIL,,miguelangelo,marilia-castro
3631,3724,Atendimento ao usuário Suporte - GABINETE,6,3,2,2024-02-26 11:43:46+00:00,2024-02-26 15:38:23+00:00,,,AJUDA E SUPORTE > ATENDIMENTO AO USUÁRIO,Entidade raiz > PIRATINI > CENTRAL DE ATENDIMENTOS > SECOM,,thales-leite,andre-graminho
3632,3725,Atendimento ao usuário Suporte - Publicidade,6,3,2,2024-02-26 11:45:45+00:00,2024-02-26 16:53:16+00:00,,,AJUDA E SUPORTE > ATENDIMENTO AO USUÁRIO,Entidade raiz > PIRATINI > CENTRAL DE ATENDIMENTOS > SECOM,,thales-leite,andre-graminho
3633,3726,Atendimento ao usuário Suporte - Esquadrão de guarda,6,3,2,2024-02-26 11:49:43+00:00,2024-02-27 11:48:37+00:00,,,DTIC > INFRAESTRUTURA > MUDANÇA DE LOCAL,Entidade raiz > PIRATINI > CENTRAL DE ATENDIMENTOS > GG,,"jorge-vicente, edson-silva, anderson-oliveira, thales-leite",leonardo-oliveira
3634,3727,EQUIPAMENTOS IMPRESSORA ATOLAMENTO - Direção-Geral (ala norte),6,3,2,2024-02-26 12:22:00+00:00,2024-04-11 19:29:03+00:00,,,IMPRESSORA > ATOLAMENTO,Entidade raiz > PIRATINI > CENTRAL DE ATENDIMENTOS > GVG,,jorge-vicente,marcielli-bierhals
3635,3728,Atendimento ao Usuário,6,3,2,2024-02-26 13:28:30+00:00,2024-02-27 11:11:33+00:00,,,DTIC > EQUIPAMENTOS > MANUTENÇÃO,Entidade raiz > PIRATINI > CENTRAL DE ATENDIMENTOS > CASA CIVIL,,thales-leite,marcelo-flach
3636,3729,Acesso a Sistemas Rede Piratini,6,3,2,2024-02-26 13:56:09+00:00,2024-02-26 14:26:44+00:00,,,ACESSO A SISTEMAS > REDE > RESET DE SENHA,Entidade raiz > PIRATINI > CENTRAL DE ATENDIMENTOS > GG,,anderson-oliveira,leandro-hardt
3637,3730,Acesso a Sistemas Rede Piratini,6,3,2,2024-02-26 14:13:19+00:00,2024-02-26 15:45:25+00:00,,,DTIC > SISTEMAS > REMOÇÃO DE ACESSO SISTEMA,Entidade raiz > PIRATINI > CENTRAL DE ATENDIMENTOS > CASA MILITAR,,anderson-oliveira,patrick-senger
3638,3731,Acesso a Sistemas Rede Piratini,6,3,2,2024-02-26 14:17:50+00:00,2024-02-26 15:16:26+00:00,,,ACESSO A SISTEMAS > REDE > LIBERAÇÃO DE ACESSO > NOVO USUÁRIO,Entidade raiz > PIRATINI > CENTRAL DE ATENDIMENTOS > CASA MILITAR,,anderson-oliveira,patrick-senger
3639,3732,PROA REMOVER ACESSO A GRUPO,6,3,2,2024-02-26 14:35:24+00:00,2024-02-26 15:18:17+00:00,,,ACESSO A SISTEMAS > SOE > PROA > REMOVER DE GRUPO,Entidade raiz > PIRATINI > CENTRAL DE ATENDIMENTOS > GVG,,miguelangelo,marcielli-bierhals
3640,3733,Atendimento ao usuário Suporte - GVG,6,3,2,2024-02-26 15:16:45+00:00,2024-02-26 16:18:48+00:00,,,AJUDA E SUPORTE > ATENDIMENTO AO USUÁRIO,Entidade raiz > PIRATINI > CENTRAL DE ATENDIMENTOS > GVG,,"miguelangelo, anderson-oliveira",marcielli-bierhals
3641,3734,Evento Codesul // GG - Gabinete // Alexandre,6,3,2,2024-02-26 15:26:40+00:00,2024-03-01 11:17:46+00:00,,,DTIC > INFRAESTRUTURA > WI-FI,Entidade raiz > PIRATINI > CENTRAL DE ATENDIMENTOS > GG,,edson-silva,alexandre-almoarqueg
3642,3735,Erro de confiança,6,3,1,2024-02-26 15:44:18+00:00,2024-02-28 14:34:32+00:00,,,DTIC > EQUIPAMENTOS > MANUTENÇÃO,Entidade raiz > PIRATINI > CENTRAL DE ATENDIMENTOS > CASA CIVIL,,"anderson-oliveira, leonardo-riela",paloma-amorim
3643,3736,Remanejamento de Fibra // CC - 1005 // Humberto Nicolini,6,3,2,2024-02-26 16:52:21+00:00,2024-03-04 09:52:31+00:00,,,DTIC > INFRAESTRUTURA,Entidade raiz > PIRATINI > CENTRAL DE ATENDIMENTOS > CASA MILITAR,,,
4454,4560,Ajuda e Suporte / Atendimento ao Usuário - Configuração de Computador e Senha,6,3,1,2024-06-10 10:01:30+00:00,2024-06-10 10:07:20+00:00,,,,Entidade raiz > PIRATINI > CENTRAL DE ATENDIMENTOS > CASA CIVIL,,"anderson-oliveira, thales-leite",vera-machado
3644,3737,PROA LIBERAR ACESSO A GRUPO,6,3,2,2024-02-26 17:22:59+00:00,2024-02-28 09:22:38+00:00,,,ACESSO A SISTEMAS > SOE > PROA,Entidade raiz > PIRATINI > CENTRAL DE ATENDIMENTOS > CASA MILITAR,,miguelangelo,elisandra-decantam
3645,3738,PROA LIBERAR ACESSO A GRUPO,6,3,2,2024-02-26 17:38:41+00:00,2024-02-28 09:22:18+00:00,,,ACESSO A SISTEMAS > SOE > PROA,Entidade raiz > PIRATINI > CENTRAL DE ATENDIMENTOS > CASA MILITAR,,miguelangelo,elisandra-decantam
3646,3739,PROA LIBERAR ACESSO A GRUPO,6,3,2,2024-02-26 17:41:57+00:00,2024-02-28 09:21:59+00:00,,,ACESSO A SISTEMAS > SOE > PROA,Entidade raiz > PIRATINI > CENTRAL DE ATENDIMENTOS > CASA MILITAR,,miguelangelo,elisandra-decantam
3647,3740,PROA LIBERAR ACESSO A GRUPO,6,3,2,2024-02-26 17:44:01+00:00,2024-02-28 09:21:23+00:00,,,ACESSO A SISTEMAS > SOE > PROA > ADICIONAR A GRUPO,Entidade raiz > PIRATINI > CENTRAL DE ATENDIMENTOS > CASA MILITAR,,miguelangelo,elisandra-decantam
3648,3741,PROA LIBERAR ACESSO A GRUPO,6,3,2,2024-02-26 17:45:09+00:00,2024-02-28 09:21:40+00:00,,,ACESSO A SISTEMAS > SOE > PROA,Entidade raiz > PIRATINI > CENTRAL DE ATENDIMENTOS > CASA MILITAR,,miguelangelo,elisandra-decantam
3649,3742,Empréstimo Webcam,6,3,2,2024-02-27 09:39:24+00:00,2024-02-27 09:39:36+00:00,,,AJUDA E SUPORTE > MOVIMENTO DE EQUIPAMENTOS DE TI > EMPRESTIMO,Entidade raiz > PIRATINI > CENTRAL DE ATENDIMENTOS > CASA CIVIL,,anderson-oliveira,alexandre-almoarqueg
3650,3743,Atendimento ao usuário Suporte - Gabinete do Municípios e Prefeitos,6,3,2,2024-02-27 09:43:55+00:00,2024-02-27 11:03:37+00:00,,,AJUDA E SUPORTE > ATENDIMENTO AO USUÁRIO,Entidade raiz > PIRATINI > CENTRAL DE ATENDIMENTOS > CASA CIVIL,,anderson-oliveira,melissa-costa
3651,3744,Acesso a Sistemas  - Túnel PROCERGS - LIBERAR ACESSO,6,3,2,2024-02-27 09:49:07+00:00,2024-02-27 11:06:33+00:00,,,,Entidade raiz > PIRATINI > CENTRAL DE ATENDIMENTOS > CASA CIVIL,,anderson-oliveira,melissa-costa
3652,3745,Atendimento ao usuário Suporte - Damac,6,3,2,2024-02-27 09:55:28+00:00,2024-02-27 10:08:23+00:00,,,AJUDA E SUPORTE > ATENDIMENTO AO USUÁRIO,Entidade raiz > PIRATINI > CENTRAL DE ATENDIMENTOS > CASA CIVIL,,anderson-oliveira,marivete-souza
3653,3746,Acesso a Sistemas Rede Piratini,6,3,2,2024-02-27 10:15:27+00:00,2024-02-27 10:43:27+00:00,,,ACESSO A SISTEMAS > REDE > LIBERAÇÃO DE ACESSO,Entidade raiz > PIRATINI > CENTRAL DE ATENDIMENTOS > SECOM,,jorge-vicente,andre-graminho
3654,3747,Solicitação de Atendimento // GG - NCMPCPP // Erro no Office,6,3,1,2024-02-27 10:45:34+00:00,2024-02-28 17:38:14+00:00,,,AJUDA E SUPORTE > ATENDIMENTO AO USUÁRIO,Entidade raiz > PIRATINI > CENTRAL DE ATENDIMENTOS > CASA CIVIL,,,lauro-junior
3655,3748,Atendimento ao usuário Suporte - Gabinete do Governador,6,3,2,2024-02-27 11:15:44+00:00,2024-02-27 17:50:11+00:00,,,AJUDA E SUPORTE > MOVIMENTO DE EQUIPAMENTOS DE TI > EMPRESTIMO,Entidade raiz > PIRATINI > CENTRAL DE ATENDIMENTOS > GG,,"edson-silva, anderson-oliveira",luciana-ghiggi
3657,3750,Atendimento ao usuário Suporte - Departamento de Gestão Documental e de Bens Materiais e Patrimoniais,6,3,1,2024-02-27 14:40:04+00:00,2024-02-28 09:23:56+00:00,,,ACESSO A SISTEMAS > SOE > PROA > ADICIONAR A GRUPO,Entidade raiz > PIRATINI > CENTRAL DE ATENDIMENTOS > CASA CIVIL,,miguelangelo,diego-mattiello
3658,3751,Atendimento ao usuário Suporte - Gabinete do Municípios e Prefeitos,6,3,2,2024-02-27 15:09:50+00:00,2024-02-27 16:00:09+00:00,,,AJUDA E SUPORTE > INSTALAÇÃO DE SOFTWARE,Entidade raiz > PIRATINI > CENTRAL DE ATENDIMENTOS > CASA CIVIL,,leonardo-riela,melissa-costa
3659,3752,Outlook //ATUALIZAR DADOS DE CONTATO SECOM,6,3,2,2024-02-27 15:45:19+00:00,2024-02-27 23:56:07+00:00,,,ACESSO A SISTEMAS > OFFICE 365 > EMAIL > ATUALIZAR DADOS,Entidade raiz > PIRATINI > CENTRAL DE ATENDIMENTOS > SECOM,,jorge-vicente,jean-rangel
3660,3753,GVG-GABINETE-Desbloquear equipamentos,6,3,2,2024-02-28 09:12:40+00:00,2024-02-28 18:51:20+00:00,,,DTIC > EQUIPAMENTOS > CONFIGURAÇÃO,Entidade raiz > PIRATINI > CENTRAL DE ATENDIMENTOS > GVG,,"anderson-oliveira, leonardo-riela",
3661,3754,Sub-Geral -Equipamento Danificado,6,3,2,2024-02-28 09:32:16+00:00,2024-06-10 08:49:00+00:00,,,DTIC > EQUIPAMENTOS > MANUTENÇÃO,Entidade raiz > PIRATINI > CENTRAL DE ATENDIMENTOS > CASA CIVIL,Memorial do Ministério Público,"pablo-guimaraes, thales-leite",luciane-xerxenevsky
3662,3755,Atendimento ao usuário Suporte - Sub-Interior,6,3,2,2024-02-28 11:03:19+00:00,2024-02-28 11:03:34+00:00,,,AJUDA E SUPORTE > ATENDIMENTO AO USUÁRIO,Entidade raiz > PIRATINI > CENTRAL DE ATENDIMENTOS > CASA CIVIL,,anderson-oliveira,marcelo-mallmann
3663,3756,Alteração de Dados Office365 // CC - DCC // almeris-junior,6,3,2,2024-02-28 12:00:00+00:00,2024-02-29 08:59:26+00:00,,,ACESSO A SISTEMAS > OFFICE 365 > EMAIL > ATUALIZAR DADOS,Entidade raiz > PIRATINI > CENTRAL DE ATENDIMENTOS > CASA CIVIL > Secretaria-Executiva > Subchefia Administrativa > Departamento de Compras e Contratos,,pablo-guimaraes,almeris-junior
3664,3757,Atendimento ao usuário Suporte - ADMINISTRATIVO,6,3,2,2024-02-28 11:22:30+00:00,2024-03-01 15:17:51+00:00,,,DTIC > EQUIPAMENTOS > MANUTENÇÃO,Entidade raiz > PIRATINI > CENTRAL DE ATENDIMENTOS > SECOM,,,andre-graminho
3665,3758,Atendimento ao usuário Suporte - ADMINISTRATIVO,6,3,2,2024-02-28 11:23:15+00:00,2024-02-28 17:39:46+00:00,,,AJUDA E SUPORTE > ATENDIMENTO AO USUÁRIO,Entidade raiz > PIRATINI > CENTRAL DE ATENDIMENTOS > SECOM,,,andre-graminho
3666,3759,Alteração de Dados Office365 // CC - DMC // gustavo-sehnem,6,3,2,2024-02-28 12:00:00+00:00,2024-02-29 09:00:05+00:00,,,ACESSO A SISTEMAS > OFFICE 365,Entidade raiz > PIRATINI > CENTRAL DE ATENDIMENTOS > CASA CIVIL > Secretaria-Executiva > Subchefia Administrativa > Departamento de Manutenção e Conservação do Palácio do Piratini,,pablo-guimaraes,gustavo-sehnem
3679,3772,Atendimento ao usuário Suporte - ADMINISTRATIVO,6,3,2,2024-02-29 11:24:52+00:00,2024-03-06 11:07:55+00:00,,,ACESSO A SISTEMAS > SOE > FPE,Entidade raiz > PIRATINI > CENTRAL DE ATENDIMENTOS > SECOM,,"pablo-guimaraes, anderson-oliveira",andre-graminho
3667,3760,Inclusão de Acesso GDG // GG - SSP / jovana-beck,6,3,2,2024-02-28 12:00:00+00:00,2024-03-19 14:00:40+00:00,,,ACESSO A SISTEMAS > SOE,Entidade raiz > PIRATINI > CENTRAL DE ATENDIMENTOS > GG,,pablo-guimaraes,jovana-fonseca
3668,3761,INCIDENTE  - Assessoria da Ala Residencial (próxima à sala R3),6,3,2,2024-02-28 14:21:09+00:00,2024-02-28 17:15:43+00:00,,,DTIC > INFRAESTRUTURA > OUTROS,Entidade raiz > PIRATINI > CENTRAL DE ATENDIMENTOS > GG,,,luciana-conca
3669,3762,Erro Login IF-RHE,6,3,2,2024-02-28 14:36:15+00:00,2024-02-28 14:36:39+00:00,,,AJUDA E SUPORTE > ATENDIMENTO AO USUÁRIO,Entidade raiz > PIRATINI > CENTRAL DE ATENDIMENTOS > CASA CIVIL,,"anderson-oliveira, leonardo-riela",
3670,3763,Atendimento ao usuário Suporte - Cerimonial,6,3,2,2024-02-28 15:24:31+00:00,2024-02-29 15:57:17+00:00,,,AJUDA E SUPORTE > ATENDIMENTO AO USUÁRIO,Entidade raiz > PIRATINI > CENTRAL DE ATENDIMENTOS > GG,,edson-silva,"teresinha-thiesen, leandro-hardt"
3671,3764,OFFICE 365 // ASSESSORIA ESPECÍFICA  - Departamento de Conservação e Memória do Patrimônio Cultural,6,3,2,2024-02-28 16:17:00+00:00,2024-03-01 15:29:12+00:00,,,ACESSO A SISTEMAS > OFFICE 365 > EMAIL > ALTERAR PLANO / LICENÇA,Entidade raiz > PIRATINI > CENTRAL DE ATENDIMENTOS > GG,,"anderson-oliveira, thales-leite",bruna-linhares
3672,3765,Acesso a Sistemas Rede Piratini,6,3,2,2024-02-28 16:30:45+00:00,2024-02-29 14:17:43+00:00,,,ACESSO A SISTEMAS > REDE > LIBERAÇÃO DE ACESSO > NOVO USUÁRIO,Entidade raiz > PIRATINI > CENTRAL DE ATENDIMENTOS > SECOM,,"miguelangelo, anderson-oliveira",andre-graminho
3673,3766,Atendimento ao usuário Suporte - Conservação e Memória,6,3,2,2024-02-28 17:33:04+00:00,2024-02-29 10:16:26+00:00,,,DTIC > EQUIPAMENTOS > MANUTENÇÃO,Entidade raiz > PIRATINI > CENTRAL DE ATENDIMENTOS > GG,,jorge-vicente,bruno-rien
3674,3767,Reset de senha - CC-Gab,6,3,2,2024-02-28 17:36:07+00:00,2024-02-29 11:28:05+00:00,,,ACESSO A SISTEMAS > REDE > RESET DE SENHA,Entidade raiz > PIRATINI > CENTRAL DE ATENDIMENTOS > CASA CIVIL,Memorial do Ministério Público > Gabinete Casa Civil,anderson-oliveira,"michelle-silva, abigail-correa"
3675,3768,Solicitação de Atendimento // CC - Divisão de Conservação // Erro ao Trocar Foto do Outlook,6,3,1,2024-02-29 10:11:17+00:00,2024-02-29 10:12:30+00:00,,,ACESSO A SISTEMAS > OFFICE 365 > EMAIL > ATUALIZAR DADOS,Entidade raiz > PIRATINI > CENTRAL DE ATENDIMENTOS > CASA CIVIL,,jorge-vicente,rodrigo-pias
3676,3769,INCIDENTE  - Direção-Geral ,6,3,2,2024-02-29 10:35:30+00:00,2024-02-29 10:51:18+00:00,,,IMPRESSORA,Entidade raiz > PIRATINI > CENTRAL DE ATENDIMENTOS > GVG,,jorge-vicente,flavia-silva
3677,3770,Alterar Dados Office365 // CC - DDP // diego-mattiello,6,3,2,2024-02-29 12:00:00+00:00,2024-02-29 14:28:56+00:00,,,ACESSO A SISTEMAS > OFFICE 365 > EMAIL > ATUALIZAR DADOS,Entidade raiz > PIRATINI > CENTRAL DE ATENDIMENTOS > CASA CIVIL > Secretaria-Executiva > Subchefia Administrativa > Departamento de Gestão Documental e de Bens Materiais e Patrimoniais,,pablo-guimaraes,diego-mattiello
3678,3771,Solicitação de Atendimento // CC - Divisão de Conservação // Erro ao Entrar no Office,6,3,1,2024-02-29 11:24:27+00:00,2024-02-29 15:13:06+00:00,,,ACESSO A SISTEMAS > OFFICE 365,Entidade raiz > PIRATINI > CENTRAL DE ATENDIMENTOS > CASA CIVIL,,jorge-vicente,edson-matos
3680,3773,Outlook //ATUALIZAR DADOS DE CONTATO Gabinete da Casa Civil (MP) ,6,3,2,2024-02-29 11:27:51+00:00,2024-03-11 17:18:39+00:00,,,ACESSO A SISTEMAS > OFFICE 365 > EMAIL > ATUALIZAR DADOS,Entidade raiz > PIRATINI > CENTRAL DE ATENDIMENTOS > CASA CIVIL,,"anderson-oliveira, thales-leite",abigail-correa
3681,3774,Desbloqueio PROA,6,3,2,2024-02-29 12:12:11+00:00,2024-02-29 12:12:28+00:00,,,DTIC > SISTEMAS > ALTERAÇÃO DE ACESSO,Entidade raiz > PIRATINI > CENTRAL DE ATENDIMENTOS > CASA MILITAR,,"miguelangelo, anderson-oliveira",luciano-verissimo
3682,3775,Acesso a Sistemas Rede Piratini,6,3,2,2024-02-29 13:25:22+00:00,2024-02-29 14:22:14+00:00,,,ACESSO A SISTEMAS > OFFICE 365 > EMAIL > NOVO USUÁRIO,Entidade raiz > PIRATINI > CENTRAL DE ATENDIMENTOS > CASA MILITAR,,anderson-oliveira,fabio-rauber
3683,3776,Acesso a Sistemas  - PROA - LIBERAR ACESSO,6,3,2,2024-02-29 14:09:51+00:00,2024-02-29 14:46:55+00:00,,,ACESSO A SISTEMAS > SOE > PROA > ADICIONAR A GRUPO,Entidade raiz > PIRATINI > CENTRAL DE ATENDIMENTOS > CASA CIVIL,,miguelangelo,maristela-kaminski
3684,3777,Acesso a Sistemas  - PROA - LIBERAR ACESSO,6,3,2,2024-02-29 14:11:18+00:00,2024-02-29 14:49:23+00:00,,,ACESSO A SISTEMAS > SOE > PROA > ADICIONAR A GRUPO,Entidade raiz > PIRATINI > CENTRAL DE ATENDIMENTOS > CASA CIVIL,,miguelangelo,maristela-kaminski
3685,3778,Acesso a Sistemas  - PROA - LIBERAR ACESSO,6,3,2,2024-02-29 14:12:24+00:00,2024-02-29 14:54:14+00:00,,,ACESSO A SISTEMAS > SOE > PROA > ADICIONAR A GRUPO,Entidade raiz > PIRATINI > CENTRAL DE ATENDIMENTOS > CASA CIVIL,,miguelangelo,maristela-kaminski
3686,3779,Acesso a Sistemas  - PROA - LIBERAR ACESSO,6,3,2,2024-02-29 14:13:28+00:00,2024-02-29 14:55:20+00:00,,,ACESSO A SISTEMAS > SOE > PROA > ADICIONAR A GRUPO,Entidade raiz > PIRATINI > CENTRAL DE ATENDIMENTOS > CASA CIVIL,,miguelangelo,maristela-kaminski
3687,3780,Acesso a Sistemas  - PROA - LIBERAR ACESSO,6,3,2,2024-02-29 14:17:41+00:00,2024-02-29 15:02:14+00:00,,,,Entidade raiz > PIRATINI > CENTRAL DE ATENDIMENTOS > CASA CIVIL,,miguelangelo,maristela-kaminski
3688,3781,Computador não inicializa CAFF-GVG-GPE,6,3,1,2024-02-29 14:41:19+00:00,2024-02-29 15:06:08+00:00,,,DTIC > EQUIPAMENTOS > MANUTENÇÃO,Entidade raiz > PIRATINI > CENTRAL DE ATENDIMENTOS > GVG,,anderson-oliveira,kassiano-fraga
3689,3782,Acesso a Caixa Compartilhada // CC - Divisão de Conservação // Edson Beltrão Matos dos Santos,6,3,1,2024-02-29 15:22:27+00:00,2024-02-29 15:43:02+00:00,,,ACESSO A SISTEMAS > OFFICE 365 > EMAIL > CAIXA COMPARTILHADA,Entidade raiz > PIRATINI > CENTRAL DE ATENDIMENTOS > CASA CIVIL,,jorge-vicente,edson-matos
3690,3783,Solicitação de Atendimento // CC - Divisão de Conservação // Atualizar Foto no Outlook,6,3,1,2024-02-29 15:25:56+00:00,2024-02-29 15:26:10+00:00,,,ACESSO A SISTEMAS > OFFICE 365 > EMAIL > ATUALIZAR DADOS,Entidade raiz > PIRATINI > CENTRAL DE ATENDIMENTOS > CASA CIVIL,,jorge-vicente,joao-severiano
3691,3784,Solicitação de Atendimento // CC - Divisão de Conservação // Atualizar Foto no Outlook,6,3,1,2024-02-29 15:28:14+00:00,2024-02-29 15:28:20+00:00,,,ACESSO A SISTEMAS > OFFICE 365 > EMAIL > ATUALIZAR DADOS,Entidade raiz > PIRATINI > CENTRAL DE ATENDIMENTOS > CASA CIVIL,,jorge-vicente,edson-matos
3692,3785,Alteração de Nome // CC - Divisão de Conservação // Edson Beltrão Matos dos Santos,6,3,1,2024-02-29 15:31:17+00:00,2024-02-29 15:38:24+00:00,,,ACESSO A SISTEMAS > OFFICE 365 > EMAIL > ATUALIZAR DADOS,Entidade raiz > PIRATINI > CENTRAL DE ATENDIMENTOS > CASA CIVIL,,jorge-vicente,edson-matos
3693,3786,Atendimento ao usuário Suporte - Subchefia Parlamentar,6,3,2,2024-02-29 16:15:04+00:00,2024-02-29 17:47:20+00:00,,,ACESSO A SISTEMAS > NDD,Entidade raiz > PIRATINI > CENTRAL DE ATENDIMENTOS > CASA CIVIL,,"jorge-vicente, anderson-oliveira",paulo-souza
3694,3787,Acesso a Sistemas Rede Piratini,6,3,2,2024-03-01 09:05:59+00:00,2024-03-01 09:06:58+00:00,,,ACESSO A SISTEMAS > REDE > RESET DE SENHA,Entidade raiz > PIRATINI > CENTRAL DE ATENDIMENTOS > CASA MILITAR,,anderson-oliveira,debora-aparecida
3695,3788,Acesso a Sistemas Rede Piratini,6,3,2,2024-03-01 09:45:01+00:00,2024-03-01 09:48:27+00:00,,,ACESSO A SISTEMAS > REDE > RESET DE SENHA,Entidade raiz > PIRATINI > CENTRAL DE ATENDIMENTOS > CASA CIVIL,,anderson-oliveira,
3696,3789,Atendimento ao usuário Suporte - ADMINISTRATIVO,6,3,2,2024-03-01 10:51:31+00:00,2024-03-01 10:55:29+00:00,,,ACESSO A SISTEMAS > REDE > RESET DE SENHA,Entidade raiz > PIRATINI > CENTRAL DE ATENDIMENTOS > SECOM,,jorge-vicente,andre-graminho
3697,3790,Atendimento ao usuário Suporte - damac,6,3,2,2024-03-01 11:37:01+00:00,2024-03-01 11:39:06+00:00,,,AJUDA E SUPORTE > INSTALAÇÃO DE SOFTWARE,Entidade raiz > PIRATINI > CENTRAL DE ATENDIMENTOS > CASA CIVIL,,anderson-oliveira,janio-junior
3698,3791,OFFICE 365 // ASSESSORIA ESPECÍFICA  - Casa Militar - Operações,6,3,2,2024-03-01 13:56:50+00:00,2024-03-04 11:16:21+00:00,,,ACESSO A SISTEMAS > OFFICE 365,Entidade raiz > PIRATINI > CENTRAL DE ATENDIMENTOS > CASA MILITAR,,"silvio-valim, anderson-oliveira",debora-aparecida
3699,3792,Rede Sem Conectividade RGV00002.PAE,6,3,1,2024-03-01 16:37:54+00:00,2024-03-08 16:11:27+00:00,,,DTIC > INFRAESTRUTURA > PROBLEMA DE REDE,Entidade raiz > PIRATINI > CENTRAL DE ATENDIMENTOS > CASA MILITAR,,anderson-oliveira,luis-rodrigues
3700,3793,Acesso a Sistemas  - Túnel PROCERGS - OUTRO,6,3,2,2024-03-01 16:44:07+00:00,2024-03-04 16:34:45+00:00,,,ACESSO A SISTEMAS > REDE > TÚNEL PROCERGS,Entidade raiz > PIRATINI > CENTRAL DE ATENDIMENTOS > GVG,,"anderson-oliveira, leonardo-riela",marcielli-bierhals
3701,3794,Atendimento ao usuário Suporte - Publicidade,6,3,2,2024-03-01 16:48:58+00:00,2024-03-04 09:57:26+00:00,,,ACESSO A SISTEMAS > SOE > PROA > ADICIONAR A GRUPO,Entidade raiz > PIRATINI > CENTRAL DE ATENDIMENTOS > SECOM,,miguelangelo,andre-graminho
3702,3795,Relatório mensal computadores AD // CC - DTI // Lucas Sergio,6,3,2,2024-03-04 09:42:40+00:00,2024-03-04 09:42:55+00:00,,,DTIC > INFRAESTRUTURA,Entidade raiz > PIRATINI > CENTRAL DE ATENDIMENTOS > CASA CIVIL,,,
3703,3796,Relatório mensal computadores inativos AD // CC - DTI // Lucas Sergio,6,3,2,2024-03-04 09:43:31+00:00,2024-03-04 09:43:49+00:00,,,DTIC > INFRAESTRUTURA,Entidade raiz > PIRATINI > CENTRAL DE ATENDIMENTOS > CASA CIVIL,,,
3704,3797,Relatório mensal usuários inativos AD // CC - DTI // Lucas Sergio,6,3,2,2024-03-04 09:45:01+00:00,2024-03-04 09:45:13+00:00,,,DTIC > INFRAESTRUTURA,Entidade raiz > PIRATINI > CENTRAL DE ATENDIMENTOS > CASA CIVIL,,,
3705,3798,INCIDENTE  - Subchefia de Operações,6,3,2,2024-03-04 10:07:04+00:00,2024-03-04 10:37:55+00:00,,,DTIC > INFRAESTRUTURA > PROBLEMA DE REDE,Entidade raiz > PIRATINI > CENTRAL DE ATENDIMENTOS > CASA MILITAR,,anderson-oliveira,arlindo-oliveira
3706,3799,OFFICE 365 // NOVA CONTA DE EMAIL - Coordenadoria Estadual de Proteção e Defesa Civil ,6,3,2,2024-03-04 10:41:56+00:00,2024-03-04 15:01:18+00:00,,,ACESSO A SISTEMAS > OFFICE 365 > EMAIL > NOVO USUÁRIO,Entidade raiz > PIRATINI > CENTRAL DE ATENDIMENTOS > CASA MILITAR,,anderson-oliveira,elisandra-decantam
3719,3812,Atendimento ao usuário Suporte - GG-Seidape,6,3,2,2024-03-05 09:05:55+00:00,2024-03-05 12:30:55+00:00,,,DTIC > EQUIPAMENTOS > CONFIGURAÇÃO,Entidade raiz > PIRATINI > CENTRAL DE ATENDIMENTOS > GG,,anderson-oliveira,cristina-viana
3707,3800,Acesso a Sistemas  - PROA - DESBLOQUEAR USUÁRIO,6,3,2,2024-03-04 11:51:45+00:00,2024-03-04 14:42:06+00:00,,,ACESSO A SISTEMAS > SOE > RESET DE SENHA,Entidade raiz > PIRATINI > CENTRAL DE ATENDIMENTOS > CASA MILITAR,,miguelangelo,marilei-teloken
3708,3801,OFFICE 365 // NOVA CONTA DE EMAIL - Coordenadoria Estadual de Proteção e Defesa Civil ,6,3,2,2024-03-04 12:00:14+00:00,2024-03-04 14:18:31+00:00,,,ACESSO A SISTEMAS > OFFICE 365 > EMAIL > NOVO USUÁRIO,Entidade raiz > PIRATINI > CENTRAL DE ATENDIMENTOS > CASA MILITAR,,anderson-oliveira,elisandra-decantam
3709,3802,INCIDENTE  - Casa Militar,6,3,2,2024-03-04 14:02:32+00:00,2024-03-05 11:50:46+00:00,,,DTIC > INFRAESTRUTURA > OUTROS,Entidade raiz > PIRATINI > CENTRAL DE ATENDIMENTOS > CASA MILITAR,,"silvio-valim, miguelangelo",debora-silva
3710,3803,Criação de escopo DHCP rede // GVG - Guaiba // Lucas Sergio,6,3,2,2024-03-04 14:34:17+00:00,2024-03-04 14:35:07+00:00,,,DTIC > INFRAESTRUTURA,Entidade raiz > PIRATINI > CENTRAL DE ATENDIMENTOS,,,
3711,3804,Criação de escopo DHCP rede Wi-Fi // GVG - Guaiba // Lucas Sergio,6,3,2,2024-03-04 14:36:14+00:00,2024-03-04 14:36:24+00:00,,,DTIC > INFRAESTRUTURA,Entidade raiz > PIRATINI > CENTRAL DE ATENDIMENTOS,,,
3712,3805,PROA LIBERAR ACESSO A GRUPO,6,3,2,2024-03-04 15:18:15+00:00,2024-03-04 15:35:01+00:00,,,AJUDA E SUPORTE > ATENDIMENTO AO USUÁRIO,Entidade raiz > PIRATINI > CENTRAL DE ATENDIMENTOS > CASA CIVIL,,,carolina-gotthilf
3713,3806,Acesso a Sistemas  - SOE Web - OUTRO,6,3,2,2024-03-04 15:48:41+00:00,2024-03-04 16:03:45+00:00,,,DTIC > SISTEMAS > ALTERAÇÃO DE ACESSO,Entidade raiz > PIRATINI > CENTRAL DE ATENDIMENTOS > CASA MILITAR,,miguelangelo,paulo-vogt
3714,3807,Acesso a Sistemas  - PROA - DESBLOQUEAR USUÁRIO,6,3,2,2024-03-04 16:25:29+00:00,2024-03-04 16:34:14+00:00,,,DTIC > SISTEMAS > ALTERAÇÃO DE ACESSO,Entidade raiz > PIRATINI > CENTRAL DE ATENDIMENTOS > CASA MILITAR,,miguelangelo,luciano-wislocki
3715,3808,Atendimento ao usuário Suporte - Publicidade,6,3,2,2024-03-04 17:41:08+00:00,2024-03-05 09:35:32+00:00,,,ACESSO A SISTEMAS > OFFICE 365 > EMAIL > ALTERAR PLANO / LICENÇA,Entidade raiz > PIRATINI > CENTRAL DE ATENDIMENTOS > SECOM,,silvio-valim,andre-graminho
3716,3809,Acesso a Sistemas Rede Piratini,6,3,2,2024-03-04 17:43:13+00:00,2024-03-05 08:43:57+00:00,,,ACESSO A SISTEMAS > REDE > LIBERAÇÃO DE ACESSO,Entidade raiz > PIRATINI > CENTRAL DE ATENDIMENTOS > CASA MILITAR,,jorge-vicente,fabio-rauber
3717,3810,Atendimento ao usuário Suporte - Departamento de Conservacao e Memoria ,6,3,2,2024-03-05 08:41:20+00:00,2024-03-05 08:49:13+00:00,,,DTIC > SISTEMAS > ALTERAÇÃO DE ACESSO,Entidade raiz > PIRATINI > CENTRAL DE ATENDIMENTOS > GG,,anderson-oliveira,taizi-nunes
3718,3811,PROA LIBERAR ACESSO A GRUPO,6,3,2,2024-03-05 09:05:09+00:00,2024-03-06 10:23:50+00:00,,,ACESSO A SISTEMAS > SOE > PROA > ADICIONAR A GRUPO,Entidade raiz > PIRATINI > CENTRAL DE ATENDIMENTOS > CASA MILITAR,,miguelangelo,elisandra-decantam
3720,3813,PROA LIBERAR ACESSO A GRUPO,6,3,2,2024-03-05 09:08:07+00:00,2024-03-06 10:18:21+00:00,,,ACESSO A SISTEMAS > SOE > PROA > ADICIONAR A GRUPO,Entidade raiz > PIRATINI > CENTRAL DE ATENDIMENTOS > CASA MILITAR,,miguelangelo,elisandra-decantam
3721,3814,OUTLOOK // ADICIONAR/EXCLUIR USUÁRIO DE CAIXA COMPARTILHADA - Coordenadoria Estadual de Proteção e Defesa Civil ,6,3,2,2024-03-05 09:10:50+00:00,2024-03-06 10:48:50+00:00,,,ACESSO A SISTEMAS > OFFICE 365 > EMAIL > CAIXA COMPARTILHADA,Entidade raiz > PIRATINI > CENTRAL DE ATENDIMENTOS > CASA MILITAR,,"jorge-vicente, anderson-oliveira",elisandra-decantam
3722,3815,OUTLOOK // ADICIONAR/EXCLUIR USUÁRIO DE CAIXA COMPARTILHADA - Coordenadoria Estadual de Proteção e Defesa Civil ,6,3,2,2024-03-05 09:13:19+00:00,2024-03-06 12:31:46+00:00,,,ACESSO A SISTEMAS > OFFICE 365 > EMAIL > CAIXA COMPARTILHADA,Entidade raiz > PIRATINI > CENTRAL DE ATENDIMENTOS > CASA MILITAR,,anderson-oliveira,elisandra-decantam
3723,3816,Acesso a Sistemas  - FPE - LIBERAR ACESSO,6,3,2,2024-03-05 10:07:07+00:00,2024-03-11 10:04:45+00:00,,,ACESSO A SISTEMAS > SOE > FPE,Entidade raiz > PIRATINI > CENTRAL DE ATENDIMENTOS > CASA CIVIL,,pablo-guimaraes,graca-godinho
3724,3817,Instalação de Nova Impressora // SECOM - Gabinete // HP MFP E57540c,6,3,1,2024-03-05 10:18:06+00:00,2024-03-11 16:03:35+00:00,,,DTIC > EQUIPAMENTOS > INSTALAÇÃO > IMPRESSORA,Entidade raiz > PIRATINI > CENTRAL DE ATENDIMENTOS > SECOM,,"jorge-vicente, anderson-oliveira",andre-graminho
3725,3818,Atendimento ao usuário Suporte - Sala de reuniões R1 SECOM,6,3,2,2024-03-05 11:09:06+00:00,2024-03-07 10:12:19+00:00,,,AJUDA E SUPORTE > ATENDIMENTO AO USUÁRIO,Entidade raiz > PIRATINI > CENTRAL DE ATENDIMENTOS > GG,,alessandro-vieira,bruno-rien
3726,3819,OFFICE 365 // ALTERAR PLANO / LICENÇA - Subchefia de Operações,6,3,2,2024-03-05 11:43:07+00:00,2024-03-14 17:15:27+00:00,,,ACESSO A SISTEMAS > OFFICE 365 > EMAIL > ALTERAR PLANO / LICENÇA,Entidade raiz > PIRATINI > CENTRAL DE ATENDIMENTOS > CASA MILITAR,,silvio-valim,roberta-martins
3727,3820,Acesso a Sistemas Rede Piratini,6,3,2,2024-03-05 12:21:37+00:00,2024-03-05 12:35:16+00:00,,,ACESSO A SISTEMAS > REDE > LIBERAÇÃO DE ACESSO,Entidade raiz > PIRATINI > CENTRAL DE ATENDIMENTOS > CASA MILITAR,,jorge-vicente,fabio-rauber
3739,3832,Atendimento ao Usuário / Ajuda e Suporte,6,3,1,2024-03-06 10:13:01+00:00,2024-03-06 11:11:08+00:00,,,AJUDA E SUPORTE,Entidade raiz > PIRATINI > CENTRAL DE ATENDIMENTOS > SECOM,,thales-leite,mauren-carvalho
4525,4637,Ajuda e Suporte \ Impressora,6,3,1,2024-06-17 16:52:26+00:00,2024-06-26 09:40:20+00:00,,,DTIC > EQUIPAMENTOS > MANUTENÇÃO,Entidade raiz > PIRATINI > CENTRAL DE ATENDIMENTOS > CASA CIVIL,,"anderson-oliveira, thales-leite",
3728,3821,Atendimento ao usuário Suporte - Defesa Civil,6,3,2,2024-03-05 12:30:06+00:00,2024-03-06 16:15:25+00:00,,,AJUDA E SUPORTE > ATENDIMENTO AO USUÁRIO,Entidade raiz > PIRATINI > CENTRAL DE ATENDIMENTOS > CASA MILITAR,,alessandro-vieira,fabio-rauber
3729,3822,Atendimento ao usuário Suporte - SAEF - Departamento de Execução Orçamentária Federal,6,3,2,2024-03-05 13:27:37+00:00,2024-03-06 16:10:51+00:00,,,AJUDA E SUPORTE > ATENDIMENTO AO USUÁRIO,Entidade raiz > PIRATINI > CENTRAL DE ATENDIMENTOS > CASA CIVIL,,"miguelangelo, anderson-oliveira",alba-santos
3730,3823,Atendimento ao usuário Suporte - ADMINISTRATIVO,6,3,2,2024-03-05 13:53:39+00:00,2024-03-05 17:47:52+00:00,,,AJUDA E SUPORTE > INSTALAÇÃO DE SOFTWARE,Entidade raiz > PIRATINI > CENTRAL DE ATENDIMENTOS > SECOM,,anderson-oliveira,andre-graminho
3731,3824,Outlook //ATUALIZAR DADOS DE CONTATO Gabinete da Casa Civil (MP) ,6,3,2,2024-03-05 13:58:14+00:00,2024-03-12 10:45:31+00:00,,,AJUDA E SUPORTE > ATENDIMENTO AO USUÁRIO,Entidade raiz > PIRATINI > CENTRAL DE ATENDIMENTOS > CASA CIVIL,,thales-leite,abigail-correa
3732,3825,Auxílio para troca de Senha // CM - SAA // Angelo Diego da Rosa,6,3,2,2024-03-05 15:30:40+00:00,2024-03-05 15:30:49+00:00,,,AJUDA E SUPORTE > ATENDIMENTO AO USUÁRIO,Entidade raiz > PIRATINI > CENTRAL DE ATENDIMENTOS,,silvio-valim,silvio-valim
3733,3826,Atendimento ao usuário Suporte - Maua 1050,6,3,2,2024-03-05 16:09:03+00:00,2024-03-05 16:17:46+00:00,,,AJUDA E SUPORTE > ATENDIMENTO AO USUÁRIO,Entidade raiz > PIRATINI > CENTRAL DE ATENDIMENTOS > CASA CIVIL,,jorge-vicente,maristela-kaminski
3734,3827,Atendimento ao Usuário / Instalação de VOIP - CEEE,6,3,2,2024-03-05 16:30:59+00:00,2024-03-08 13:11:20+00:00,,,AJUDA E SUPORTE > INSTALAÇÃO DE EQUIPAMENTOS,Entidade raiz > PIRATINI > CENTRAL DE ATENDIMENTOS > CASA MILITAR,,thales-leite,debora-silva
3735,3828,Atendimento ao usuário Suporte - CC - Gabinete,6,3,2,2024-03-05 17:07:10+00:00,2024-03-11 15:23:54+00:00,,,AJUDA E SUPORTE > MOVIMENTO DE EQUIPAMENTOS DE TI > REQUISIÇÃO,Entidade raiz > PIRATINI > CENTRAL DE ATENDIMENTOS > CASA CIVIL,,"alessandro-vieira, anderson-oliveira, thales-leite",jonatan-bronstrup
3736,3829,Outlook //CAIXA COMPARTILHADA - Coordenadoria Estadual de Proteção e Defesa Civil ,6,3,2,2024-03-05 17:22:16+00:00,2024-03-06 10:50:13+00:00,,,ACESSO A SISTEMAS > OFFICE 365 > EMAIL > CAIXA COMPARTILHADA,Entidade raiz > PIRATINI > CENTRAL DE ATENDIMENTOS > CASA MILITAR,,anderson-oliveira,elisandra-decantam
3737,3830,arquitetura \ problema com internet \ Isis,6,3,2,2024-03-05 12:00:00+00:00,2024-03-05 17:34:29+00:00,,,ACESSO A SISTEMAS > REDE,Entidade raiz > PIRATINI > CENTRAL DE ATENDIMENTOS > GG,,"alessandro-vieira, thales-leite",isis-gama
3738,3831,Atendimento ao usuário Suporte - GG - Gabinete,6,3,2,2024-03-05 17:51:18+00:00,2024-03-06 10:40:42+00:00,,,AJUDA E SUPORTE > ATENDIMENTO AO USUÁRIO,Entidade raiz > PIRATINI > CENTRAL DE ATENDIMENTOS > GG,,"alessandro-vieira, anderson-oliveira",luciana-ghiggi
3740,3833,Atendimento ao usuário Suporte - Materias e Patrimonio ,6,3,2,2024-03-06 10:21:59+00:00,2024-03-06 11:06:23+00:00,,,AJUDA E SUPORTE > ATENDIMENTO AO USUÁRIO,Entidade raiz > PIRATINI > CENTRAL DE ATENDIMENTOS > CASA CIVIL,,leonardo-riela,dickson-santos
3741,3834,Suporte ao usuário // CC - Protocolo // Catieli Vigne,6,3,1,2024-03-06 10:27:52+00:00,2024-03-06 10:28:18+00:00,,,AJUDA E SUPORTE > ATENDIMENTO AO USUÁRIO,Entidade raiz > PIRATINI > CENTRAL DE ATENDIMENTOS > CASA CIVIL,,miguelangelo,catieli-vigne
3742,3835,Reset de MFA Office365 // CC - OGE // ingrid-pauly,6,3,2,2024-03-06 12:00:00+00:00,2024-03-06 12:00:00+00:00,,,ACESSO A SISTEMAS > OFFICE 365,Entidade raiz > PIRATINI > CENTRAL DE ATENDIMENTOS > CASA CIVIL,,pablo-guimaraes,ingrid-pauly
3743,3836,Acesso a Sistemas  - FPE - LIBERAR ACESSO,6,3,2,2024-03-06 12:27:35+00:00,2024-03-08 09:59:30+00:00,,,ACESSO A SISTEMAS > SOE > FPE,Entidade raiz > PIRATINI > CENTRAL DE ATENDIMENTOS > CASA CIVIL,,pablo-guimaraes,gustavo-sehnem
3744,3837,"OFFICE 365 // ASSESSORIA ESPECÍFICA  - Rua Duque de Caxias, 1005",6,3,2,2024-03-06 12:32:21+00:00,2024-03-06 15:37:12+00:00,,,AJUDA E SUPORTE > INSTALAÇÃO DE SOFTWARE,Entidade raiz > PIRATINI > CENTRAL DE ATENDIMENTOS > CASA CIVIL,,,gustavo-sehnem
3745,3838,Acesso a Sistemas  - FPE - OUTRO,6,3,2,2024-03-06 14:35:05+00:00,2024-03-08 09:58:02+00:00,,,ACESSO A SISTEMAS > SOE > FPE,Entidade raiz > PIRATINI > CENTRAL DE ATENDIMENTOS > CASA CIVIL,,pablo-guimaraes,yasmine-freitas
3746,3839,Atendimento ao usuário Suporte - Recepção do Palácio,6,3,2,2024-03-06 14:35:10+00:00,2024-03-06 15:36:34+00:00,,,AJUDA E SUPORTE > ATENDIMENTO AO USUÁRIO,Entidade raiz > PIRATINI > CENTRAL DE ATENDIMENTOS > CASA MILITAR,,,debora-aparecida
3747,3840,Reunião Wi-Fi salões Negrinho e Pasqualini // GG - Conservação e Memória // Bruno Rien,6,3,1,2024-03-06 15:17:53+00:00,2024-03-06 15:18:31+00:00,,,,Entidade raiz > PIRATINI > CENTRAL DE ATENDIMENTOS,,,
3748,3841,Atendimento ao usuário Suporte - Cerimonial,6,3,2,2024-03-06 15:18:10+00:00,2024-03-07 09:52:25+00:00,,,AJUDA E SUPORTE > MOVIMENTO DE EQUIPAMENTOS DE TI > REQUISIÇÃO,Entidade raiz > PIRATINI > CENTRAL DE ATENDIMENTOS > GG,,anderson-oliveira,leandro-hardt
3749,3842,OUTLOOK // ADICIONAR/EXCLUIR USUÁRIO DE CAIXA COMPARTILHADA - Divisão de Transportes,6,3,2,2024-03-06 17:13:47+00:00,2024-03-07 08:36:15+00:00,,,ACESSO A SISTEMAS > OFFICE 365 > EMAIL > CAIXA COMPARTILHADA,Entidade raiz > PIRATINI > CENTRAL DE ATENDIMENTOS > CASA MILITAR,,anderson-oliveira,marilei-teloken
3750,3843,OFFICE 365 // NOVA CONTA DE EMAIL - Mauá 1050,6,3,2,2024-03-06 17:27:54+00:00,2024-03-08 10:10:28+00:00,,,ACESSO A SISTEMAS > OFFICE 365 > EMAIL,Entidade raiz > PIRATINI > CENTRAL DE ATENDIMENTOS > CASA CIVIL,,"miguelangelo, anderson-oliveira",maristela-kaminski
3751,3844,Licença Power Bi Pro // GG - Gabinete // Hyan Wagner Nunes,6,3,2,2024-03-07 09:11:05+00:00,2024-03-07 09:44:15+00:00,,,ACESSO A SISTEMAS > OFFICE 365 > EMAIL > ALTERAR PLANO / LICENÇA,Entidade raiz > PIRATINI > CENTRAL DE ATENDIMENTOS,,silvio-valim,silvio-valim
3800,3894,Atendimento ao usuário Suporte - Maua 1050,6,3,2,2024-03-12 16:34:35+00:00,2024-03-12 17:23:55+00:00,,,AJUDA E SUPORTE > ATENDIMENTO AO USUÁRIO,Entidade raiz > PIRATINI > CENTRAL DE ATENDIMENTOS > CASA CIVIL,,anderson-oliveira,maristela-kaminski
3752,3845,Acesso a Sistemas  - Túnel PROCERGS - LIBERAR ACESSO,6,3,2,2024-03-07 09:57:21+00:00,2024-03-07 10:41:07+00:00,,,ACESSO A SISTEMAS > REDE > TÚNEL PROCERGS,Entidade raiz > PIRATINI > CENTRAL DE ATENDIMENTOS > CASA CIVIL,,anderson-oliveira,dorinha-jirkowsky
3753,3846,Acesso a Sistemas  - Túnel PROCERGS - LIBERAR ACESSO,6,3,2,2024-03-07 10:34:47+00:00,2024-03-07 10:41:07+00:00,,,ACESSO A SISTEMAS > REDE > TÚNEL PROCERGS,Entidade raiz > PIRATINI > CENTRAL DE ATENDIMENTOS > CASA CIVIL,,"anderson-oliveira, thales-leite",luiz-carnelos
3754,3847,gabinete governador \ ligação de voips \ André Furtado,6,3,2,2024-03-07 12:00:00+00:00,2024-03-07 12:00:00+00:00,,,DTIC > EQUIPAMENTOS,Entidade raiz > PIRATINI > CENTRAL DE ATENDIMENTOS > GG,,alessandro-vieira,andre-furtado
3755,3848,Atendimento ao Usuário / Túnel PROCERGS,6,3,2,2024-03-07 10:31:36+00:00,2024-03-07 12:52:09+00:00,,,ACESSO A SISTEMAS > REDE > TÚNEL PROCERGS,Entidade raiz > PIRATINI > CENTRAL DE ATENDIMENTOS > CASA CIVIL,,anderson-oliveira,luiz-carnelos
3756,3849,Acesso a Sistemas  - SOE Web - LIBERAR ACESSO,6,3,2,2024-03-07 10:43:36+00:00,2024-03-08 10:14:42+00:00,,,ACESSO A SISTEMAS > SOE,Entidade raiz > PIRATINI > CENTRAL DE ATENDIMENTOS > CASA MILITAR,,miguelangelo,luisa-maestri
3757,3850,Acesso a Sistemas Rede Piratini,6,3,2,2024-03-07 11:17:33+00:00,2024-03-07 11:27:10+00:00,,,ACESSO A SISTEMAS > REDE > LIBERAÇÃO DE ACESSO,Entidade raiz > PIRATINI > CENTRAL DE ATENDIMENTOS > CASA MILITAR,,,arlindo-oliveira
3758,3851,Acesso a Sistemas Rede Piratini,6,3,2,2024-03-07 11:19:51+00:00,2024-03-07 11:28:06+00:00,,,ACESSO A SISTEMAS > REDE > LIBERAÇÃO DE ACESSO,Entidade raiz > PIRATINI > CENTRAL DE ATENDIMENTOS > CASA MILITAR,,,arlindo-oliveira
3759,3852,Outlook //CAIXA COMPARTILHADA - Coordenadoria Estadual de Proteção e Defesa Civil ,6,3,2,2024-03-07 11:20:15+00:00,2024-03-07 13:35:56+00:00,,,ACESSO A SISTEMAS > OFFICE 365 > EMAIL > CAIXA COMPARTILHADA,Entidade raiz > PIRATINI > CENTRAL DE ATENDIMENTOS > CASA MILITAR,,anderson-oliveira,elisandra-decantam
3760,3853,Aquisição Access Points para iluminação // GG - Conservação e Memória // Bruno Rien,6,3,2,2024-03-07 11:31:09+00:00,2024-07-26 11:18:24+00:00,,,DTIC > INFRAESTRUTURA > WI-FI,Entidade raiz > PIRATINI > CENTRAL DE ATENDIMENTOS > GG,Palacio Piratini - Ala Residencial,"paulo-nunes, jorge-vicente",bruno-rien
3761,3854,Visita técnica prédio GVG // CC - DTIC // ,6,3,2,2024-03-07 15:43:51+00:00,2024-03-07 15:46:14+00:00,,,DTIC > INFRAESTRUTURA,Entidade raiz > PIRATINI > CENTRAL DE ATENDIMENTOS,,,
3797,3891,Atendimento ao usuário Suporte - DMCPP - prédio 1005,6,3,2,2024-03-12 11:14:38+00:00,2024-03-14 14:41:19+00:00,,,AJUDA E SUPORTE > MOVIMENTO DE EQUIPAMENTOS DE TI > REQUISIÇÃO,Entidade raiz > PIRATINI > CENTRAL DE ATENDIMENTOS > CASA CIVIL,,"alessandro-vieira, leonardo-riela",gustavo-sehnem
3762,3855,Acesso a Sistemas  - FPE - OUTRO,6,3,2,2024-03-07 15:51:29+00:00,2024-03-08 10:23:23+00:00,,,ACESSO A SISTEMAS > SOE > FPE,Entidade raiz > PIRATINI > CENTRAL DE ATENDIMENTOS > CASA CIVIL,,"silvio-valim, miguelangelo, anderson-oliveira",vanessa-konrath
3763,3856,sala dos switches \ obra arquitetura \ Bruno,6,3,2,2024-03-07 12:00:00+00:00,2024-03-11 16:02:49+00:00,,,DTIC > INFRAESTRUTURA > OUTROS,Entidade raiz > PIRATINI > CENTRAL DE ATENDIMENTOS > GG,,"alessandro-vieira, anderson-oliveira",bruno-rien
3764,3857,SECOM - Mapear impressora Riachuelo 1098,6,3,2,2024-03-07 15:57:48+00:00,2024-03-07 15:59:55+00:00,,,DTIC > EQUIPAMENTOS > CONFIGURAÇÃO,Entidade raiz > PIRATINI > CENTRAL DE ATENDIMENTOS > SECOM,,,andre-graminho
3765,3858,Erro FPE // SAA - CM // Leandro Tavares,6,3,2,2024-03-07 16:12:48+00:00,2024-03-08 10:15:26+00:00,,,ACESSO A SISTEMAS > SOE > FPE,Entidade raiz > PIRATINI > CENTRAL DE ATENDIMENTOS > CASA MILITAR,,miguelangelo,leandro-tavares
3766,3859,Acesso a Sistemas  - PROA - DESBLOQUEAR USUÁRIO,6,3,2,2024-03-07 17:32:36+00:00,2024-03-07 17:59:13+00:00,,,,Entidade raiz > PIRATINI > CENTRAL DE ATENDIMENTOS > GG,,pablo-guimaraes,isis-gama
3767,3860,INCIDENTE  - Copa da Ala Residencial,6,3,2,2024-03-08 09:52:39+00:00,2024-03-08 10:22:31+00:00,,,DTIC > INFRAESTRUTURA > PROBLEMA DE REDE,Entidade raiz > PIRATINI > CENTRAL DE ATENDIMENTOS > CASA MILITAR,,thales-leite,luisa-maestri
3768,3861,ante sala gab governador \ Maria Andreia \ problema para impressão,6,3,2,2024-03-08 12:00:00+00:00,2024-03-08 12:00:00+00:00,,,AJUDA E SUPORTE,Entidade raiz > PIRATINI > CENTRAL DE ATENDIMENTOS > GG,,alessandro-vieira,maria-lermen
3769,3862,Atendimento ao usuário Suporte - Gabinete do Governador,6,3,2,2024-03-08 10:27:50+00:00,2024-03-08 10:39:43+00:00,,,ACESSO A SISTEMAS > REDE > RESET DE SENHA,Entidade raiz > PIRATINI > CENTRAL DE ATENDIMENTOS > GG,,anderson-oliveira,luciana-ghiggi
3770,3863,OFFICE 365 //Caixa Compartilhada - Divisão de patrimônio e finanças da Casa Militar,6,3,2,2024-03-08 10:57:50+00:00,2024-04-11 13:27:41+00:00,,,ACESSO A SISTEMAS > OFFICE 365 > EMAIL > CAIXA COMPARTILHADA,Entidade raiz > PIRATINI > CENTRAL DE ATENDIMENTOS > CASA MILITAR,,anderson-oliveira,paulo-vogt
3771,3864,Acesso a Sistemas  - SOE Web - OUTRO,6,3,2,2024-03-08 11:46:18+00:00,2024-03-08 16:24:25+00:00,,,DTIC > SISTEMAS > ALTERAÇÃO DE ACESSO,Entidade raiz > PIRATINI > CENTRAL DE ATENDIMENTOS > CASA MILITAR,,miguelangelo,paulo-vogt
3772,3865,IMPRESSORA,6,3,2,2024-03-08 13:28:56+00:00,2024-03-08 13:51:22+00:00,,,IMPRESSORA,Entidade raiz > PIRATINI > CENTRAL DE ATENDIMENTOS > GVG,,jorge-vicente,marcielli-bierhals
3773,3866,Resete de senha,6,3,2,2024-03-08 13:54:25+00:00,2024-03-08 14:10:22+00:00,,,ACESSO A SISTEMAS > REDE > RESET DE SENHA,Entidade raiz > PIRATINI > CENTRAL DE ATENDIMENTOS > CASA CIVIL,Casa Civil 1005 > 1° Andar,jorge-vicente,rotiane-gomes
3798,3892,Cage não consegue enviar email // GG - Gabinete // Leticia Fontana,6,3,1,2024-03-12 12:02:19+00:00,2024-04-02 13:29:38+00:00,,,ACESSO A SISTEMAS > OFFICE 365,Entidade raiz > PIRATINI > CENTRAL DE ATENDIMENTOS > GG,,silvio-valim,leticia-fontana
3774,3867,Acesso a Sistemas  - FPE - LIBERAR ACESSO,6,3,2,2024-03-08 13:55:10+00:00,2024-04-02 09:17:03+00:00,,,ACESSO A SISTEMAS > SOE > FPE,Entidade raiz > PIRATINI > CENTRAL DE ATENDIMENTOS > SECOM,,pablo-guimaraes,bruno-santos
3775,3869,Acesso a Sistemas  - FPE - LIBERAR ACESSO,6,3,2,2024-03-08 16:14:31+00:00,2024-03-19 13:58:34+00:00,,,ACESSO A SISTEMAS > SOE > FPE,Entidade raiz > PIRATINI > CENTRAL DE ATENDIMENTOS > CASA CIVIL,,pablo-guimaraes,cristiane-dias
3776,3870,Atendimento ao usuário Suporte - GG-Seidape,6,3,2,2024-03-11 09:36:06+00:00,2024-03-11 10:40:15+00:00,,,AJUDA E SUPORTE > ATENDIMENTO AO USUÁRIO,Entidade raiz > PIRATINI > CENTRAL DE ATENDIMENTOS > GG,,"anderson-oliveira, leonardo-riela",cristina-viana
3777,3871,Criar conta Office365 // CC - DTIC // Alice Dutra,6,3,2,2024-03-11 09:42:49+00:00,2024-03-11 09:42:58+00:00,,,ACESSO A SISTEMAS > OFFICE 365 > EMAIL > NOVO USUÁRIO,Entidade raiz > PIRATINI > CENTRAL DE ATENDIMENTOS > CASA CIVIL,,silvio-valim,silvio-valim
3778,3872,IMPRESSORA,6,3,2,2024-03-11 10:34:57+00:00,2024-08-06 15:24:46+00:00,,,IMPRESSORA,Entidade raiz > PIRATINI > CENTRAL DE ATENDIMENTOS > CASA MILITAR,,"jorge-vicente, anderson-oliveira",elisandra-decantam
3779,3873,Atendimento ao usuário Suporte - Secom,6,3,2,2024-03-11 11:05:48+00:00,2024-03-14 12:22:54+00:00,,,DTIC > EQUIPAMENTOS > MANUTENÇÃO,Entidade raiz > PIRATINI > CENTRAL DE ATENDIMENTOS > SECOM,,,jean-rangel
3780,3874,OFFICE 365 // ASSESSORIA ESPECÍFICA  - Gabinete do vice-governador ,6,3,2,2024-03-11 13:58:37+00:00,2024-03-11 14:39:02+00:00,,,AJUDA E SUPORTE > ATENDIMENTO AO USUÁRIO,Entidade raiz > PIRATINI > CENTRAL DE ATENDIMENTOS > GVG,,anderson-oliveira,marcielli-bierhals
3781,3875,OFFICE 365 // ASSESSORIA ESPECÍFICA  - Gabinete da Casa Civil,6,3,2,2024-03-11 14:53:56+00:00,2024-03-11 15:58:18+00:00,,,AJUDA E SUPORTE > ATENDIMENTO AO USUÁRIO,Entidade raiz > PIRATINI > CENTRAL DE ATENDIMENTOS > CASA CIVIL,,anderson-oliveira,ana-francisco
3782,3876,Atendimento ao usuário Suporte - Gabinete da Casa Civil,6,3,2,2024-03-11 14:55:15+00:00,2024-03-13 15:56:43+00:00,,,AJUDA E SUPORTE > INSTALAÇÃO DE SOFTWARE,Entidade raiz > PIRATINI > CENTRAL DE ATENDIMENTOS > CASA CIVIL,,anderson-oliveira,ana-francisco
3783,3877,Acesso a Sistemas  - Geral - REMOVER ACESSO,6,3,2,2024-03-11 15:43:20+00:00,2024-03-14 14:03:42+00:00,,,,Entidade raiz > PIRATINI > CENTRAL DE ATENDIMENTOS > CASA CIVIL,,"silvio-valim, pablo-guimaraes, miguelangelo, anderson-oliveira",mirella-bernardi
3799,3893,Atendimento ao usuário Suporte - SECOM-Gabinete,6,3,2,2024-03-12 16:24:33+00:00,2024-03-12 16:25:05+00:00,,,AJUDA E SUPORTE > INSTALAÇÃO DE SOFTWARE,Entidade raiz > PIRATINI > CENTRAL DE ATENDIMENTOS > SECOM,,anderson-oliveira,juliana-fernandes
3784,3878,Acesso a Sistemas  - Geral - LIBERAR ACESSO,6,3,2,2024-03-11 16:06:15+00:00,2024-03-12 11:32:45+00:00,,,ACESSO A SISTEMAS > OFFICE 365 > EMAIL > NOVO USUÁRIO,Entidade raiz > PIRATINI > CENTRAL DE ATENDIMENTOS > GVG,,"miguelangelo, anderson-oliveira",erlon-dornelles
3785,3879,Atendimento ao usuário Suporte - Departamento de Conservacao e Memoria ,6,3,2,2024-03-11 16:15:02+00:00,2024-03-11 17:17:06+00:00,,,AJUDA E SUPORTE > ATENDIMENTO AO USUÁRIO,Entidade raiz > PIRATINI > CENTRAL DE ATENDIMENTOS > GG,,alessandro-vieira,taizi-nunes
3786,3880,Acesso a Sistemas Rede Piratini,6,3,2,2024-03-11 16:27:12+00:00,2024-03-20 12:29:42+00:00,,,ACESSO A SISTEMAS > REDE > LIBERAÇÃO DE ACESSO > NOVO USUÁRIO,Entidade raiz > PIRATINI > CENTRAL DE ATENDIMENTOS > SECOM,,"miguelangelo, anderson-oliveira",andre-graminho
3787,3881,INCIDENTE  - Departamento de Conservação e Memória,6,3,2,2024-03-11 16:29:38+00:00,2024-03-11 17:15:10+00:00,,,DTIC > INFRAESTRUTURA > OUTROS,Entidade raiz > PIRATINI > CENTRAL DE ATENDIMENTOS > GG,,,bruna-linhares
3788,3882,Atendimento ao usuário Suporte - GVG,6,3,2,2024-03-11 17:01:11+00:00,2024-03-12 14:46:47+00:00,,,AJUDA E SUPORTE > INSTALAÇÃO DE SOFTWARE,Entidade raiz > PIRATINI > CENTRAL DE ATENDIMENTOS > GVG,,anderson-oliveira,marcielli-bierhals
3789,3883,Atendimento ao usuário Suporte - SAAC,6,3,2,2024-03-12 08:35:28+00:00,2024-03-12 10:25:57+00:00,,,DTIC > INFRAESTRUTURA > PROBLEMA DE REDE,Entidade raiz > PIRATINI > CENTRAL DE ATENDIMENTOS > SECOM,,"jorge-vicente, thales-leite",andre-graminho
3790,3884,IMPRESSORA MENSAGEM DE ERRO - Gabinete do Governador,6,3,1,2024-03-12 08:49:07+00:00,2024-03-12 10:23:53+00:00,,,DTIC > INFRAESTRUTURA > PROBLEMA DE REDE,Entidade raiz > PIRATINI > CENTRAL DE ATENDIMENTOS > GG,,jorge-vicente,luciana-ghiggi
3791,3885,CM-Gabinete Médico,6,3,1,2024-03-12 09:09:54+00:00,2024-03-12 10:22:34+00:00,,,DTIC > INFRAESTRUTURA > PROBLEMA DE REDE,Entidade raiz > PIRATINI > CENTRAL DE ATENDIMENTOS > CASA MILITAR,,jorge-vicente,
3792,3886,Atendimento ao usuário Suporte - Departamento de Conservacao e Memoria ,6,3,2,2024-03-12 09:13:03+00:00,2024-03-12 10:23:30+00:00,,,DTIC > INFRAESTRUTURA > PROBLEMA DE REDE,Entidade raiz > PIRATINI > CENTRAL DE ATENDIMENTOS > GG,,jorge-vicente,taizi-nunes
3793,3887,Atendimento ao usuário Suporte - Casa Civil - 951,6,3,2,2024-03-12 09:16:26+00:00,2024-03-12 10:21:34+00:00,,,DTIC > INFRAESTRUTURA > PROBLEMA DE REDE,Entidade raiz > PIRATINI > CENTRAL DE ATENDIMENTOS > CASA CIVIL,,jorge-vicente,laura-garbin
3794,3888,IMPRESSORA MENSAGEM DE ERRO - Gabinete do Governador,6,3,1,2024-03-12 09:23:03+00:00,2024-03-12 10:21:02+00:00,,,DTIC > INFRAESTRUTURA > PROBLEMA DE REDE,Entidade raiz > PIRATINI > CENTRAL DE ATENDIMENTOS > GG,,jorge-vicente,luciana-ghiggi
3795,3889,Atendimento ao usuário Suporte - DIVISÃO DE FINANÇAS,6,3,2,2024-03-12 10:21:32+00:00,2024-03-14 14:01:35+00:00,,,AJUDA E SUPORTE > ATENDIMENTO AO USUÁRIO,Entidade raiz > PIRATINI > CENTRAL DE ATENDIMENTOS > CASA MILITAR,,"alessandro-vieira, thales-leite",paulo-vogt
3796,3890,Atendimento ao Usuário / Software Ministério da Fazenda,6,3,1,2024-03-12 10:53:52+00:00,2024-03-12 10:57:13+00:00,,,AJUDA E SUPORTE > INSTALAÇÃO DE SOFTWARE,Entidade raiz > PIRATINI > CENTRAL DE ATENDIMENTOS > SECOM,,thales-leite,juliana-fernandes
3801,3895,INCIDENTE  - Ala Residencial - R2,6,5,2,2024-03-12 19:26:30+00:00,2024-03-14 15:58:49+00:00,,,DTIC > INFRAESTRUTURA > OUTROS,Entidade raiz > PIRATINI > CENTRAL DE ATENDIMENTOS > GG,,"jorge-vicente, anderson-oliveira",luciana-conca
3802,3896,INCIDENTE  - Área das Assessorias próxima à R2 e R3,6,3,2,2024-03-12 19:31:59+00:00,2024-03-14 15:58:49+00:00,,,DTIC > INFRAESTRUTURA > OUTROS,Entidade raiz > PIRATINI > CENTRAL DE ATENDIMENTOS > GG,,"jorge-vicente, anderson-oliveira",luciana-conca
3803,3897,INCIDENTE  - Ala Residencial - Espelhos,6,4,2,2024-03-13 08:33:11+00:00,2024-03-18 10:09:47+00:00,,,DTIC > INFRAESTRUTURA > PROBLEMA DE REDE,Entidade raiz > PIRATINI > CENTRAL DE ATENDIMENTOS > GG,,"jorge-vicente, anderson-oliveira",luciana-conca
3804,3898,Atendimento ao usuário Suporte - Cerimonial,6,3,2,2024-03-13 09:13:11+00:00,2024-03-18 11:01:40+00:00,,,AJUDA E SUPORTE > ATENDIMENTO AO USUÁRIO,Entidade raiz > PIRATINI > CENTRAL DE ATENDIMENTOS > GG,,"anderson-oliveira, leonardo-riela",leandro-hardt
3805,3899,Alterar Plano Office365 // GG - Gabinete // Hyan Nunes,6,3,2,2024-03-13 09:16:01+00:00,2024-03-13 09:16:12+00:00,,,ACESSO A SISTEMAS > OFFICE 365 > EMAIL > ALTERAR PLANO / LICENÇA,Entidade raiz > PIRATINI > CENTRAL DE ATENDIMENTOS,,silvio-valim,silvio-valim
3806,3900,Autorizar acesso Painel Office // CC - DTIC // Anderson Morim,6,3,2,2024-03-13 09:20:59+00:00,2024-03-13 09:21:18+00:00,,,AJUDA E SUPORTE > ATENDIMENTO AO USUÁRIO,Entidade raiz > PIRATINI > CENTRAL DE ATENDIMENTOS > CASA CIVIL,,silvio-valim,silvio-valim
3807,3901,Excluir Conta Office // GVG - Gabinete // Laura Desireé Fujita,6,3,2,2024-03-13 09:30:07+00:00,2024-03-13 09:30:17+00:00,,,ACESSO A SISTEMAS > OFFICE 365 > EMAIL > EXCLUSÃO,Entidade raiz > PIRATINI > CENTRAL DE ATENDIMENTOS > GVG,,silvio-valim,laura-fujita
3808,3902,Atendimento ao usuário Suporte - GABINETE,6,3,1,2024-03-13 10:22:11+00:00,2024-03-13 15:08:09+00:00,,,AJUDA E SUPORTE > ATENDIMENTO AO USUÁRIO,Entidade raiz > PIRATINI > CENTRAL DE ATENDIMENTOS > SECOM,,anderson-oliveira,andre-graminho
3809,3903,Atendimento ao Usuário / Reset de Senha,6,3,2,2024-03-13 10:18:49+00:00,2024-03-13 10:34:33+00:00,,,ACESSO A SISTEMAS > REDE > RESET DE SENHA,Entidade raiz > PIRATINI > CENTRAL DE ATENDIMENTOS > GG,,anderson-oliveira,amanda-santos
3810,3904,Troca de APs Negrinho e ALberto Pasqualini // GG - Salões de Eventos // Bruno Rien,6,3,2,2024-03-13 10:24:56+00:00,2024-04-01 09:13:35+00:00,,,DTIC > INFRAESTRUTURA > WI-FI,Entidade raiz > PIRATINI > CENTRAL DE ATENDIMENTOS > GG,,jorge-vicente,bruno-rien
3811,3905,Requisição / Mudança de local do setor Jurídico SECOM para nova sala,6,3,2,2024-03-13 10:23:57+00:00,2024-03-13 10:57:52+00:00,,,DTIC > INFRAESTRUTURA > MUDANÇA DE LOCAL,Entidade raiz > PIRATINI > CENTRAL DE ATENDIMENTOS > GG,,"jorge-vicente, alessandro-vieira, thales-leite",taizi-nunes
3812,3906,Atendimento ao usuário Suporte - CC-Gabinete MP,6,3,2,2024-03-13 10:46:12+00:00,2024-03-13 11:04:23+00:00,,,AJUDA E SUPORTE > ATENDIMENTO AO USUÁRIO,Entidade raiz > PIRATINI > CENTRAL DE ATENDIMENTOS > CASA CIVIL,,anderson-oliveira,catia-belmonte
3825,3919,Atendimento ao usuário Suporte - CC -Ouvidoria -CAFF,6,3,2,2024-03-13 15:19:25+00:00,2024-03-13 15:29:59+00:00,,,AJUDA E SUPORTE > ATENDIMENTO AO USUÁRIO,Entidade raiz > PIRATINI > CENTRAL DE ATENDIMENTOS > CASA CIVIL,,anderson-oliveira,marcia-reis
3813,3907,INGRESSO DE SERVIDOR,6,4,2,2024-03-13 10:49:13+00:00,2024-03-13 11:28:35+00:00,,,,Entidade raiz > PIRATINI > CENTRAL DE ATENDIMENTOS > CASA CIVIL > Secretaria-Executiva > Subchefia Administrativa > Departamento de Gestão de Atos e Pessoal > Divisão de Gestão de Pessoas,,jorge-vicente,silvia-leopoldino
3814,3908,Atendimento ao usuário Suporte - ADMINISTRATIVO,6,3,2,2024-03-13 10:55:25+00:00,2024-03-13 11:21:58+00:00,,,AJUDA E SUPORTE,Entidade raiz > PIRATINI > CENTRAL DE ATENDIMENTOS > SECOM,,thales-leite,andre-graminho
3815,3909,Acesso a Sistemas Rede Piratini,6,3,2,2024-03-13 11:05:07+00:00,2024-03-14 15:49:29+00:00,,,ACESSO A SISTEMAS > REDE > LIBERAÇÃO DE ACESSO,Entidade raiz > PIRATINI > CENTRAL DE ATENDIMENTOS > CASA CIVIL,,"pablo-guimaraes, jorge-vicente",melissa-costa
3816,3910,Atendimento ao usuário Suporte - EVENTOS SECOM,6,3,2,2024-03-13 11:18:19+00:00,2024-03-13 16:24:41+00:00,,,AJUDA E SUPORTE > ATENDIMENTO AO USUÁRIO,Entidade raiz > PIRATINI > CENTRAL DE ATENDIMENTOS > GG,,thales-leite,taizi-nunes
3817,3911,OFFICE 365 // NOVA CONTA DE EMAIL - CASA CIVIL,6,3,2,2024-03-13 11:18:43+00:00,2024-03-13 12:02:44+00:00,,,ACESSO A SISTEMAS > OFFICE 365 > EMAIL > NOVO USUÁRIO,Entidade raiz > PIRATINI > CENTRAL DE ATENDIMENTOS > CASA CIVIL,,jorge-vicente,carlos-marques
3818,3912,INGRESSO DE SERVIDOR,6,4,2,2024-03-13 11:22:07+00:00,2024-03-14 11:56:30+00:00,,,,Entidade raiz > PIRATINI > CENTRAL DE ATENDIMENTOS > CASA CIVIL > Secretaria-Executiva > Subchefia Administrativa > Departamento de Gestão de Atos e Pessoal > Divisão de Gestão de Pessoas,,"pablo-guimaraes, miguelangelo, jorge-vicente",silvia-leopoldino
3819,3913,Acesso a Sistemas Rede Piratini,6,3,2,2024-03-13 11:28:23+00:00,2024-03-13 12:03:15+00:00,,,ACESSO A SISTEMAS > REDE > LIBERAÇÃO DE ACESSO > NOVO USUÁRIO,Entidade raiz > PIRATINI > CENTRAL DE ATENDIMENTOS > CASA CIVIL,,jorge-vicente,carlos-marques
3820,3914,OUTLOOK // ADICIONAR/EXCLUIR USUÁRIO DE CAIXA COMPARTILHADA - CASA CIVIL,6,3,2,2024-03-13 11:30:45+00:00,2024-03-13 12:02:25+00:00,,,ACESSO A SISTEMAS > OFFICE 365 > EMAIL > CAIXA COMPARTILHADA,Entidade raiz > PIRATINI > CENTRAL DE ATENDIMENTOS > CASA CIVIL,,jorge-vicente,carlos-marques
3821,3915,Office Word não sincroniza On line // CM - ADM // Thiago Santos,6,3,1,2024-03-13 11:34:58+00:00,2024-03-13 11:35:06+00:00,,,ACESSO A SISTEMAS > OFFICE 365,Entidade raiz > PIRATINI > CENTRAL DE ATENDIMENTOS > CASA MILITAR,,silvio-valim,thiago-santos
3822,3916,"OFFICE 365 // ASSESSORIA ESPECÍFICA  - Rua Andrade Neves, 106 - 11 andar - Defesa Civil do Estado",6,3,2,2024-03-13 11:45:08+00:00,2024-03-13 14:20:00+00:00,,,AJUDA E SUPORTE > INSTALAÇÃO DE SOFTWARE,Entidade raiz > PIRATINI > CENTRAL DE ATENDIMENTOS > CASA CIVIL,,anderson-oliveira,guilherme-almeida
3823,3917,Ingresso de Servidora // CC - Subchefia Legislativa // Roberta Melgar,6,3,2,2024-03-13 11:53:49+00:00,2024-03-14 11:00:04+00:00,,,ACESSO A SISTEMAS > REDE > LIBERAÇÃO DE ACESSO > NOVO USUÁRIO,Entidade raiz > PIRATINI > CENTRAL DE ATENDIMENTOS > CASA CIVIL,,"silvio-valim, pablo-guimaraes, miguelangelo, anderson-oliveira",roberta-melgar
3824,3918,Atendimento ao usuário Suporte - eventos,6,3,2,2024-03-13 12:48:41+00:00,2024-03-13 16:23:38+00:00,,,DTIC > EQUIPAMENTOS > RECOLHIMENTO,Entidade raiz > PIRATINI > CENTRAL DE ATENDIMENTOS > SECOM,,,andre-graminho
3826,3920,Acesso a Sistemas  - Geral - OUTRO,6,3,2,2024-03-13 15:35:18+00:00,2024-03-19 08:33:33+00:00,,,DTIC > SISTEMAS > ALTERAÇÃO DE ACESSO,Entidade raiz > PIRATINI > CENTRAL DE ATENDIMENTOS > GVG,,"pablo-guimaraes, jorge-vicente",flavia-silva
3827,3921,INCIDENTE  - gvg,6,3,2,2024-03-13 16:17:27+00:00,2024-03-13 16:44:35+00:00,,,AJUDA E SUPORTE > ATENDIMENTO AO USUÁRIO,Entidade raiz > PIRATINI > CENTRAL DE ATENDIMENTOS > GVG,,anderson-oliveira,marcielli-bierhals
3828,3922,Atendimento ao usuário Suporte - ADMINISTRATIVO,6,3,2,2024-03-13 16:47:17+00:00,2024-03-26 09:29:45+00:00,,,DTIC > INFRAESTRUTURA > MUDANÇA DE LOCAL,Entidade raiz > PIRATINI > CENTRAL DE ATENDIMENTOS > SECOM,,anderson-oliveira,andre-graminho
3829,3923,Remoção de Acessos,6,3,2,2024-03-13 17:43:20+00:00,2024-03-18 11:38:16+00:00,,,DTIC > SISTEMAS > REMOÇÃO DE ACESSO SISTEMA,Entidade raiz > PIRATINI > CENTRAL DE ATENDIMENTOS > CASA CIVIL,,"silvio-valim, miguelangelo, anderson-oliveira",carlos-duarte
3830,3924,Remoção de Acessos -RH,6,3,2,2024-03-13 21:03:03+00:00,2024-03-15 13:30:53+00:00,,,DTIC > SISTEMAS > REMOÇÃO DE ACESSO SISTEMA,Entidade raiz > PIRATINI > CENTRAL DE ATENDIMENTOS > CASA CIVIL,,"silvio-valim, miguelangelo, anderson-oliveira",carlos-duarte
3831,3925,INCIDENTE  - Ala Residencial - R2,6,3,2,2024-03-14 08:53:06+00:00,2024-03-14 15:58:31+00:00,,,DTIC > INFRAESTRUTURA > OUTROS,Entidade raiz > PIRATINI > CENTRAL DE ATENDIMENTOS > GG,,jorge-vicente,luciana-conca
3832,3926,apoio \ problema de acesso \ Rejane Farias,6,3,2,2024-03-14 12:00:00+00:00,2024-03-14 12:00:00+00:00,,,ACESSO A SISTEMAS > REDE > TÚNEL PROCERGS,Entidade raiz > PIRATINI > CENTRAL DE ATENDIMENTOS > CASA CIVIL,,alessandro-vieira,rejane-farias
3833,3927,problema com mouse \ manutenção \ Ana Clara,6,3,2,2024-03-14 12:00:00+00:00,2024-03-14 12:00:00+00:00,,,DTIC > EQUIPAMENTOS,Entidade raiz > PIRATINI > CENTRAL DE ATENDIMENTOS > CASA CIVIL,,alessandro-vieira,ana-balena
3834,3928,IMPRESSORA,6,3,2,2024-03-14 09:56:25+00:00,2024-03-14 10:11:29+00:00,,,IMPRESSORA,Entidade raiz > PIRATINI > CENTRAL DE ATENDIMENTOS > GVG,,,marcielli-bierhals
3835,3929,Acesso a Sistemas  - LAI - DESBLOQUEAR USUÁRIO,6,3,2,2024-03-14 10:04:36+00:00,2024-03-14 16:59:41+00:00,,,,Entidade raiz > PIRATINI > CENTRAL DE ATENDIMENTOS > CASA CIVIL,,"miguelangelo, anderson-oliveira",marcio-proszek
3836,3930,apoio \ reset de senha de rede \ Rejane Farias,6,3,2,2024-03-14 12:00:00+00:00,2024-03-14 12:00:00+00:00,,,ACESSO A SISTEMAS > REDE > RESET DE SENHA,Entidade raiz > PIRATINI > CENTRAL DE ATENDIMENTOS > CASA CIVIL,,anderson-oliveira,rejane-farias
3837,3931,Problema administrativo,6,3,2,2024-03-14 10:10:14+00:00,2024-03-14 10:10:38+00:00,,,AJUDA E SUPORTE > ATENDIMENTO AO USUÁRIO,Entidade raiz > PIRATINI > CENTRAL DE ATENDIMENTOS > CASA MILITAR,,,paulo-vogt
3838,3932,Atendimento ao usuário Suporte - Defesa Civil (Andrade Neves),6,3,2,2024-03-14 10:48:34+00:00,2024-03-18 17:36:01+00:00,,,DTIC > EQUIPAMENTOS > INSTALAÇÃO,Entidade raiz > PIRATINI > CENTRAL DE ATENDIMENTOS > CASA MILITAR,,"anderson-oliveira, thales-leite",fabio-rauber
3839,3933,Outlook //CAIXA COMPARTILHADA - Gabinete de Crise Climática ,6,3,2,2024-03-14 11:49:43+00:00,2024-04-16 09:28:07+00:00,,,ACESSO A SISTEMAS > OFFICE 365 > EMAIL > CAIXA COMPARTILHADA,Entidade raiz > PIRATINI > CENTRAL DE ATENDIMENTOS > CASA CIVIL,,"silvio-valim, jorge-vicente, anderson-oliveira",abigail-correa
3840,3934,Atendimento ao usuário Suporte - EDICAO,6,3,2,2024-03-14 13:54:15+00:00,2024-03-14 14:04:47+00:00,,,AJUDA E SUPORTE > ATENDIMENTO AO USUÁRIO,Entidade raiz > PIRATINI > CENTRAL DE ATENDIMENTOS > SECOM,,jorge-vicente,andre-graminho
3841,3935,Acesso a Sistemas  - Túnel PROCERGS - LIBERAR ACESSO,6,3,2,2024-03-14 14:30:25+00:00,2024-03-14 14:31:14+00:00,,,ACESSO A SISTEMAS > REDE > TÚNEL PROCERGS,Entidade raiz > PIRATINI > CENTRAL DE ATENDIMENTOS > CASA CIVIL,,anderson-oliveira,fernanda-lisboa
3842,3936,Atendimento ao usuário Suporte - GABINETE,6,3,2,2024-03-14 15:23:05+00:00,2024-03-18 11:44:10+00:00,,,AJUDA E SUPORTE > ATENDIMENTO AO USUÁRIO,Entidade raiz > PIRATINI > CENTRAL DE ATENDIMENTOS > SECOM,,jorge-vicente,andre-graminho
3843,3937,Acesso a Sistemas  - SOE Web - LIBERAR ACESSO,6,3,2,2024-03-14 16:17:34+00:00,2024-03-18 11:42:49+00:00,,,,Entidade raiz > PIRATINI > CENTRAL DE ATENDIMENTOS > CASA CIVIL,,miguelangelo,paloma-amorim
3844,3938,Acesso a Sistemas  - FPE - LIBERAR ACESSO,6,3,2,2024-03-14 16:46:03+00:00,2024-03-19 13:51:00+00:00,,,,Entidade raiz > PIRATINI > CENTRAL DE ATENDIMENTOS > CASA CIVIL,,pablo-guimaraes,melissa-costa
3845,3939,OFFICE 365 // NOVA CONTA DE EMAIL - CAFF -GPE -20° andar,6,3,2,2024-03-14 16:52:13+00:00,2024-03-14 16:53:05+00:00,,,ACESSO A SISTEMAS > OFFICE 365 > EMAIL > NOVO USUÁRIO,Entidade raiz > PIRATINI > CENTRAL DE ATENDIMENTOS > GVG,,anderson-oliveira,antonio-cargnin
3846,3940,Acesso a Sistemas Rede Piratini,6,3,2,2024-03-14 17:10:55+00:00,2024-03-18 13:41:06+00:00,,,ACESSO A SISTEMAS > REDE > LIBERAÇÃO DE ACESSO > NOVO USUÁRIO,Entidade raiz > PIRATINI > CENTRAL DE ATENDIMENTOS > SECOM,,"miguelangelo, anderson-oliveira",andre-graminho
3847,3941,Atendimento ao usuário Suporte - DINFO,6,3,2,2024-03-14 17:37:43+00:00,2024-03-22 08:47:11+00:00,,,AJUDA E SUPORTE > ATENDIMENTO AO USUÁRIO,Entidade raiz > PIRATINI > CENTRAL DE ATENDIMENTOS > CASA CIVIL,,pablo-guimaraes,cristiane-dias
3848,3942,Atendimento ao usuário Suporte - subchefia de operações,6,3,2,2024-03-14 18:50:48+00:00,2024-03-15 10:31:27+00:00,,,AJUDA E SUPORTE > ATENDIMENTO AO USUÁRIO,Entidade raiz > PIRATINI > CENTRAL DE ATENDIMENTOS > CASA MILITAR,,thales-leite,roberta-martins
3849,3943,Workspace Power Bi Pro // GG - Gabinete // Hyan Nunes,6,3,2,2024-03-15 09:03:59+00:00,2024-03-15 09:04:20+00:00,,,ACESSO A SISTEMAS > OFFICE 365,Entidade raiz > PIRATINI > CENTRAL DE ATENDIMENTOS,,silvio-valim,alexandre-almoarqueg
3850,3944,Exclusão Contas // SECOM - Jornalismo // Thaise Bilião e Vanessa Rosa,6,3,2,2024-03-15 09:46:25+00:00,2024-03-15 09:46:33+00:00,,,ACESSO A SISTEMAS > OFFICE 365,Entidade raiz > PIRATINI > CENTRAL DE ATENDIMENTOS,,silvio-valim,silvio-valim
3851,3945,Excluir Conta Office // CC - Gabinete // Alessandro Bauer,6,3,2,2024-03-15 10:10:18+00:00,2024-03-15 10:10:29+00:00,,,ACESSO A SISTEMAS > OFFICE 365 > EMAIL > EXCLUSÃO,Entidade raiz > PIRATINI > CENTRAL DE ATENDIMENTOS > CASA CIVIL > Gabinete dos Prefeitos,,silvio-valim,alessandro-pereira
3852,3946,manutenção \ instalação impressora \ isac silveira,6,3,2,2024-03-15 12:00:00+00:00,2024-03-15 12:00:00+00:00,,,DTIC > EQUIPAMENTOS > INSTALAÇÃO > IMPRESSORA,Entidade raiz > PIRATINI > CENTRAL DE ATENDIMENTOS > CASA CIVIL,,alessandro-vieira,Isac-Silveira
3853,3947,Excluir Conta Office // CC - Gabinete // Luis Bairros,6,3,2,2024-03-15 10:32:24+00:00,2024-03-15 10:32:33+00:00,,,ACESSO A SISTEMAS > OFFICE 365 > EMAIL > EXCLUSÃO,Entidade raiz > PIRATINI > CENTRAL DE ATENDIMENTOS > CASA CIVIL,,silvio-valim,luis-barrios
3854,3948,Atendimento ao usuário Suporte - Departamento de Conservação e Memória do Patrimônio Cultural,6,3,2,2024-03-15 11:08:34+00:00,2024-03-15 12:13:27+00:00,,,AJUDA E SUPORTE > ATENDIMENTO AO USUÁRIO,Entidade raiz > PIRATINI > CENTRAL DE ATENDIMENTOS > GG,,thales-leite,bruna-linhares
3855,3949,Exclusão Contas // CM - Defesa Civil // Marcus Vinicius,6,3,2,2024-03-15 14:27:38+00:00,2024-03-15 14:27:53+00:00,,,ACESSO A SISTEMAS > OFFICE 365 > EMAIL > EXCLUSÃO,Entidade raiz > PIRATINI > CENTRAL DE ATENDIMENTOS > CASA MILITAR,,silvio-valim,marcus-oliveira
3856,3950,Atendimento ao usuário Suporte - CC- Sub Juridica,6,3,2,2024-03-15 14:27:54+00:00,2024-03-15 14:33:43+00:00,,,AJUDA E SUPORTE > ATENDIMENTO AO USUÁRIO,Entidade raiz > PIRATINI > CENTRAL DE ATENDIMENTOS > CASA CIVIL,,anderson-oliveira,elisangela-mattjie
3857,3951,Atendimento ao usuário Suporte - GVG,6,3,2,2024-03-15 14:35:13+00:00,2024-03-15 15:14:17+00:00,,,AJUDA E SUPORTE > ATENDIMENTO AO USUÁRIO,Entidade raiz > PIRATINI > CENTRAL DE ATENDIMENTOS > GVG,,anderson-oliveira,marcielli-bierhals
3858,3952,Reset senha de rede // CC - Legislativo // Aline Renner,6,3,2,2024-03-15 15:00:36+00:00,2024-03-15 15:00:48+00:00,,,ACESSO A SISTEMAS > REDE > RESET DE SENHA,Entidade raiz > PIRATINI > CENTRAL DE ATENDIMENTOS > CASA CIVIL,,,aline-renner
3859,3953,Apoio para imprimir A3 // CC - SAEF // Alba Marquez,6,3,2,2024-03-15 16:32:22+00:00,2024-03-15 16:32:28+00:00,,,AJUDA E SUPORTE > ATENDIMENTO AO USUÁRIO,Entidade raiz > PIRATINI > CENTRAL DE ATENDIMENTOS > CASA CIVIL,,silvio-valim,alba-santos
3860,3954,Acesso a Sistemas  - GCE - LIBERAR ACESSO,6,3,2,2024-03-18 09:12:29+00:00,2024-03-26 15:40:28+00:00,,,ACESSO A SISTEMAS > SOE,Entidade raiz > PIRATINI > CENTRAL DE ATENDIMENTOS > CASA CIVIL,,pablo-guimaraes,Isac-Silveira
3861,3955,Problema administrativo,6,3,1,2024-03-18 10:05:58+00:00,2024-03-18 10:32:16+00:00,,,DTIC > INFRAESTRUTURA,Entidade raiz > PIRATINI > CENTRAL DE ATENDIMENTOS > CASA CIVIL,,,luiz-campos
3862,3956,OUTLOOK // ADICIONAR/EXCLUIR USUÁRIO DE CAIXA COMPARTILHADA - Gabinete - Secom,6,3,2,2024-03-18 10:17:22+00:00,2024-03-18 13:33:28+00:00,,,ACESSO A SISTEMAS > OFFICE 365 > EMAIL > CAIXA COMPARTILHADA,Entidade raiz > PIRATINI > CENTRAL DE ATENDIMENTOS > SECOM,,anderson-oliveira,luis-zorzan
3863,3957,Acesso a Sistemas - OFFiCE365,6,3,1,2024-03-18 10:43:32+00:00,2024-03-18 10:49:08+00:00,,,ACESSO A SISTEMAS > OFFICE 365,Entidade raiz > PIRATINI > CENTRAL DE ATENDIMENTOS > CASA CIVIL,,thales-leite,mariela-dorneles
3864,3958,Acesso a Sistemas Rede Piratini,6,3,2,2024-03-18 13:22:51+00:00,2024-03-18 13:38:07+00:00,,,ACESSO A SISTEMAS > REDE > RESET DE SENHA,Entidade raiz > PIRATINI > CENTRAL DE ATENDIMENTOS > SECOM,,anderson-oliveira,luis-zorzan
3865,3959,Acesso a Sistemas Rede Piratini,6,3,2,2024-03-18 14:04:50+00:00,2024-03-18 14:07:19+00:00,,,ACESSO A SISTEMAS > REDE > RESET DE SENHA,Entidade raiz > PIRATINI > CENTRAL DE ATENDIMENTOS > CASA CIVIL,,anderson-oliveira,marcia-reis
3866,3960,Acesso a Sistemas Rede Piratini,6,3,2,2024-03-18 15:01:16+00:00,2024-03-18 16:31:33+00:00,,,ACESSO A SISTEMAS > REDE > LIBERAÇÃO DE ACESSO > NOVO USUÁRIO,Entidade raiz > PIRATINI > CENTRAL DE ATENDIMENTOS > GG,,anderson-oliveira,patricia-bicoski
3867,3961,Acesso a Sistemas Rede Piratini,6,3,2,2024-03-18 15:15:34+00:00,2024-03-18 17:25:05+00:00,,,ACESSO A SISTEMAS > REDE > LIBERAÇÃO DE ACESSO,Entidade raiz > PIRATINI > CENTRAL DE ATENDIMENTOS > CASA MILITAR,,,joel-almeida
3868,3962,Atendimento ao Usuário / Oficina de Restauro sem internet,6,3,1,2024-03-18 15:54:51+00:00,2024-03-18 15:59:09+00:00,,,AJUDA E SUPORTE > ATENDIMENTO AO USUÁRIO,Entidade raiz > PIRATINI > CENTRAL DE ATENDIMENTOS > GG,,thales-leite,isis-gama
3869,3963,Acesso a Sistemas  - GCE - DESBLOQUEAR USUÁRIO,6,3,2,2024-03-18 16:03:19+00:00,2024-03-18 17:23:56+00:00,,,,Entidade raiz > PIRATINI > CENTRAL DE ATENDIMENTOS > GG,,anderson-oliveira,lindomar-leal
3870,3964,Instalação Access Point  // GG - Sala R2 // Luciana Conca,6,3,2,2024-03-19 08:41:25+00:00,2024-03-20 11:31:33+00:00,,,DTIC > INFRAESTRUTURA > WI-FI,Entidade raiz > PIRATINI > CENTRAL DE ATENDIMENTOS > GG,Palacio Piratini - Ala Residencial,,luciana-conca
3871,3965,OFFICE 365 // NOVA CONTA DE EMAIL - Casa Militar - Operações,6,3,2,2024-03-19 09:24:52+00:00,2024-03-19 11:06:53+00:00,,,ACESSO A SISTEMAS > OFFICE 365 > EMAIL > NOVO USUÁRIO,Entidade raiz > PIRATINI > CENTRAL DE ATENDIMENTOS > CASA MILITAR,,"pablo-guimaraes, anderson-oliveira",debora-aparecida
3872,3966,OFFICE 365 // NOVA CONTA DE EMAIL - Casa Militar - Operações,6,3,2,2024-03-19 09:29:12+00:00,2024-03-19 11:01:00+00:00,,,ACESSO A SISTEMAS > OFFICE 365 > EMAIL > NOVO USUÁRIO,Entidade raiz > PIRATINI > CENTRAL DE ATENDIMENTOS > CASA MILITAR,,"pablo-guimaraes, anderson-oliveira",debora-aparecida
3873,3967,Acesso a Sistemas Rede Piratini,6,3,2,2024-03-19 09:36:12+00:00,2024-03-19 09:59:04+00:00,,,ACESSO A SISTEMAS > REDE > LIBERAÇÃO DE ACESSO > NOVO USUÁRIO,Entidade raiz > PIRATINI > CENTRAL DE ATENDIMENTOS > CASA MILITAR,,anderson-oliveira,debora-aparecida
3874,3968,Atendimento ao usuário Suporte - Coordenação da Ala Residencial,6,3,2,2024-03-19 10:11:43+00:00,2024-03-19 14:15:26+00:00,,,AJUDA E SUPORTE > ATENDIMENTO AO USUÁRIO,Entidade raiz > PIRATINI > CENTRAL DE ATENDIMENTOS > CASA MILITAR,,"alessandro-vieira, anderson-oliveira, thales-leite",luisa-maestri
3875,3969,Auxílio Impressão Colorida // CC - SAEF // Magda Maciel,6,3,2,2024-03-19 10:18:04+00:00,2024-03-19 10:18:18+00:00,,,AJUDA E SUPORTE > ATENDIMENTO AO USUÁRIO,Entidade raiz > PIRATINI > CENTRAL DE ATENDIMENTOS > CASA CIVIL,,silvio-valim,magda-bueno
3876,3970,Suporte para assinar digitalmente // GG - Gabinete // Ester Gazalle,6,3,2,2024-03-19 11:21:04+00:00,2024-03-19 11:21:33+00:00,,,AJUDA E SUPORTE > ATENDIMENTO AO USUÁRIO,Entidade raiz > PIRATINI > CENTRAL DE ATENDIMENTOS > GG,,,ester-rodrigues
3877,3971,Acesso a Sistemas  - GCE - DESBLOQUEAR USUÁRIO,6,3,2,2024-03-19 12:10:50+00:00,2024-03-19 13:40:32+00:00,,,AJUDA E SUPORTE > ATENDIMENTO AO USUÁRIO,Entidade raiz > PIRATINI > CENTRAL DE ATENDIMENTOS > CASA MILITAR,,anderson-oliveira,luisa-maestri
3878,3972,Atendimento ao usuário Suporte - GABINETE,6,3,2,2024-03-19 13:02:12+00:00,2024-03-19 14:20:15+00:00,,,AJUDA E SUPORTE > ATENDIMENTO AO USUÁRIO,Entidade raiz > PIRATINI > CENTRAL DE ATENDIMENTOS > SECOM,,,andre-graminho
3879,3973,Excluir Conta Office // CC - Gabinete // Leonardo Cesar,6,3,2,2024-03-19 14:06:52+00:00,2024-03-19 14:07:04+00:00,,,ACESSO A SISTEMAS > OFFICE 365,Entidade raiz > PIRATINI > CENTRAL DE ATENDIMENTOS > GVG,,silvio-valim,silvio-valim
3880,3974,REQUISIÇÃO DE EQUIPAMENTO -CC -Gabinete,6,3,2,2024-03-19 15:48:25+00:00,2024-03-22 08:46:01+00:00,,,AJUDA E SUPORTE > MOVIMENTO DE EQUIPAMENTOS DE TI > REQUISIÇÃO,Entidade raiz > PIRATINI > CENTRAL DE ATENDIMENTOS > CASA CIVIL,,anderson-oliveira,gustavo-paim
3881,3975,Atendimento ao usuário Suporte - DCMPP,6,3,2,2024-03-19 17:10:56+00:00,2024-03-20 09:45:31+00:00,,,ACESSO A SISTEMAS > REDE > LIBERAÇÃO DE ACESSO,Entidade raiz > PIRATINI > CENTRAL DE ATENDIMENTOS > GG,,jorge-vicente,lorena-vieira
3882,3976,Atendimento ao usuário Suporte - AE/JURIDICO,6,3,2,2024-03-20 09:34:28+00:00,2024-03-20 10:04:48+00:00,,,ACESSO A SISTEMAS > SOE > PROA > ADICIONAR A GRUPO,Entidade raiz > PIRATINI > CENTRAL DE ATENDIMENTOS > SECOM,,miguelangelo,andre-graminho
3883,3977,Atendimento ao usuário Suporte - Procuradoria Setorial,6,3,2,2024-03-20 13:58:51+00:00,2024-03-22 09:51:43+00:00,,,ACESSO A SISTEMAS > SOE > PROA,Entidade raiz > PIRATINI > CENTRAL DE ATENDIMENTOS > SECOM,,miguelangelo,andre-graminho
3884,3978,Atendimento ao usuário Suporte - AE/JURIDICO,6,3,2,2024-03-20 14:03:49+00:00,2024-03-22 09:52:03+00:00,,,ACESSO A SISTEMAS > SOE > PROA,Entidade raiz > PIRATINI > CENTRAL DE ATENDIMENTOS > SECOM,,miguelangelo,andre-graminho
3885,3979,Atendimento ao usuário Suporte - Gabinete do Governador,6,3,2,2024-03-20 14:19:40+00:00,2024-03-20 15:37:18+00:00,,,AJUDA E SUPORTE > ATENDIMENTO AO USUÁRIO,Entidade raiz > PIRATINI > CENTRAL DE ATENDIMENTOS > GG,,thales-leite,luciana-ghiggi
3886,3980,Atendimento ao usuário Suporte - GABINETE,6,3,2,2024-03-20 15:17:23+00:00,2024-03-20 16:41:40+00:00,,,AJUDA E SUPORTE > ATENDIMENTO AO USUÁRIO,Entidade raiz > PIRATINI > CENTRAL DE ATENDIMENTOS > SECOM,,alessandro-vieira,andre-graminho
3887,3981,Atendimento ao usuário Suporte - ADMINISTRATIVO,6,3,2,2024-03-20 17:31:13+00:00,2024-03-21 09:15:44+00:00,,,ACESSO A SISTEMAS > OFFICE 365 > EMAIL > CAIXA COMPARTILHADA,Entidade raiz > PIRATINI > CENTRAL DE ATENDIMENTOS > SECOM,,jorge-vicente,andre-graminho
3888,3982,Atendimento ao usuário Suporte - 21º - Gabinete do Vice-Governador ,6,3,2,2024-03-21 09:20:10+00:00,2024-03-21 16:41:23+00:00,,,AJUDA E SUPORTE > ATENDIMENTO AO USUÁRIO,Entidade raiz > PIRATINI > CENTRAL DE ATENDIMENTOS > GVG,,"alessandro-vieira, thales-leite",flavia-silva
3889,3983,Requisição de equipamento notebook - GG-Gabinete,6,3,2,2024-03-21 09:22:19+00:00,2024-03-25 17:22:18+00:00,,,AJUDA E SUPORTE > MOVIMENTO DE EQUIPAMENTOS DE TI > REQUISIÇÃO,Entidade raiz > PIRATINI > CENTRAL DE ATENDIMENTOS > GG,,"alessandro-vieira, anderson-oliveira",luciana-conca
3929,4024,Atendimento ao usuário Suporte - DAMAC,6,3,2,2024-03-26 10:34:44+00:00,2024-03-26 10:39:56+00:00,,,ACESSO A SISTEMAS > REDE > RESET DE SENHA,Entidade raiz > PIRATINI > CENTRAL DE ATENDIMENTOS > CASA CIVIL,,"anderson-oliveira, jonathan-moletta",alexander-ostroga
3890,3984,Acesso FPE // GG - Gabinete // Vilmar Rama,6,3,2,2024-03-21 09:46:24+00:00,2024-03-26 18:02:48+00:00,,,ACESSO A SISTEMAS > SOE > FPE,Entidade raiz > PIRATINI > CENTRAL DE ATENDIMENTOS > GVG,,pablo-guimaraes,vilmar-rama
3891,3985,Acesso a Sistemas  - SOE Web - OUTRO,6,3,2,2024-03-21 09:52:15+00:00,2024-03-21 10:02:16+00:00,,,ACESSO A SISTEMAS > SOE,Entidade raiz > PIRATINI > CENTRAL DE ATENDIMENTOS > CASA MILITAR,,pablo-guimaraes,paulo-vogt
3892,3986,Lista Pública // CC - DTI // Alterar nome na Lista Pública GVG,6,3,2,2024-03-21 10:23:22+00:00,2024-03-21 10:23:36+00:00,,,ACESSO A SISTEMAS > OFFICE 365,Entidade raiz > PIRATINI > CENTRAL DE ATENDIMENTOS > CASA CIVIL,,silvio-valim,silvio-valim
3893,3987,Criação de Credenciais // CC - DTIC // Jonathan Nascimento Moletta,6,3,1,2024-03-21 10:36:16+00:00,2024-03-22 11:36:30+00:00,,,ACESSO A SISTEMAS > REDE > LIBERAÇÃO DE ACESSO > NOVO USUÁRIO,Entidade raiz > PIRATINI > CENTRAL DE ATENDIMENTOS > CASA CIVIL,,jorge-vicente,jorge-vicente
3894,3988,Atendimento ao usuário Suporte - Procuradoria Setorial,6,3,2,2024-03-21 10:46:33+00:00,2024-03-21 16:40:05+00:00,,,ACESSO A SISTEMAS > REDE > TÚNEL PROCERGS,Entidade raiz > PIRATINI > CENTRAL DE ATENDIMENTOS > SECOM,,jorge-vicente,andre-graminho
3895,3989,Erro-Site Prefeitura Gentil,6,3,2,2024-03-21 11:24:29+00:00,2024-03-21 11:25:22+00:00,,,DTIC > INFRAESTRUTURA > PROBLEMA DE REDE,Entidade raiz > PIRATINI > CENTRAL DE ATENDIMENTOS > GG,,anderson-oliveira,jovana-fonseca
3896,3990,Requisição de guarda de Equipamentos Cisco,6,3,2,2024-03-21 14:29:53+00:00,2024-03-21 17:42:59+00:00,,,DTIC > EQUIPAMENTOS > RECOLHIMENTO,Entidade raiz > PIRATINI > CENTRAL DE ATENDIMENTOS > GG,,alessandro-vieira,luciana-conca
3897,3991,Acesso a Sistemas Rede Piratini,6,3,2,2024-03-21 15:32:15+00:00,2024-03-21 16:07:35+00:00,,,ACESSO A SISTEMAS > REDE > RESET DE SENHA,Entidade raiz > PIRATINI > CENTRAL DE ATENDIMENTOS > CASA MILITAR,,silvio-valim,thiago-santos
3898,3992,Atendimento ao usuário Suporte - Procuradoria Setorial,6,3,2,2024-03-21 15:52:53+00:00,2024-03-21 17:35:12+00:00,,,AJUDA E SUPORTE > ATENDIMENTO AO USUÁRIO,Entidade raiz > PIRATINI > CENTRAL DE ATENDIMENTOS > SECOM,,thales-leite,andre-graminho
3899,3993,Remoção da mobília do DTIC da Antessala do Governador,6,4,2,2024-03-22 08:54:58+00:00,2024-03-25 08:21:19+00:00,,,DTIC > EQUIPAMENTOS > RECOLHIMENTO,Entidade raiz > PIRATINI > CENTRAL DE ATENDIMENTOS > GG,,"alessandro-vieira, thales-leite",fernanda-braga
3900,3994,Problema administrativo,6,3,1,2024-03-22 09:24:43+00:00,2024-03-22 09:24:43+00:00,,,,Entidade raiz > PIRATINI > CENTRAL DE ATENDIMENTOS > CASA CIVIL,,,
3901,3995,Suporte para assinar digitalmente // GG - Gabinete // Ester Gazalle,6,3,2,2024-03-22 09:25:35+00:00,2024-03-22 09:25:42+00:00,,,AJUDA E SUPORTE > ATENDIMENTO AO USUÁRIO,Entidade raiz > PIRATINI > CENTRAL DE ATENDIMENTOS > GG,,,ester-rodrigues
3902,3996,Suporte para assinar digitalmente // CC - SAA // Maria Betania,6,3,2,2024-03-22 09:26:37+00:00,2024-03-22 09:26:48+00:00,,,AJUDA E SUPORTE > ATENDIMENTO AO USUÁRIO,Entidade raiz > PIRATINI > CENTRAL DE ATENDIMENTOS > CASA CIVIL,,anderson-oliveira,maria-braun
3903,3997,Reset senha de rede // CC - Juridico // Mirella Bernardi,6,3,2,2024-03-22 09:47:11+00:00,2024-03-22 09:47:23+00:00,,,ACESSO A SISTEMAS > REDE > RESET DE SENHA,Entidade raiz > PIRATINI > CENTRAL DE ATENDIMENTOS > CASA CIVIL,,,mirella-bernardi
3904,3998,Acesso a Sistemas  - SOE Web - DESBLOQUEAR USUÁRIO,6,3,2,2024-03-22 10:40:01+00:00,2024-03-22 10:41:13+00:00,,,ACESSO A SISTEMAS > REDE > RESET DE SENHA,Entidade raiz > PIRATINI > CENTRAL DE ATENDIMENTOS > CASA CIVIL,,,clarissa-avila
3905,3999,Instalar Creative cloud,6,3,2,2024-03-22 10:58:29+00:00,2024-03-22 11:02:00+00:00,,,AJUDA E SUPORTE > INSTALAÇÃO DE SOFTWARE,Entidade raiz > PIRATINI > CENTRAL DE ATENDIMENTOS > GG,,alessandro-vieira,alvaro-aguiar
3906,4000,Acesso a Sistemas Rede Piratini,6,3,2,2024-03-22 11:44:43+00:00,2024-03-22 11:50:25+00:00,,,ACESSO A SISTEMAS > REDE > RESET DE SENHA,Entidade raiz > PIRATINI > CENTRAL DE ATENDIMENTOS > CASA CIVIL,,anderson-oliveira,maria-mollmann
3907,4001,Acesso a Sistemas Rede Piratini,6,3,2,2024-03-22 15:53:18+00:00,2024-03-25 08:20:22+00:00,,,ACESSO A SISTEMAS > REDE > LIBERAÇÃO DE ACESSO > NOVO USUÁRIO,Entidade raiz > PIRATINI > CENTRAL DE ATENDIMENTOS > CASA MILITAR,,anderson-oliveira,debora-aparecida
3908,4002,Acesso a Sistemas Rede Piratini,6,3,2,2024-03-22 17:40:03+00:00,2024-03-25 08:15:47+00:00,,,ACESSO A SISTEMAS > REDE > LIBERAÇÃO DE ACESSO > NOVO USUÁRIO,Entidade raiz > PIRATINI > CENTRAL DE ATENDIMENTOS > CASA MILITAR,,anderson-oliveira,elisandra-decantam
3909,4003,Acesso a Sistemas  - FPE - OUTRO,6,3,2,2024-03-22 17:42:57+00:00,2024-03-26 14:08:55+00:00,,,ACESSO A SISTEMAS > SOE > FPE,Entidade raiz > PIRATINI > CENTRAL DE ATENDIMENTOS > CASA CIVIL,,pablo-guimaraes,francisco-barros
3910,4004,Verificar acesso à Rede // CC - SAEF // Magda Bueno,6,3,2,2024-03-25 09:36:06+00:00,2024-03-25 09:36:38+00:00,,,AJUDA E SUPORTE > ATENDIMENTO AO USUÁRIO,Entidade raiz > PIRATINI > CENTRAL DE ATENDIMENTOS > CASA CIVIL,,silvio-valim,silvio-valim
3911,4006,ala residencial \ Governador \ rede de acesso internet,6,3,2,2024-03-25 12:00:00+00:00,2024-03-25 12:00:00+00:00,,,AJUDA E SUPORTE > ATENDIMENTO AO USUÁRIO,Entidade raiz > PIRATINI > CENTRAL DE ATENDIMENTOS,,"alessandro-vieira, anderson-oliveira, thales-leite",
3912,4007,Máquina sem acesso à Rede // CC - Parlamentar // Roque Cunha,6,3,2,2024-03-25 10:04:53+00:00,2024-03-25 10:05:04+00:00,,,AJUDA E SUPORTE > ATENDIMENTO AO USUÁRIO,Entidade raiz > PIRATINI > CENTRAL DE ATENDIMENTOS > CASA CIVIL,,silvio-valim,roque-cunha
3913,4008,Atendimento ao usuário Suporte - ADMINISTRATIVO,6,3,2,2024-03-25 11:41:39+00:00,2024-04-03 10:42:45+00:00,,,ACESSO A SISTEMAS > SOE > PROA > ADICIONAR A GRUPO,Entidade raiz > PIRATINI > CENTRAL DE ATENDIMENTOS > SECOM,,miguelangelo,andre-graminho
3914,4009,Acesso a Sistemas  - Geral - DESBLOQUEAR USUÁRIO,6,3,2,2024-03-25 12:09:57+00:00,2024-03-25 14:29:33+00:00,,,,Entidade raiz > PIRATINI > CENTRAL DE ATENDIMENTOS > CASA CIVIL,,anderson-oliveira,laura-hermes
3915,4010,Acesso a Sistemas Rede Piratini,6,3,2,2024-03-25 14:30:23+00:00,2024-03-25 15:49:06+00:00,,,ACESSO A SISTEMAS > REDE > LIBERAÇÃO DE ACESSO,Entidade raiz > PIRATINI > CENTRAL DE ATENDIMENTOS > GVG,,anderson-oliveira,erlon-dornelles
3916,4011,Acesso a Sistemas  - SOE Web - OUTRO,6,3,2,2024-03-25 14:31:52+00:00,2024-03-25 15:59:55+00:00,,,ACESSO A SISTEMAS > SOE,Entidade raiz > PIRATINI > CENTRAL DE ATENDIMENTOS > CASA MILITAR,,pablo-guimaraes,paulo-vogt
3917,4012,OFFICE 365 // NOVA CONTA DE EMAIL - GABINETE DO VICE-GOVERNADOR,6,3,2,2024-03-25 14:34:18+00:00,2024-03-25 17:15:56+00:00,,,ACESSO A SISTEMAS > OFFICE 365 > EMAIL > NOVO USUÁRIO,Entidade raiz > PIRATINI > CENTRAL DE ATENDIMENTOS > GVG,,anderson-oliveira,erlon-dornelles
3918,4013,PROA LIBERAR ACESSO A GRUPO,6,3,2,2024-03-25 14:35:36+00:00,2024-03-26 10:50:42+00:00,,,ACESSO A SISTEMAS > SOE > PROA > ADICIONAR A GRUPO,Entidade raiz > PIRATINI > CENTRAL DE ATENDIMENTOS > GVG,,miguelangelo,erlon-dornelles
3919,4014,Acesso a Sistemas Rede Piratini,6,3,2,2024-03-25 15:22:06+00:00,2024-03-25 17:14:05+00:00,,,ACESSO A SISTEMAS > REDE > LIBERAÇÃO DE ACESSO,Entidade raiz > PIRATINI > CENTRAL DE ATENDIMENTOS > GG,,silvio-valim,patricia-bicoski
3920,4015,Atendimento ao usuário Suporte - Defesa civil -Rua Andrade  neves 106 -sede,6,3,2,2024-03-25 15:28:27+00:00,2024-03-26 13:47:54+00:00,,,AJUDA E SUPORTE > ATENDIMENTO AO USUÁRIO,Entidade raiz > PIRATINI > CENTRAL DE ATENDIMENTOS > CASA MILITAR,,,jose-bones
3921,4016,Acesso a Sistemas Rede Piratini,6,3,2,2024-03-25 15:35:19+00:00,2024-03-25 16:11:07+00:00,,,ACESSO A SISTEMAS > REDE > LIBERAÇÃO DE ACESSO,Entidade raiz > PIRATINI > CENTRAL DE ATENDIMENTOS > CASA MILITAR,,anderson-oliveira,jose-bones
3922,4017,Acesso a Sistemas  - LAI - LIBERAR ACESSO,6,3,2,2024-03-25 15:36:03+00:00,2024-03-25 15:57:40+00:00,,,ACESSO A SISTEMAS > SOE,Entidade raiz > PIRATINI > CENTRAL DE ATENDIMENTOS > CASA CIVIL,,pablo-guimaraes,regina-costa
3923,4018,Prorrogação de conta // CC - Manutenção // Laura Hermes,6,3,2,2024-03-25 15:49:08+00:00,2024-03-25 15:49:38+00:00,,,ACESSO A SISTEMAS > REDE,Entidade raiz > PIRATINI > CENTRAL DE ATENDIMENTOS > CASA CIVIL,,,laura-hermes
3924,4019,Testar câmera e microphone // CC - SAEF // Alba Marquez,6,3,2,2024-03-25 16:50:55+00:00,2024-03-25 16:51:06+00:00,,,ACESSO A SISTEMAS > OFFICE 365,Entidade raiz > PIRATINI > CENTRAL DE ATENDIMENTOS > CASA CIVIL,,silvio-valim,alba-santos
3925,4020,OUTLOOK // ADICIONAR/EXCLUIR USUÁRIO DE CAIXA COMPARTILHADA - ASSESSORIA MILITAR - GABINETE DO VICE-GOVERNADOR,6,3,2,2024-03-25 17:44:22+00:00,2024-03-26 13:33:31+00:00,,,ACESSO A SISTEMAS > OFFICE 365 > EMAIL > CAIXA COMPARTILHADA,Entidade raiz > PIRATINI > CENTRAL DE ATENDIMENTOS > GVG,,anderson-oliveira,erlon-dornelles
3926,4021,Acesso a Sistemas Rede Piratini,6,3,2,2024-03-25 20:36:02+00:00,2024-04-11 10:20:06+00:00,,,ACESSO A SISTEMAS > REDE > LIBERAÇÃO DE ACESSO,Entidade raiz > PIRATINI > CENTRAL DE ATENDIMENTOS > GVG,,anderson-oliveira,erlon-dornelles
3927,4022,Suporte usuário,6,3,2,2024-03-26 09:55:23+00:00,2024-03-26 09:56:08+00:00,,,AJUDA E SUPORTE > ATENDIMENTO AO USUÁRIO,Entidade raiz > PIRATINI > CENTRAL DE ATENDIMENTOS > CASA CIVIL,,anderson-oliveira,
3928,4023,Montagem de Equipamento - Sub Juridica,6,3,2,2024-03-26 09:58:24+00:00,2024-03-26 10:30:04+00:00,,,AJUDA E SUPORTE > INSTALAÇÃO DE EQUIPAMENTOS,Entidade raiz > PIRATINI > CENTRAL DE ATENDIMENTOS > CASA CIVIL,,"anderson-oliveira, jonathan-moletta",fernanda-lisboa
3930,4025,Atendimento ao usuário Suporte - RH Casa Civil - Av Mauá 1 andar,6,3,2,2024-03-26 10:52:15+00:00,2024-03-26 15:28:22+00:00,,,AJUDA E SUPORTE > ATENDIMENTO AO USUÁRIO,Entidade raiz > PIRATINI > CENTRAL DE ATENDIMENTOS > CASA CIVIL > Secretaria-Executiva > Subchefia Administrativa > Departamento de Gestão de Atos e Pessoal > Divisão de Gestão de Pessoas,,"thales-leite, leonardo-riela",vanessa-santos
3931,4026,Atendimento ao usuário Suporte - GVG,6,3,2,2024-03-26 12:38:55+00:00,2024-03-26 14:24:33+00:00,,,ACESSO A SISTEMAS > OFFICE 365 > EMAIL > CAIXA COMPARTILHADA,Entidade raiz > PIRATINI > CENTRAL DE ATENDIMENTOS > GVG,,anderson-oliveira,marcielli-bierhals
3932,4027,Outlook //CAIXA COMPARTILHADA - Gabinete do vice-governador ,6,3,2,2024-03-26 12:46:45+00:00,2024-03-26 14:43:24+00:00,,,ACESSO A SISTEMAS > OFFICE 365 > EMAIL > CAIXA COMPARTILHADA,Entidade raiz > PIRATINI > CENTRAL DE ATENDIMENTOS > GVG,,anderson-oliveira,marcielli-bierhals
3933,4028,Atendimento ao usuário Suporte - jornalismo,6,3,2,2024-03-26 14:00:41+00:00,2024-03-28 09:00:29+00:00,,,AJUDA E SUPORTE > ATENDIMENTO AO USUÁRIO,Entidade raiz > PIRATINI > CENTRAL DE ATENDIMENTOS > SECOM,,,andre-graminho
3934,4029,PROA LIBERAR ACESSO A GRUPO,6,3,2,2024-03-26 14:01:18+00:00,2024-03-26 14:31:49+00:00,,,ACESSO A SISTEMAS > SOE > PROA > ADICIONAR A GRUPO,Entidade raiz > PIRATINI > CENTRAL DE ATENDIMENTOS > GVG,,miguelangelo,marcielli-bierhals
3935,4030,Outlook //CAIXA COMPARTILHADA - Gabinete do vice-governador ,6,3,2,2024-03-26 14:26:29+00:00,2024-03-26 15:34:24+00:00,,,ACESSO A SISTEMAS > OFFICE 365 > EMAIL > CAIXA COMPARTILHADA,Entidade raiz > PIRATINI > CENTRAL DE ATENDIMENTOS > GVG,CAFF > 21° Andar - Gabinete -GVG,anderson-oliveira,marcielli-bierhals
3936,4031,Acesso a Sistemas  - FPE - OUTRO,6,3,2,2024-03-26 14:36:53+00:00,2024-03-26 17:57:55+00:00,,,,Entidade raiz > PIRATINI > CENTRAL DE ATENDIMENTOS > CASA CIVIL,,pablo-guimaraes,thais-difini
3937,4032,IMPRESSORA MENSAGEM DE ERRO - Central de Doações da Defesa Civil,6,3,1,2024-03-26 14:53:59+00:00,2024-03-27 15:54:48+00:00,,,DTIC > EQUIPAMENTOS > MANUTENÇÃO,Entidade raiz > PIRATINI > CENTRAL DE ATENDIMENTOS > CASA MILITAR,CAFF,jorge-vicente,elisandra-decantam
3938,4033,Ajuda e Suporte / Instalação de Software / Certificado Digital,6,3,2,2024-03-26 15:15:36+00:00,2024-04-03 08:15:36+00:00,,,AJUDA E SUPORTE > INSTALAÇÃO DE SOFTWARE,Entidade raiz > PIRATINI > CENTRAL DE ATENDIMENTOS > CASA CIVIL,,thales-leite,silvia-leopoldino
3939,4034,Acesso a Sistemas  - Geral - REMOVER ACESSO,6,3,2,2024-03-26 15:36:05+00:00,2024-03-27 10:25:26+00:00,,,DTIC > SISTEMAS > REMOÇÃO DE ACESSO SISTEMA,Entidade raiz > PIRATINI > CENTRAL DE ATENDIMENTOS > CASA MILITAR,,anderson-oliveira,thiago-santos
3940,4035,Atendimento ao usuário Suporte - SAEF - Departamento de Execução Orçamentária Federal,6,3,2,2024-03-26 15:52:45+00:00,2024-04-03 08:13:35+00:00,,,ACESSO A SISTEMAS > REDE > LIBERAÇÃO DE ACESSO > NOVO USUÁRIO,Entidade raiz > PIRATINI > CENTRAL DE ATENDIMENTOS > CASA CIVIL,,"pablo-guimaraes, miguelangelo, anderson-oliveira",alba-santos
3941,4036,IMPRESSORA MENSAGEM DE ERRO - RS Seguro - GG ,6,3,1,2024-03-26 16:02:53+00:00,2024-04-17 09:40:17+00:00,,,DTIC > EQUIPAMENTOS > MANUTENÇÃO,Entidade raiz > PIRATINI > CENTRAL DE ATENDIMENTOS > GVG,,jorge-vicente,carla-cardoso
3942,4037,Atendimento ao usuário Suporte - ADMINISTRATIVO,6,3,2,2024-03-26 17:28:12+00:00,2024-03-27 09:55:31+00:00,,,ACESSO A SISTEMAS > REDE > TÚNEL PROCERGS,Entidade raiz > PIRATINI > CENTRAL DE ATENDIMENTOS > SECOM,,anderson-oliveira,andre-graminho
3943,4038,Acesso a Sistemas Rede Piratini,6,3,2,2024-03-26 17:54:38+00:00,2024-04-11 10:20:36+00:00,,,ACESSO A SISTEMAS > REDE > LIBERAÇÃO DE ACESSO,Entidade raiz > PIRATINI > CENTRAL DE ATENDIMENTOS > GVG,,anderson-oliveira,marcielli-bierhals
3944,4039,Realizar transferências One Drive // CC - RH // Vanessa Rocha,6,3,2,2024-03-27 09:19:38+00:00,2024-03-27 09:19:49+00:00,,,ACESSO A SISTEMAS > OFFICE 365,Entidade raiz > PIRATINI > CENTRAL DE ATENDIMENTOS > CASA CIVIL,,silvio-valim,vanessa-santos
3945,4040,OFFICE 365 // NOVA CONTA DE EMAIL - CASA MILITAR,6,3,2,2024-03-27 09:39:07+00:00,2024-03-27 15:27:38+00:00,,,ACESSO A SISTEMAS > OFFICE 365 > EMAIL > CAIXA COMPARTILHADA,Entidade raiz > PIRATINI > CENTRAL DE ATENDIMENTOS > CASA MILITAR,,silvio-valim,joel-almeida
3946,4041,OFFICE 365 //ALIAS DE EMAIL - CASA MILITAR,6,3,2,2024-03-27 09:41:48+00:00,2024-03-27 10:18:46+00:00,,,ACESSO A SISTEMAS > OFFICE 365 > EMAIL,Entidade raiz > PIRATINI > CENTRAL DE ATENDIMENTOS > CASA MILITAR,,silvio-valim,joel-almeida
3947,4042,Atendimento ao usuário Suporte - Gabinete do Governador,6,3,2,2024-03-27 09:46:37+00:00,2024-03-27 10:45:33+00:00,,,AJUDA E SUPORTE > ATENDIMENTO AO USUÁRIO,Entidade raiz > PIRATINI > CENTRAL DE ATENDIMENTOS > GG,,"alessandro-vieira, jonathan-moletta",luciana-ghiggi
3948,4043,Acesso a Sistemas  - FPE - LIBERAR ACESSO,6,3,2,2024-03-27 09:54:10+00:00,2024-04-02 09:11:03+00:00,,,ACESSO A SISTEMAS > SOE > FPE,Entidade raiz > PIRATINI > CENTRAL DE ATENDIMENTOS > CASA CIVIL,,pablo-guimaraes,carlos-marques
3949,4044,Acesso a Sistemas  - GCE - LIBERAR ACESSO,6,3,2,2024-03-27 09:55:30+00:00,2024-04-05 16:23:42+00:00,,,ACESSO A SISTEMAS > SOE,Entidade raiz > PIRATINI > CENTRAL DE ATENDIMENTOS > CASA CIVIL,,pablo-guimaraes,carlos-marques
3950,4045,Atendimento ao usuário Suporte - gabinete da Casa Civil (MP),6,3,2,2024-03-27 10:14:50+00:00,2024-03-27 10:55:02+00:00,,,AJUDA E SUPORTE > ATENDIMENTO AO USUÁRIO,Entidade raiz > PIRATINI > CENTRAL DE ATENDIMENTOS > CASA CIVIL,,anderson-oliveira,abigail-correa
3951,4046,Atendimento ao usuário Suporte - ADMINISTRATIVO,6,3,2,2024-03-27 10:21:07+00:00,2024-03-27 10:54:39+00:00,,,ACESSO A SISTEMAS > OFFICE 365 > EMAIL > CAIXA COMPARTILHADA,Entidade raiz > PIRATINI > CENTRAL DE ATENDIMENTOS > SECOM,,anderson-oliveira,andre-graminho
3952,4047,Criar Alias // CC - Finanças // Vanessa Konrath,6,3,2,2024-03-27 10:21:26+00:00,2024-03-27 10:21:46+00:00,,,ACESSO A SISTEMAS > OFFICE 365,Entidade raiz > PIRATINI > CENTRAL DE ATENDIMENTOS > CASA CIVIL,,silvio-valim,vanessa-konrath
3953,4048,Resetar Senha // CC - Dinfo Biblioteca // Odete Ramos,6,3,2,2024-03-27 10:34:02+00:00,2024-03-27 10:39:20+00:00,,,ACESSO A SISTEMAS > REDE > RESET DE SENHA,Entidade raiz > PIRATINI > CENTRAL DE ATENDIMENTOS > CASA CIVIL,,"silvio-valim, anderson-oliveira",odete-baptista
3954,4049,Atualizar Dados Cadastrais // GG - Núcleo COnservação // Monica,6,3,2,2024-03-27 10:50:54+00:00,2024-03-27 10:51:06+00:00,,,ACESSO A SISTEMAS > OFFICE 365 > EMAIL > ATUALIZAR DADOS,Entidade raiz > PIRATINI > CENTRAL DE ATENDIMENTOS > GG,,silvio-valim,monica-freitas
3955,4050,Atendimento ao usuário Suporte - Divisão de Materiais e de Patrimônio,6,3,2,2024-03-27 11:47:01+00:00,2024-04-04 14:29:10+00:00,,,DTIC > SISTEMAS > ALTERAÇÃO DE ACESSO,Entidade raiz > PIRATINI > CENTRAL DE ATENDIMENTOS > CASA CIVIL,,"miguelangelo, anderson-oliveira",jorge-sari
3956,4051,INCIDENTE  - Casa Civil/DGP,6,3,2,2024-03-27 11:51:51+00:00,2024-03-27 14:13:11+00:00,,,DTIC > EQUIPAMENTOS > CONFIGURAÇÃO,Entidade raiz > PIRATINI > CENTRAL DE ATENDIMENTOS > CASA CIVIL > Secretaria-Executiva > Subchefia Administrativa > Departamento de Gestão de Atos e Pessoal > Divisão de Gestão de Pessoas,,leonardo-riela,silvia-leopoldino
3957,4052,INCIDENTE  - Equipamento 001655841,6,3,2,2024-03-27 13:39:25+00:00,2024-04-03 16:19:36+00:00,,,DTIC > INFRAESTRUTURA > OUTROS,Entidade raiz > PIRATINI > CENTRAL DE ATENDIMENTOS > GG,,alessandro-vieira,yversen-reis
3958,4053,Troca de equipamentos- Sub-Administrativa,6,3,2,2024-03-26 16:48:07+00:00,2024-04-03 17:51:09+00:00,,,,Entidade raiz > PIRATINI > CENTRAL DE ATENDIMENTOS > CASA CIVIL,,"thales-leite, leonardo-riela",
3959,4054,Notebook travado // GG - Governador // Eduardo Leite,6,3,2,2024-03-27 13:49:18+00:00,2024-03-27 13:49:24+00:00,,,AJUDA E SUPORTE > ATENDIMENTO AO USUÁRIO,Entidade raiz > PIRATINI > CENTRAL DE ATENDIMENTOS > GG,,silvio-valim,luciana-conca
3960,4055,Instalar Impressora // CC - Jurídico // Angela Rizzi ,6,3,2,2024-03-27 14:20:27+00:00,2024-03-27 14:20:53+00:00,,,DTIC > EQUIPAMENTOS > INSTALAÇÃO > IMPRESSORA,Entidade raiz > PIRATINI > CENTRAL DE ATENDIMENTOS > CASA CIVIL,,silvio-valim,angela-menezes
3961,4056,Atendimento ao usuário Suporte - Defesa Civil -Andrade Neves,6,3,2,2024-03-27 16:20:21+00:00,2024-04-01 16:37:02+00:00,,,AJUDA E SUPORTE > ATENDIMENTO AO USUÁRIO,Entidade raiz > PIRATINI > CENTRAL DE ATENDIMENTOS > CASA MILITAR,,"alessandro-vieira, jonathan-moletta",elisandra-decantam
3962,4057,Acesso a Sistemas Rede Piratini,6,3,2,2024-03-27 16:28:04+00:00,2024-03-27 16:35:26+00:00,,,ACESSO A SISTEMAS > REDE > RESET DE SENHA,Entidade raiz > PIRATINI > CENTRAL DE ATENDIMENTOS > CASA CIVIL,,anderson-oliveira,andreia-brum
3963,4058,OFFICE 365 // NOVA CONTA DE EMAIL - Coordenadoria Estadual de Proteção e Defesa Civil ,6,3,2,2024-03-28 09:01:38+00:00,2024-04-02 08:53:27+00:00,,,ACESSO A SISTEMAS > REDE > LIBERAÇÃO DE ACESSO > NOVO USUÁRIO,Entidade raiz > PIRATINI > CENTRAL DE ATENDIMENTOS > CASA MILITAR,,"miguelangelo, anderson-oliveira",elisandra-decantam
3964,4059,Acesso a Sistemas Rede Piratini,6,3,2,2024-03-28 09:07:05+00:00,2024-03-28 09:29:45+00:00,,,ACESSO A SISTEMAS > REDE > RESET DE SENHA,Entidade raiz > PIRATINI > CENTRAL DE ATENDIMENTOS > CASA CIVIL,,anderson-oliveira,maison-goncalves
3965,4060,Suporte -Sub-Geral,6,3,2,2024-03-28 09:12:53+00:00,2024-03-28 09:28:31+00:00,,,AJUDA E SUPORTE > ATENDIMENTO AO USUÁRIO,Entidade raiz > PIRATINI > CENTRAL DE ATENDIMENTOS > CASA CIVIL,,anderson-oliveira,paulo-dpereira
3966,4061,Atendimento ao usuário Suporte - gabinete da Casa Civil (MP),6,3,2,2024-03-28 09:12:55+00:00,2024-03-28 09:27:48+00:00,,,AJUDA E SUPORTE > ATENDIMENTO AO USUÁRIO,Entidade raiz > PIRATINI > CENTRAL DE ATENDIMENTOS > CASA CIVIL,,anderson-oliveira,abigail-correa
3967,4062,OFFICE 365 // ASSESSORIA ESPECÍFICA  - Gabinete do vice-governador - GPE,6,3,2,2024-03-28 10:21:07+00:00,2024-03-28 10:58:50+00:00,,,AJUDA E SUPORTE > INSTALAÇÃO DE SOFTWARE,Entidade raiz > PIRATINI > CENTRAL DE ATENDIMENTOS > GVG,,"thales-leite, leonardo-riela",marcielli-bierhals
3968,4063,Outlook //CAIXA COMPARTILHADA - Coordenadoria Estadual de Proteção e Defesa Civil ,6,3,2,2024-03-28 12:40:29+00:00,2024-04-01 11:06:47+00:00,,,ACESSO A SISTEMAS > OFFICE 365 > EMAIL > CAIXA COMPARTILHADA,Entidade raiz > PIRATINI > CENTRAL DE ATENDIMENTOS > CASA MILITAR,,anderson-oliveira,elisandra-decantam
3969,4064,Acesso a Sistemas  - Geral - LIBERAR ACESSO,6,3,2,2024-04-01 08:56:34+00:00,2024-04-04 16:38:50+00:00,,,DTIC > EQUIPAMENTOS > MANUTENÇÃO,Entidade raiz > PIRATINI > CENTRAL DE ATENDIMENTOS > CASA MILITAR,,"alessandro-vieira, thales-leite, jonathan-moletta",jose-bones
3970,4065,Outlook //CAIXA COMPARTILHADA - Divisão de Conservação ,6,3,2,2024-04-01 08:57:23+00:00,2024-04-05 11:23:07+00:00,,,ACESSO A SISTEMAS > OFFICE 365 > EMAIL > CAIXA COMPARTILHADA,Entidade raiz > PIRATINI > CENTRAL DE ATENDIMENTOS > CASA CIVIL,,"silvio-valim, anderson-oliveira",rodrigo-pias
3971,4066,Acesso a Sistemas Rede Piratini,6,3,2,2024-04-01 09:12:42+00:00,2024-04-01 11:19:40+00:00,,,ACESSO A SISTEMAS > REDE > RESET DE SENHA,Entidade raiz > PIRATINI > CENTRAL DE ATENDIMENTOS > GG,,anderson-oliveira,leandro-hardt
3972,4067,Acesso a Sistemas Rede Piratini,6,3,2,2024-04-01 09:15:47+00:00,2024-04-01 11:15:18+00:00,,,ACESSO A SISTEMAS > REDE > RESET DE SENHA,Entidade raiz > PIRATINI > CENTRAL DE ATENDIMENTOS > CASA CIVIL,,anderson-oliveira,dorinha-jirkowsky
3973,4068,Atendimento ao usuário Suporte - Divisão de Manutenção,6,3,2,2024-04-01 09:52:09+00:00,2024-04-02 16:38:13+00:00,,,AJUDA E SUPORTE > ATENDIMENTO AO USUÁRIO,Entidade raiz > PIRATINI > CENTRAL DE ATENDIMENTOS > CASA CIVIL,,pablo-guimaraes,rinaldo-silva
3974,4069,Atendimento ao usuário Suporte - ADMINISTRATIVO,6,3,2,2024-04-01 09:56:44+00:00,2024-04-01 15:50:46+00:00,,,AJUDA E SUPORTE > ATENDIMENTO AO USUÁRIO,Entidade raiz > PIRATINI > CENTRAL DE ATENDIMENTOS > SECOM,,thales-leite,andre-graminho
3975,4070,INCIDENTE  - Divisão de Transportes ,6,3,2,2024-04-01 10:11:33+00:00,2024-04-01 15:50:46+00:00,,,DTIC > INFRAESTRUTURA > OUTROS,Entidade raiz > PIRATINI > CENTRAL DE ATENDIMENTOS > CASA MILITAR,,"anderson-oliveira, thales-leite",marilei-teloken
3976,4071,Atendimento ao usuário Suporte - DPO,6,3,2,2024-04-01 11:14:58+00:00,2024-04-02 10:10:47+00:00,,,AJUDA E SUPORTE > INSTALAÇÃO DE SOFTWARE,Entidade raiz > PIRATINI > CENTRAL DE ATENDIMENTOS > CASA CIVIL,,leonardo-riela,vanessa-konrath
3977,4072,Atendimento ao usuário Suporte - Sala R2,6,5,2,2024-04-01 11:44:18+00:00,2024-04-05 16:14:39+00:00,,,AJUDA E SUPORTE > ATENDIMENTO AO USUÁRIO,Entidade raiz > PIRATINI > CENTRAL DE ATENDIMENTOS > GG,,"paulo-nunes, alessandro-vieira",luciana-conca
4189,4284,Atendimento ao usuário Suporte - CAFF,6,3,2,2024-04-18 10:34:41+00:00,2024-04-18 16:07:47+00:00,,,AJUDA E SUPORTE > ATENDIMENTO AO USUÁRIO,Entidade raiz > PIRATINI > CENTRAL DE ATENDIMENTOS > CASA CIVIL,,miguelangelo,clarissa-avila
3978,4073,INCIDENTE  - ouvidoria geral,6,3,2,2024-04-01 14:51:34+00:00,2024-04-01 16:33:11+00:00,,,ACESSO A SISTEMAS > REDE > RESET DE SENHA,Entidade raiz > PIRATINI > CENTRAL DE ATENDIMENTOS > CASA CIVIL,,anderson-oliveira,regina-costa
3979,4074,OUTLOOK // ADICIONAR/EXCLUIR USUÁRIO DE CAIXA COMPARTILHADA - Gabinete,6,3,2,2024-04-01 15:33:09+00:00,2024-04-02 08:42:39+00:00,,,ACESSO A SISTEMAS > OFFICE 365 > EMAIL > CAIXA COMPARTILHADA,Entidade raiz > PIRATINI > CENTRAL DE ATENDIMENTOS > SECOM,,anderson-oliveira,jean-rangel
3980,4075,Atendimento ao usuário Suporte - SECOM,6,3,2,2024-04-01 15:42:58+00:00,2024-04-01 17:40:00+00:00,,,AJUDA E SUPORTE > ATENDIMENTO AO USUÁRIO,Entidade raiz > PIRATINI > CENTRAL DE ATENDIMENTOS > SECOM,,alessandro-vieira,jean-rangel
3981,4076,Acesso a Sistemas Rede Piratini,6,3,2,2024-04-01 15:47:31+00:00,2024-04-01 16:19:28+00:00,,,ACESSO A SISTEMAS > REDE > LIBERAÇÃO DE ACESSO,Entidade raiz > PIRATINI > CENTRAL DE ATENDIMENTOS > GG,,anderson-oliveira,joao-bomfim
3982,4077,Wi-Fi com problema // GG - Gabinete // Leticia Fontana,6,3,1,2024-04-01 16:31:40+00:00,2024-04-01 16:32:11+00:00,,,ACESSO A SISTEMAS > REDE > WIFI,Entidade raiz > PIRATINI > CENTRAL DE ATENDIMENTOS > GG,,,leticia-fontana
3983,4078,Reset senha de rede // CC - Biblioteca // Maiara Matos,6,3,2,2024-04-01 16:35:32+00:00,2024-04-01 16:35:40+00:00,,,ACESSO A SISTEMAS > REDE > RESET DE SENHA,Entidade raiz > PIRATINI > CENTRAL DE ATENDIMENTOS > CASA CIVIL,,,maiara-matos
3984,4079,INCIDENTE  - ouvidoria geral,6,3,2,2024-04-01 17:27:01+00:00,2024-04-02 13:15:07+00:00,,,AJUDA E SUPORTE > ATENDIMENTO AO USUÁRIO,Entidade raiz > PIRATINI > CENTRAL DE ATENDIMENTOS > CASA CIVIL,,"pablo-guimaraes, leonardo-riela",regina-costa
3985,4080,Atendimento ao usuário Suporte - ADMINISTRATIVO,6,3,2,2024-04-01 17:49:39+00:00,2024-06-05 14:23:21+00:00,,,DTIC > EQUIPAMENTOS > INSTALAÇÃO > IMPRESSORA,Entidade raiz > PIRATINI > CENTRAL DE ATENDIMENTOS > SECOM,R. Duque de Caxias 951 (Banrisul),jorge-vicente,andre-graminho
3986,4081,Criar Grupo Shared Point // CC - Gabinete // Mariela Portz,6,3,2,2024-04-02 09:01:49+00:00,2024-04-02 09:01:57+00:00,,,ACESSO A SISTEMAS > OFFICE 365 > CRIAR EQUIPE SHAREPOINT,Entidade raiz > PIRATINI > CENTRAL DE ATENDIMENTOS > CASA CIVIL,,silvio-valim,silvio-valim
3987,4082,Reunião SharePoint // CC - Gabinete // Mariela Portz,6,3,2,2024-04-02 09:05:59+00:00,2024-04-02 09:06:11+00:00,,,ACESSO A SISTEMAS > OFFICE 365 > CRIAR EQUIPE SHAREPOINT,Entidade raiz > PIRATINI > CENTRAL DE ATENDIMENTOS > CASA CIVIL,,silvio-valim,mariela-dorneles
3988,4083,Computador suspenso,6,3,2,2024-04-02 09:37:39+00:00,2024-04-02 09:54:49+00:00,,,AJUDA E SUPORTE > ATENDIMENTO AO USUÁRIO,Entidade raiz > PIRATINI > CENTRAL DE ATENDIMENTOS > CASA CIVIL,,,odete-baptista
3989,4084,Atendimento ao usuário Suporte - gabinete da Casa Civil (MP),6,3,2,2024-04-02 09:59:25+00:00,2024-04-02 11:00:33+00:00,,,AJUDA E SUPORTE > ATENDIMENTO AO USUÁRIO,Entidade raiz > PIRATINI > CENTRAL DE ATENDIMENTOS > CASA CIVIL,,"anderson-oliveira, jonathan-moletta",abigail-correa
3990,4085,Atendimento ao usuário - MP,6,3,2,2024-04-02 09:58:47+00:00,2024-04-02 10:14:05+00:00,,,AJUDA E SUPORTE > ATENDIMENTO AO USUÁRIO,Entidade raiz > PIRATINI > CENTRAL DE ATENDIMENTOS > CASA CIVIL,,"anderson-oliveira, jonathan-moletta",abigail-correa
3991,4086,Impressora com Problema // CC - Divisão de Manutenção // Substituição do BOX de Resíduos,6,3,1,2024-04-02 10:25:07+00:00,2024-04-02 10:32:02+00:00,,,IMPRESSORA,Entidade raiz > PIRATINI > CENTRAL DE ATENDIMENTOS > CASA CIVIL,Casa Civil 1005 > 1° Andar,jorge-vicente,carlos-marques
4015,4110,Atendimento ao usuário Suporte - Gabinete da SECOM,6,3,2,2024-04-03 09:45:36+00:00,2024-04-05 16:12:55+00:00,,,AJUDA E SUPORTE > ATENDIMENTO AO USUÁRIO,Entidade raiz > PIRATINI > CENTRAL DE ATENDIMENTOS > SECOM,,jonathan-moletta,luis-zorzan
3992,4087,Recolhimento de Equipamentos // PROCERGS // Access Point Extreme com Fonte POE,6,3,2,2024-04-02 10:36:28+00:00,2024-05-11 13:44:12+00:00,,,DTIC > EQUIPAMENTOS > RECOLHIMENTO,Entidade raiz > PIRATINI > CENTRAL DE ATENDIMENTOS,,jorge-vicente,jorge-vicente
3993,4088,OUTLOOK // ADICIONAR/EXCLUIR USUÁRIO DE CAIXA COMPARTILHADA - Gabinete,6,3,2,2024-04-02 10:45:28+00:00,2024-04-02 13:28:56+00:00,,,ACESSO A SISTEMAS > OFFICE 365 > EMAIL > CAIXA COMPARTILHADA,Entidade raiz > PIRATINI > CENTRAL DE ATENDIMENTOS > SECOM,,jorge-vicente,jean-rangel
3994,4089,Atendimento ao usuário Suporte - Jornalismo,6,3,2,2024-04-02 10:54:26+00:00,2024-04-02 11:05:15+00:00,,,DTIC > SISTEMAS > ALTERAÇÃO DE ACESSO,Entidade raiz > PIRATINI > CENTRAL DE ATENDIMENTOS > SECOM,,anderson-oliveira,andre-graminho
3995,4090,Acesso a Sistemas  - FPE - OUTRO,6,3,2,2024-04-02 10:55:34+00:00,2024-04-02 13:53:49+00:00,,,AJUDA E SUPORTE > ATENDIMENTO AO USUÁRIO,Entidade raiz > PIRATINI > CENTRAL DE ATENDIMENTOS > CASA CIVIL,,leonardo-riela,magali-pereira
3996,4091,Acesso a Sistemas  - FPE - OUTRO,6,3,2,2024-04-02 10:58:14+00:00,2024-04-02 13:59:03+00:00,,,AJUDA E SUPORTE > ATENDIMENTO AO USUÁRIO,Entidade raiz > PIRATINI > CENTRAL DE ATENDIMENTOS > CASA CIVIL,,leonardo-riela,magali-pereira
3997,4092,Atendimento ao usuário Suporte - jornalismo,6,3,2,2024-04-02 11:00:37+00:00,2024-04-02 13:57:45+00:00,,,AJUDA E SUPORTE > ATENDIMENTO AO USUÁRIO,Entidade raiz > PIRATINI > CENTRAL DE ATENDIMENTOS > SECOM,,"alessandro-vieira, jonathan-moletta",andre-graminho
3998,4093,INCIDENTE  - Redação da Secom - subsolo Palácio Piratini,6,3,2,2024-04-02 11:05:47+00:00,2024-04-02 13:57:16+00:00,,,DTIC > INFRAESTRUTURA > OUTROS,Entidade raiz > PIRATINI > CENTRAL DE ATENDIMENTOS > SECOM,,"alessandro-vieira, jonathan-moletta",carlos-moreira
3999,4094,Acesso a Sistemas  - FPE - OUTRO,6,3,2,2024-04-02 11:08:09+00:00,2024-04-02 13:53:49+00:00,,,AJUDA E SUPORTE > ATENDIMENTO AO USUÁRIO,Entidade raiz > PIRATINI > CENTRAL DE ATENDIMENTOS > CASA CIVIL,,leonardo-riela,grecia-rodrigues
4000,4095,Atendimento ao usuário Suporte - jornalismo,6,3,2,2024-04-02 11:10:34+00:00,2024-04-02 16:01:48+00:00,,,DTIC > INFRAESTRUTURA > PROBLEMA DE REDE,Entidade raiz > PIRATINI > CENTRAL DE ATENDIMENTOS > SECOM,,"jorge-vicente, alessandro-vieira",andre-graminho
4001,4096,Atendimento ao usuário / Ligações de fora sem voz,6,3,1,2024-04-02 11:23:52+00:00,2024-04-02 11:52:23+00:00,,,AJUDA E SUPORTE,Entidade raiz > PIRATINI > CENTRAL DE ATENDIMENTOS > SECOM,,thales-leite,andre-graminho
4002,4097,Acesso a Sistemas  - Túnel PROCERGS - OUTRO,6,3,2,2024-04-02 11:31:50+00:00,2024-04-02 14:12:59+00:00,,,ACESSO A SISTEMAS > TÚNEL PROCERGS,Entidade raiz > PIRATINI > CENTRAL DE ATENDIMENTOS > SECOM,,anderson-oliveira,jean-rangel
4003,4098,Acesso a Sistemas  - Túnel PROCERGS - OUTRO,6,3,2,2024-04-02 11:33:49+00:00,2024-04-02 11:41:11+00:00,,,ACESSO A SISTEMAS > TÚNEL PROCERGS,Entidade raiz > PIRATINI > CENTRAL DE ATENDIMENTOS > SECOM,,anderson-oliveira,jean-rangel
4004,4099,Atendimento ao usuário Suporte - ADMINISTRATIVO,6,3,2,2024-04-02 13:11:25+00:00,2024-04-02 16:11:58+00:00,,,AJUDA E SUPORTE > MOVIMENTO DE EQUIPAMENTOS DE TI > REQUISIÇÃO,Entidade raiz > PIRATINI > CENTRAL DE ATENDIMENTOS > SECOM,,alessandro-vieira,andre-graminho
4005,4100,Abrir SOL Procergs // CC - Serviços Gerais // Rodrigo Pias,6,3,2,2024-04-02 14:04:02+00:00,2024-04-02 14:04:23+00:00,,,AJUDA E SUPORTE,Entidade raiz > PIRATINI > CENTRAL DE ATENDIMENTOS > CASA CIVIL,,silvio-valim,rodrigo-pias
4006,4101,Suporte sincronização de arquivos Aeronáutica // CM - Defesa Civil // Ana Amélia,6,3,2,2024-04-02 14:08:35+00:00,2024-04-02 14:09:08+00:00,,,ACESSO A SISTEMAS > REDE > LIBERAÇÃO DE ACESSO,Entidade raiz > PIRATINI > CENTRAL DE ATENDIMENTOS > CASA MILITAR,,,"fabio-rauber, ana-duarte"
4007,4102,Atendimento ao usuário Suporte - administrativo SECOM_VÂNIA,6,3,2,2024-04-02 14:14:21+00:00,2024-04-02 15:56:12+00:00,,,AJUDA E SUPORTE > ATENDIMENTO AO USUÁRIO,Entidade raiz > PIRATINI > CENTRAL DE ATENDIMENTOS > SECOM,,alessandro-vieira,vania-pinto
4008,4103,Acesso a Sistemas  - Geral - LIBERAR ACESSO,6,3,2,2024-04-02 14:26:08+00:00,2024-04-02 15:26:15+00:00,,,ACESSO A SISTEMAS > REDE > LIBERAÇÃO DE ACESSO > NOVO USUÁRIO,Entidade raiz > PIRATINI > CENTRAL DE ATENDIMENTOS > CASA MILITAR,,anderson-oliveira,paulo-pacheco
4009,4104,Reset de Senha -Sub-Legislativa,6,3,2,2024-04-02 14:30:04+00:00,2024-04-02 14:32:15+00:00,,,ACESSO A SISTEMAS > REDE > RESET DE SENHA,Entidade raiz > PIRATINI > CENTRAL DE ATENDIMENTOS > CASA CIVIL,,anderson-oliveira,cleodi-samrsla
4010,4105,OFFICE 365 //ALIAS DE EMAIL - Cais Mauá 1 andar,6,3,2,2024-04-02 15:22:33+00:00,2024-04-03 08:25:09+00:00,,,ACESSO A SISTEMAS > OFFICE 365,Entidade raiz > PIRATINI > CENTRAL DE ATENDIMENTOS > CASA CIVIL,,"silvio-valim, anderson-oliveira",daniela-cunha
4011,4106,Suporte-Adobe creative cloud,6,3,1,2024-04-02 16:57:06+00:00,2024-04-02 17:20:23+00:00,,,DTIC > SISTEMAS > CONFIGURAÇÃO DE SOFTWARE,Entidade raiz > PIRATINI > CENTRAL DE ATENDIMENTOS > GG,,anderson-oliveira,alvaro-aguiar
4012,4107,Suporte-Telefone -Sub-Interior,6,3,2,2024-04-03 09:26:48+00:00,2024-04-03 09:26:58+00:00,,,AJUDA E SUPORTE > ATENDIMENTO AO USUÁRIO,Entidade raiz > PIRATINI > CENTRAL DE ATENDIMENTOS > CASA CIVIL,,anderson-oliveira,clarissa-avila
4013,4108,Login Office 365 -Sub Interior,6,3,2,2024-04-03 09:28:24+00:00,2024-04-03 09:28:39+00:00,,,AJUDA E SUPORTE > ATENDIMENTO AO USUÁRIO,Entidade raiz > PIRATINI > CENTRAL DE ATENDIMENTOS > CASA CIVIL,,anderson-oliveira,marcelo-mallmann
4014,4109,Office 365 // PERMISSÃO PARA CRIAR EQUIPES - 2° Andar CAFF - ASTEC,6,3,2,2024-04-03 09:29:25+00:00,2024-04-03 16:03:19+00:00,,,ACESSO A SISTEMAS > OFFICE 365 > CRIAR EQUIPE SHAREPOINT,Entidade raiz > PIRATINI > CENTRAL DE ATENDIMENTOS > GG,,silvio-valim,yversen-reis
4268,4364,INCIDENTE  - subchefia juridica,6,3,2,2024-04-24 14:45:53+00:00,2024-04-24 14:52:13+00:00,,,AJUDA E SUPORTE > ATENDIMENTO AO USUÁRIO,Entidade raiz > PIRATINI > CENTRAL DE ATENDIMENTOS > CASA CIVIL,,silvio-valim,aline-renner
4016,4111,INCIDENTE  - Rua Andrade Neves 106  DEFES- CIVIL,6,3,2,2024-04-03 09:51:43+00:00,2024-04-03 10:37:21+00:00,,,DTIC > INFRAESTRUTURA > PROBLEMA DE REDE,Entidade raiz > PIRATINI > CENTRAL DE ATENDIMENTOS > CASA MILITAR,,thales-leite,jose-bones
4017,4112,Impressora não liga -SUB-GERAL-MP 3° andar,6,3,1,2024-04-03 10:40:15+00:00,2024-04-03 15:13:43+00:00,,,DTIC > EQUIPAMENTOS > INSTALAÇÃO > IMPRESSORA,Entidade raiz > PIRATINI > CENTRAL DE ATENDIMENTOS > CASA CIVIL,,"anderson-oliveira, jonathan-moletta",ivana-flores
4018,4113,Configuração de Escopo DHCP // SECOM - Riachuelo // Flavio Bezerra,6,3,2,2024-04-03 11:21:01+00:00,2024-04-03 11:21:16+00:00,,,DTIC > INFRAESTRUTURA,Entidade raiz > PIRATINI > CENTRAL DE ATENDIMENTOS,,,
4019,4114,Liberação IP de internet // SECOM - Riachuelo // Lucas Sergio,6,3,2,2024-04-03 13:17:47+00:00,2024-04-03 13:18:19+00:00,,,ACESSO A SISTEMAS > REDE > LIBERAÇÃO DE ACESSO,Entidade raiz > PIRATINI > CENTRAL DE ATENDIMENTOS,,,
4020,4115,Atendimento ao usuário Suporte - gabinete da Casa Civil (MP),6,3,2,2024-04-03 14:24:39+00:00,2024-04-03 14:54:08+00:00,,,AJUDA E SUPORTE > ATENDIMENTO AO USUÁRIO,Entidade raiz > PIRATINI > CENTRAL DE ATENDIMENTOS > CASA CIVIL,,anderson-oliveira,abigail-correa
4021,4116,INCIDENTE  - Guarita da Gda ao lado da Catedral,6,3,2,2024-04-03 14:52:27+00:00,2024-04-03 15:18:31+00:00,,,DTIC > INFRAESTRUTURA > OUTROS,Entidade raiz > PIRATINI > CENTRAL DE ATENDIMENTOS > CASA MILITAR,,,paulo-pacheco
4022,4117,Atendimento ao usuário Suporte - Departamento de Gestão Documental e de Bens Materiais e Patrimoniais,6,3,2,2024-04-03 15:03:33+00:00,2024-04-05 16:20:47+00:00,,,AJUDA E SUPORTE > ATENDIMENTO AO USUÁRIO,Entidade raiz > PIRATINI > CENTRAL DE ATENDIMENTOS > CASA CIVIL,,leonardo-riela,diego-mattiello
4023,4118,Atendimento ao usuário Suporte - 951,6,3,2,2024-04-03 15:17:39+00:00,2024-04-05 08:49:17+00:00,,,AJUDA E SUPORTE > MOVIMENTO DE EQUIPAMENTOS DE TI > REQUISIÇÃO,Entidade raiz > PIRATINI > CENTRAL DE ATENDIMENTOS > CASA CIVIL,,"anderson-oliveira, thales-leite",clarissa-avila
4024,4119,Acesso a Sistemas  - FPE - LIBERAR ACESSO,6,3,2,2024-04-03 15:18:35+00:00,2024-04-09 10:37:26+00:00,,,ACESSO A SISTEMAS > SOE > FPE,Entidade raiz > PIRATINI > CENTRAL DE ATENDIMENTOS > CASA CIVIL,,miguelangelo,clarissa-avila
4025,4120,Reunião SharePoint GG // CC - DTIC // Silvio Valim,6,3,2,2024-04-03 16:06:59+00:00,2024-04-03 16:07:13+00:00,,,ACESSO A SISTEMAS > OFFICE 365 > CRIAR EQUIPE SHAREPOINT,Entidade raiz > PIRATINI > CENTRAL DE ATENDIMENTOS > CASA CIVIL,,silvio-valim,silvio-valim
4026,4121,Remoção de Acessos -RH,6,3,2,2024-04-03 16:43:07+00:00,2024-04-05 10:15:05+00:00,,,DTIC > SISTEMAS > REMOÇÃO DE ACESSO SISTEMA,Entidade raiz > PIRATINI > CENTRAL DE ATENDIMENTOS > CASA CIVIL,,"miguelangelo, anderson-oliveira",carlos-duarte
4027,4122,Acesso a Sistemas Rede Piratini,6,3,2,2024-04-03 17:05:46+00:00,2024-04-05 11:14:10+00:00,,,ACESSO A SISTEMAS > REDE > LIBERAÇÃO DE ACESSO > NOVO USUÁRIO,Entidade raiz > PIRATINI > CENTRAL DE ATENDIMENTOS > CASA CIVIL,,"miguelangelo, anderson-oliveira",cristiane-dias
4028,4123,Acesso a Sistemas  - GCE - DESBLOQUEAR USUÁRIO,6,3,2,2024-04-03 17:10:53+00:00,2024-04-03 17:50:08+00:00,,,,Entidade raiz > PIRATINI > CENTRAL DE ATENDIMENTOS > CASA CIVIL,,anderson-oliveira,Isac-Silveira
4029,4124,Acesso a Sistemas  - FPE - DESBLOQUEAR USUÁRIO,6,3,2,2024-04-03 17:12:02+00:00,2024-04-03 17:51:49+00:00,,,,Entidade raiz > PIRATINI > CENTRAL DE ATENDIMENTOS > CASA CIVIL,,anderson-oliveira,Isac-Silveira
4030,4125,Atendimento ao usuário Suporte - Departamento de Gestão Documental e de Bens Materiais e Patrimoniais,6,3,2,2024-04-03 17:18:02+00:00,2024-04-05 11:17:09+00:00,,,DTIC > SISTEMAS > ALTERAÇÃO DE ACESSO,Entidade raiz > PIRATINI > CENTRAL DE ATENDIMENTOS > CASA CIVIL,,"miguelangelo, anderson-oliveira",diego-mattiello
4031,4126,Atendimento ao usuário Suporte - Departamento de Gestão Documental e de Bens Materiais e Patrimoniais,6,3,2,2024-04-03 17:21:56+00:00,2024-04-05 11:27:36+00:00,,,ACESSO A SISTEMAS > SOE > PROA > ADICIONAR A GRUPO,Entidade raiz > PIRATINI > CENTRAL DE ATENDIMENTOS > CASA CIVIL,,"miguelangelo, anderson-oliveira",diego-mattiello
4032,4127,Acesso a Sistemas  - GCE - OUTRO,6,3,2,2024-04-04 08:47:34+00:00,2024-04-05 16:10:56+00:00,,,,Entidade raiz > PIRATINI > CENTRAL DE ATENDIMENTOS > CASA CIVIL,,,Isac-Silveira
4033,4128,Criar Grupo SharePoint // CC - Subchefia Jurídica // Maria Patricia,6,3,2,2024-04-04 08:55:56+00:00,2024-04-04 08:56:06+00:00,,,ACESSO A SISTEMAS > OFFICE 365 > CRIAR EQUIPE SHAREPOINT,Entidade raiz > PIRATINI > CENTRAL DE ATENDIMENTOS > CASA CIVIL,,silvio-valim,jadson-costa
4034,4129,Alterar URL Sharepoint // CC - Subchefia Juridica / Silvio Valim,6,3,2,2024-04-04 09:03:35+00:00,2024-04-04 09:03:42+00:00,,,ACESSO A SISTEMAS > OFFICE 365 > CRIAR EQUIPE SHAREPOINT,Entidade raiz > PIRATINI > CENTRAL DE ATENDIMENTOS > CASA CIVIL,,silvio-valim,silvio-valim
4035,4130,Atendimento ao usuário Suporte - DINFO,6,3,2,2024-04-04 09:29:04+00:00,2024-04-04 13:57:52+00:00,,,AJUDA E SUPORTE > ATENDIMENTO AO USUÁRIO,Entidade raiz > PIRATINI > CENTRAL DE ATENDIMENTOS > CASA CIVIL,,anderson-oliveira,cristiane-dias
4036,4131,OFFICE 365 // ASSESSORIA ESPECÍFICA  - SAEF,6,3,2,2024-04-04 09:56:53+00:00,2024-04-04 11:31:08+00:00,,,AJUDA E SUPORTE > INSTALAÇÃO DE SOFTWARE,Entidade raiz > PIRATINI > CENTRAL DE ATENDIMENTOS > CASA CIVIL,,anderson-oliveira,patrick-piovesan
4037,4132,INCIDENTE  - guarita 2 - Catedral,6,3,2,2024-04-04 10:49:21+00:00,2024-04-04 11:09:54+00:00,,,DTIC > INFRAESTRUTURA > OUTROS,Entidade raiz > PIRATINI > CENTRAL DE ATENDIMENTOS > CASA MILITAR,,,rosiane-souza
4038,4133,INCIDENTE  - Redação da Secom - subsolo Palácio Piratini,6,3,2,2024-04-04 10:53:42+00:00,2024-04-11 10:23:11+00:00,,,DTIC > INFRAESTRUTURA > OUTROS,Entidade raiz > PIRATINI > CENTRAL DE ATENDIMENTOS > SECOM,,thales-leite,carlos-moreira
4039,4134,Compartilhar Caixa de Entrada // CC - SAEF // Alba Marquez,6,3,2,2024-04-04 11:48:30+00:00,2024-04-04 11:48:39+00:00,,,ACESSO A SISTEMAS > OFFICE 365 > EMAIL > CAIXA COMPARTILHADA,Entidade raiz > PIRATINI > CENTRAL DE ATENDIMENTOS > CASA CIVIL,,silvio-valim,patrick-piovesan
4040,4135,Movimentação Equipamentos -DTIC,6,3,2,2024-04-04 13:19:21+00:00,2024-04-04 17:42:42+00:00,,,DTIC > EQUIPAMENTOS > RECOLHIMENTO,Entidade raiz > PIRATINI > CENTRAL DE ATENDIMENTOS > CASA CIVIL,,"edson-silva, anderson-oliveira",
4041,4136,Incluir PDF Grupo Shared Point // CC - Gabinete // Mariela Portz,6,3,2,2024-04-04 14:17:35+00:00,2024-04-04 14:17:49+00:00,,,ACESSO A SISTEMAS > OFFICE 365 > EMAIL > ATUALIZAR DADOS,Entidade raiz > PIRATINI > CENTRAL DE ATENDIMENTOS > CASA CIVIL,,silvio-valim,mariela-dorneles
4042,4137,Acesso a Sistemas  - FPE - LIBERAR ACESSO,6,3,2,2024-04-04 14:31:03+00:00,2024-04-05 11:02:16+00:00,,,ACESSO A SISTEMAS > SOE > FPE,Entidade raiz > PIRATINI > CENTRAL DE ATENDIMENTOS > CASA CIVIL,,miguelangelo,dorinha-jirkowsky
4642,4754,CRIAÇÃO DE CREDENCIAIS TÚNEL // CC - OGE // liliana-barcellos,6,3,2,2024-07-02 12:00:00+00:00,2024-07-02 15:07:03+00:00,,,ACESSO A SISTEMAS > REDE > TÚNEL PROCERGS,Entidade raiz > PIRATINI > CENTRAL DE ATENDIMENTOS > CASA CIVIL > Secretaria-Executiva > Ouvidoria Geral do Estado,,pablo-guimaraes,liliana-barcellos
4043,4138,SECOM - UPGRADE de Maquinas,6,3,2,2024-04-04 15:06:43+00:00,2024-04-11 11:41:07+00:00,,,AJUDA E SUPORTE,Entidade raiz > PIRATINI > CENTRAL DE ATENDIMENTOS > SECOM,,anderson-oliveira,"mauren-carvalho, jean-rangel"
4044,4139,Atendimento ao usuário Suporte - ADMINISTRATIVO,6,3,2,2024-04-04 15:22:00+00:00,2024-04-09 10:56:48+00:00,,,DTIC > SISTEMAS > REMOÇÃO DE ACESSO SISTEMA,Entidade raiz > PIRATINI > CENTRAL DE ATENDIMENTOS > SECOM,,"miguelangelo, anderson-oliveira",andre-graminho
4045,4140,Atendimento ao usuário Suporte - ADMINISTRATIVO,6,3,2,2024-04-04 15:23:44+00:00,2024-04-05 11:00:49+00:00,,,DTIC > SISTEMAS > REMOÇÃO DE ACESSO SISTEMA,Entidade raiz > PIRATINI > CENTRAL DE ATENDIMENTOS > SECOM,,"silvio-valim, miguelangelo, anderson-oliveira",andre-graminho
4046,4141,Atendimento ao usuário Suporte - AE/JURIDICO,6,3,2,2024-04-04 15:25:34+00:00,2024-04-05 11:28:31+00:00,,,DTIC > SISTEMAS > REMOÇÃO DE ACESSO SISTEMA,Entidade raiz > PIRATINI > CENTRAL DE ATENDIMENTOS > SECOM,,"miguelangelo, anderson-oliveira",andre-graminho
4047,4142,INCIDENTE  - GG - Percursoria - Sem Rede,6,3,2,2024-04-04 15:26:50+00:00,2024-04-04 16:46:02+00:00,,,DTIC > INFRAESTRUTURA > PROBLEMA DE REDE,Entidade raiz > PIRATINI > CENTRAL DE ATENDIMENTOS > GG,Palácio do Piratini > 3° Andar,edson-silva,jane-aschidamini
4048,4143,Atendimento ao usuário / Alta instabilidade de wi-fi,6,2,2,2024-04-04 15:52:21+00:00,2024-04-08 11:54:11+00:00,,,DTIC > INFRAESTRUTURA > PROBLEMA DE REDE,Entidade raiz > PIRATINI > CENTRAL DE ATENDIMENTOS > GG,,edson-silva,maria-lermen
4049,4144,Acesso a Sistemas  - FPE - LIBERAR ACESSO,6,3,2,2024-04-04 16:17:34+00:00,2024-04-09 10:26:31+00:00,,,ACESSO A SISTEMAS > SOE > FPE,Entidade raiz > PIRATINI > CENTRAL DE ATENDIMENTOS > CASA CIVIL,,miguelangelo,Isac-Silveira
4050,4145,GG - Gabinete -Login Onedrive,6,3,2,2024-04-04 16:20:41+00:00,2024-04-04 17:30:06+00:00,,,DTIC > SISTEMAS > CONFIGURAÇÃO DE SOFTWARE,Entidade raiz > PIRATINI > CENTRAL DE ATENDIMENTOS > GG,,anderson-oliveira,leonardo-neves
4051,4146,Nova Senha Office365 // CC - Subchefia Parlamentar // Ana Rita Avancini,6,3,2,2024-04-04 17:01:12+00:00,2024-04-05 10:03:15+00:00,,,ACESSO A SISTEMAS > OFFICE 365,Entidade raiz > PIRATINI > CENTRAL DE ATENDIMENTOS > CASA CIVIL,,"silvio-valim, anderson-oliveira",ana-avancini
4052,4147,Acesso a Sistemas Rede Piratini,6,3,2,2024-04-05 10:30:04+00:00,2024-04-05 16:00:23+00:00,,,ACESSO A SISTEMAS > REDE > LIBERAÇÃO DE ACESSO,Entidade raiz > PIRATINI > CENTRAL DE ATENDIMENTOS > SECOM,,"miguelangelo, anderson-oliveira",andre-graminho
4053,4148,IMPRESSORA,6,3,2,2024-04-05 10:50:06+00:00,2024-04-09 20:09:57+00:00,,,IMPRESSORA,Entidade raiz > PIRATINI > CENTRAL DE ATENDIMENTOS > CASA MILITAR,,jorge-vicente,jose-bones
4054,4149,Atendimento ao usuário Suporte - CC-Gabinete - MP 2° andar,6,3,2,2024-04-05 10:51:01+00:00,2024-04-05 15:54:40+00:00,,,AJUDA E SUPORTE > ATENDIMENTO AO USUÁRIO,Entidade raiz > PIRATINI > CENTRAL DE ATENDIMENTOS > CASA CIVIL,,"thales-leite, jonathan-moletta",catia-belmonte
4055,4150,Atendimento ao usuário Suporte - SAEF - Departamento de Execução Orçamentária Federal,6,3,2,2024-04-05 11:25:57+00:00,2024-04-15 10:15:17+00:00,,,ACESSO A SISTEMAS > SOE > FPE,Entidade raiz > PIRATINI > CENTRAL DE ATENDIMENTOS > CASA CIVIL,,miguelangelo,alba-santos
4091,4186,Acesso a Sistemas  - GDG - OUTRO,6,3,2,2024-04-09 11:45:11+00:00,2024-04-11 11:26:48+00:00,,,DTIC > SISTEMAS > ALTERAÇÃO DE ACESSO,Entidade raiz > PIRATINI > CENTRAL DE ATENDIMENTOS > CASA CIVIL,,miguelangelo,maristela-kaminski
4056,4151,Remoção de Acessos -RH,6,3,2,2024-04-05 11:41:51+00:00,2024-04-05 15:54:12+00:00,,,DTIC > SISTEMAS > REMOÇÃO DE ACESSO SISTEMA,Entidade raiz > PIRATINI > CENTRAL DE ATENDIMENTOS > CASA CIVIL,,"miguelangelo, anderson-oliveira",carlos-duarte
4057,4152,Acesso a Sistemas Rede Piratini,6,3,2,2024-04-05 12:20:23+00:00,2024-04-05 15:22:10+00:00,,,ACESSO A SISTEMAS > REDE > LIBERAÇÃO DE ACESSO,Entidade raiz > PIRATINI > CENTRAL DE ATENDIMENTOS > CASA CIVIL,,anderson-oliveira,cristiane-dias
4058,4153,Copiar Arquivos DVD,6,3,2,2024-04-05 15:20:02+00:00,2024-04-05 16:16:36+00:00,,,AJUDA E SUPORTE > ATENDIMENTO AO USUÁRIO,Entidade raiz > PIRATINI > CENTRAL DE ATENDIMENTOS > CASA MILITAR,,,angelo-rosa
4059,4154,Equipamentos de TI / Requisição de Telefones VOIP,6,3,2,2024-04-05 16:05:58+00:00,2024-04-18 09:31:09+00:00,,,AJUDA E SUPORTE > MOVIMENTO DE EQUIPAMENTOS DE TI > REQUISIÇÃO,Entidade raiz > PIRATINI > CENTRAL DE ATENDIMENTOS > GVG,CAFF,"jorge-vicente, anderson-oliveira, thales-leite",clovis-alves
4060,4155,Atendimento ao usuário Suporte - gabinete da Casa Civil (MP),6,3,2,2024-04-08 10:57:08+00:00,2024-04-08 11:41:38+00:00,,,AJUDA E SUPORTE > ATENDIMENTO AO USUÁRIO,Entidade raiz > PIRATINI > CENTRAL DE ATENDIMENTOS > CASA CIVIL,,,abigail-correa
4061,4156,Devolução Equipamento - CC-SUB-Interior,6,3,2,2024-04-08 11:30:25+00:00,2024-04-08 14:15:36+00:00,,,DTIC > EQUIPAMENTOS > RECOLHIMENTO,Entidade raiz > PIRATINI > CENTRAL DE ATENDIMENTOS > CASA CIVIL,,anderson-oliveira,anderson-oliveira
4062,4157,OFFICE 365 // ASSESSORIA ESPECÍFICA  -  SUBCHEFIA PARLAMENTAR,6,3,2,2024-04-08 11:52:47+00:00,2024-04-09 08:38:00+00:00,,,ACESSO A SISTEMAS > OFFICE 365,Entidade raiz > PIRATINI > CENTRAL DE ATENDIMENTOS > CASA CIVIL,,anderson-oliveira,adriana-bielefeld
4063,4158,Atendimento ao usuário Suporte - Conservação e Memória,6,3,2,2024-04-08 13:29:07+00:00,2024-04-09 14:24:53+00:00,,,DTIC > SISTEMAS > CONFIGURAÇÃO DE SOFTWARE,Entidade raiz > PIRATINI > CENTRAL DE ATENDIMENTOS > GG,,"alessandro-vieira, jonathan-moletta",bruno-rien
4064,4159,Atendimento ao usuário Suporte - RS Seguro - 20o andar CAFF,6,3,2,2024-04-08 13:53:53+00:00,2024-04-08 14:04:45+00:00,,,AJUDA E SUPORTE > ATENDIMENTO AO USUÁRIO,Entidade raiz > PIRATINI > CENTRAL DE ATENDIMENTOS > GG,,anderson-oliveira,thais-zeltser
4065,4160,OFFICE 365 // ASSESSORIA ESPECÍFICA  - Ouvidoria Geral- CAFF,6,3,2,2024-04-08 14:02:42+00:00,2024-04-15 09:53:35+00:00,,,AJUDA E SUPORTE > INSTALAÇÃO DE SOFTWARE,Entidade raiz > PIRATINI > CENTRAL DE ATENDIMENTOS > CASA CIVIL,,leonardo-riela,regina-costa
4066,4161,Permissão GRUPO Teams // CC - Manutenção  // Gustavo Saporitti,6,3,2,2024-04-08 14:10:01+00:00,2024-04-08 14:10:17+00:00,,,ACESSO A SISTEMAS > OFFICE 365,Entidade raiz > PIRATINI > CENTRAL DE ATENDIMENTOS > CASA CIVIL,,silvio-valim,gustavo-sehnem
4067,4162,IMPRESSORA PASTA SCAN,6,3,2,2024-04-08 14:13:24+00:00,2024-04-08 14:19:15+00:00,,,DTIC > EQUIPAMENTOS > CONFIGURAÇÃO,Entidade raiz > PIRATINI > CENTRAL DE ATENDIMENTOS > CASA CIVIL,,"jorge-vicente, leonardo-riela",leonardo-riela
4068,4163,Acesso a Sistemas  - PROA - LIBERAR ACESSO,6,3,2,2024-04-08 14:56:05+00:00,2024-04-09 10:28:48+00:00,,,ACESSO A SISTEMAS > SOE > PROA > ADICIONAR A GRUPO,Entidade raiz > PIRATINI > CENTRAL DE ATENDIMENTOS > SECOM,,miguelangelo,bruno-santos
4265,4361,Atendimento ao usuário Suporte - GVG,6,3,2,2024-04-24 14:19:14+00:00,2024-04-25 09:53:38+00:00,,,DTIC > INFRAESTRUTURA > OUTROS,Entidade raiz > PIRATINI > CENTRAL DE ATENDIMENTOS > GVG,,thales-leite,marcielli-bierhals
4069,4164,Acesso a Sistemas  - LAI - LIBERAR ACESSO,6,3,2,2024-04-08 15:00:29+00:00,2024-04-09 10:34:43+00:00,,,,Entidade raiz > PIRATINI > CENTRAL DE ATENDIMENTOS > CASA CIVIL,,miguelangelo,regina-costa
4070,4165,Acesso a Sistemas  - LAI - LIBERAR ACESSO,6,3,2,2024-04-08 15:06:01+00:00,2024-04-09 10:36:54+00:00,,,,Entidade raiz > PIRATINI > CENTRAL DE ATENDIMENTOS > CASA CIVIL,,miguelangelo,regina-costa
4071,4166,Acesso a Sistemas Rede Piratini,6,3,2,2024-04-08 15:25:05+00:00,2024-04-09 10:45:30+00:00,,,ACESSO A SISTEMAS > REDE > LIBERAÇÃO DE ACESSO > NOVO USUÁRIO,Entidade raiz > PIRATINI > CENTRAL DE ATENDIMENTOS > CASA CIVIL,,"silvio-valim, miguelangelo, anderson-oliveira",regina-costa
4072,4167,"INCIDENTE  - Ouvidoria Geral do Estado, localizada no CAFF Centro Administrativo Fernando Ferrari",6,3,2,2024-04-08 15:37:33+00:00,2024-04-08 16:03:49+00:00,,,ACESSO A SISTEMAS > NDD,Entidade raiz > PIRATINI > CENTRAL DE ATENDIMENTOS > CASA CIVIL,,anderson-oliveira,marcio-proszek
4073,4168,Atendimento ao usuário - GG - Gabinete,6,3,2,2024-04-08 16:11:33+00:00,2024-04-08 17:22:51+00:00,,,ACESSO A SISTEMAS > REDE > RESET DE SENHA,Entidade raiz > PIRATINI > CENTRAL DE ATENDIMENTOS > GG,,"edson-silva, anderson-oliveira",leticia-fontana
4074,4169,Relatório mensal computadores AD // CC - DTI // Lucas Sergio,6,3,2,2024-04-08 16:17:44+00:00,2024-04-08 16:17:56+00:00,,,DTIC > INFRAESTRUTURA,Entidade raiz > PIRATINI > CENTRAL DE ATENDIMENTOS > CASA CIVIL,,,
4075,4170,Relatório de usuários inativos // CC - DTIC // Lucas Sergio,6,3,2,2024-04-08 16:18:40+00:00,2024-04-08 16:18:58+00:00,,,DTIC > INFRAESTRUTURA,Entidade raiz > PIRATINI > CENTRAL DE ATENDIMENTOS > CASA CIVIL,,,
4076,4171,Relatório mensal computadores inativos AD // CC - DTI // Lucas Sergio,6,3,2,2024-04-08 16:20:08+00:00,2024-04-08 16:20:19+00:00,,,DTIC > INFRAESTRUTURA,Entidade raiz > PIRATINI > CENTRAL DE ATENDIMENTOS > CASA CIVIL,,,
4077,4172,Visita técnica Procergs // CM - Operações // Felipe,6,3,2,2024-04-08 16:21:48+00:00,2024-04-08 16:22:18+00:00,,,DTIC > INFRAESTRUTURA,Entidade raiz > PIRATINI > CENTRAL DE ATENDIMENTOS > CASA MILITAR,,,felipe-stangherlin
4078,4173,Alterar Plano Office365 // CC - Ouvidoria // Nilton Severo,6,3,2,2024-04-08 16:28:33+00:00,2024-04-08 16:28:47+00:00,,,ACESSO A SISTEMAS > OFFICE 365,Entidade raiz > PIRATINI > CENTRAL DE ATENDIMENTOS > CASA CIVIL,,silvio-valim,nilton-neto
4079,4174,Remoção de Acessos -RH,6,3,2,2024-04-08 16:34:38+00:00,2024-04-11 14:10:06+00:00,,,DTIC > SISTEMAS > REMOÇÃO DE ACESSO SISTEMA,Entidade raiz > PIRATINI > CENTRAL DE ATENDIMENTOS > CASA CIVIL,,"miguelangelo, anderson-oliveira",carlos-duarte
4092,4187,Acesso a Sistemas  - GDG - OUTRO,6,3,2,2024-04-09 11:46:28+00:00,2024-04-11 11:27:13+00:00,,,ACESSO A SISTEMAS > SOE,Entidade raiz > PIRATINI > CENTRAL DE ATENDIMENTOS > CASA CIVIL,,miguelangelo,maristela-kaminski
4080,4175,Acesso a Sistemas  - LAI - LIBERAR ACESSO,6,3,2,2024-04-08 16:50:41+00:00,2024-04-09 14:36:49+00:00,,,,Entidade raiz > PIRATINI > CENTRAL DE ATENDIMENTOS > CASA CIVIL,,miguelangelo,regina-costa
4081,4176,Atendimento ao usuário Suporte - Defesa civil -Rua Andrade  neves 106 -sede,6,3,2,2024-04-08 17:27:48+00:00,2024-04-09 16:38:20+00:00,,,AJUDA E SUPORTE > INSTALAÇÃO DE EQUIPAMENTOS,Entidade raiz > PIRATINI > CENTRAL DE ATENDIMENTOS > CASA MILITAR,,anderson-oliveira,jose-bones
4082,4177,Atendimento ao usuário Suporte - Departamento de Conservação e Memória,6,3,2,2024-04-08 17:49:33+00:00,2024-04-09 10:38:21+00:00,,,AJUDA E SUPORTE > ATENDIMENTO AO USUÁRIO,Entidade raiz > PIRATINI > CENTRAL DE ATENDIMENTOS > GG,,"alessandro-vieira, jonathan-moletta",iago-cavalheiro
4083,4178,Acesso a Sistemas  - PROA - DESBLOQUEAR USUÁRIO,6,3,2,2024-04-09 08:30:10+00:00,2024-04-09 08:41:46+00:00,,,,Entidade raiz > PIRATINI > CENTRAL DE ATENDIMENTOS > CASA CIVIL,,anderson-oliveira,marcio-benites
4084,4179,OFFICE 365 // ALTERAR PLANO / LICENÇA - Casa Militar - Operações,6,3,2,2024-04-09 10:01:56+00:00,2024-04-11 17:51:54+00:00,,,AJUDA E SUPORTE > ATENDIMENTO AO USUÁRIO,Entidade raiz > PIRATINI > CENTRAL DE ATENDIMENTOS > CASA MILITAR,,anderson-oliveira,debora-aparecida
4085,4180,Atendimento ao usuário Suporte - Defesa Civil,6,3,2,2024-04-09 10:26:18+00:00,2024-04-09 14:24:02+00:00,,,AJUDA E SUPORTE > ATENDIMENTO AO USUÁRIO,Entidade raiz > PIRATINI > CENTRAL DE ATENDIMENTOS > CASA MILITAR,,thales-leite,fabio-rauber
4086,4181,Configurar túnel -SAEF,6,3,2,2024-04-09 10:48:37+00:00,2024-04-09 10:53:57+00:00,,,AJUDA E SUPORTE > ATENDIMENTO AO USUÁRIO,Entidade raiz > PIRATINI > CENTRAL DE ATENDIMENTOS > CASA CIVIL,,,alba-santos
4087,4182,Acesso a Sistemas  - GDG - OUTRO,6,3,2,2024-04-09 11:16:58+00:00,2024-04-26 11:40:30+00:00,,,ACESSO A SISTEMAS > SOE,Entidade raiz > PIRATINI > CENTRAL DE ATENDIMENTOS > CASA CIVIL,,miguelangelo,maristela-kaminski
4088,4183,Acesso a Sistemas  - GDG - OUTRO,6,3,2,2024-04-09 11:41:28+00:00,2024-04-11 11:27:02+00:00,,,ACESSO A SISTEMAS > SOE,Entidade raiz > PIRATINI > CENTRAL DE ATENDIMENTOS > CASA CIVIL,,miguelangelo,maristela-kaminski
4089,4184,Acesso a Sistemas  - GDG - OUTRO,6,3,2,2024-04-09 11:42:52+00:00,2024-04-09 14:36:12+00:00,,,DTIC > SISTEMAS > ALTERAÇÃO DE ACESSO,Entidade raiz > PIRATINI > CENTRAL DE ATENDIMENTOS > CASA CIVIL,,miguelangelo,maristela-kaminski
4090,4185,Acesso a Sistemas  - GDG - OUTRO,6,3,2,2024-04-09 11:44:07+00:00,2024-04-09 14:32:59+00:00,,,DTIC > SISTEMAS > ALTERAÇÃO DE ACESSO,Entidade raiz > PIRATINI > CENTRAL DE ATENDIMENTOS > CASA CIVIL,,miguelangelo,maristela-kaminski
4093,4188,Atendimento ao usuário Suporte - Publicidade,6,3,2,2024-04-09 13:54:36+00:00,2024-04-10 09:56:40+00:00,,,ACESSO A SISTEMAS > TÚNEL PROCERGS,Entidade raiz > PIRATINI > CENTRAL DE ATENDIMENTOS > SECOM,,anderson-oliveira,andre-graminho
4094,4189,Acesso a Sistemas  - PROA - REMOVER ACESSO,6,3,2,2024-04-09 14:03:00+00:00,2024-04-09 16:30:50+00:00,,,DTIC > SISTEMAS > REMOÇÃO DE ACESSO SISTEMA,Entidade raiz > PIRATINI > CENTRAL DE ATENDIMENTOS > CASA MILITAR,,miguelangelo,fabio-rauber
4095,4190,Atendimento ao usuário Suporte - Publicidade,6,3,2,2024-04-09 15:07:35+00:00,2024-04-10 14:10:18+00:00,,,AJUDA E SUPORTE > ATENDIMENTO AO USUÁRIO,Entidade raiz > PIRATINI > CENTRAL DE ATENDIMENTOS > SECOM,,jonathan-moletta,andre-graminho
4096,4191,Atendimento ao usuário Suporte - GABINETE,6,3,2,2024-04-09 15:29:46+00:00,2024-04-16 15:35:21+00:00,,,AJUDA E SUPORTE > ATENDIMENTO AO USUÁRIO,Entidade raiz > PIRATINI > CENTRAL DE ATENDIMENTOS > SECOM,,jonathan-moletta,andre-graminho
4097,4192,Acesso a Sistemas  - Geral - DESBLOQUEAR USUÁRIO,6,3,2,2024-04-09 15:51:40+00:00,2024-04-09 15:55:43+00:00,,,ACESSO A SISTEMAS > REDE > RESET DE SENHA,Entidade raiz > PIRATINI > CENTRAL DE ATENDIMENTOS > CASA MILITAR,,jorge-vicente,ana-duarte
4098,4193,Acesso a Sistemas  - Geral - DESBLOQUEAR USUÁRIO,6,3,2,2024-04-09 15:53:07+00:00,2024-04-11 12:02:27+00:00,,,AJUDA E SUPORTE > INSTALAÇÃO DE SOFTWARE,Entidade raiz > PIRATINI > CENTRAL DE ATENDIMENTOS > CASA CIVIL,,"miguelangelo, leonardo-riela",mario-fleck
4099,4194,Acesso a Sistemas  - FPE - LIBERAR ACESSO,6,3,2,2024-04-10 08:35:21+00:00,2024-04-15 10:24:55+00:00,,,,Entidade raiz > PIRATINI > CENTRAL DE ATENDIMENTOS > GVG,,miguelangelo,maicon-oliveira
4100,4195,Criar Caixa Compartilhada // CC - Gabinete // Mariela Portz Dornelles ,6,3,2,2024-04-10 09:13:35+00:00,2024-04-10 09:14:17+00:00,,,ACESSO A SISTEMAS > OFFICE 365 > EMAIL,Entidade raiz > PIRATINI > CENTRAL DE ATENDIMENTOS > CASA CIVIL,,silvio-valim,mariela-dorneles
4101,4196,Atendimento ao usuário Suporte - DPO - Cais Mauá,6,3,2,2024-04-10 09:42:18+00:00,2024-04-15 13:50:02+00:00,,,AJUDA E SUPORTE > ATENDIMENTO AO USUÁRIO,Entidade raiz > PIRATINI > CENTRAL DE ATENDIMENTOS > CASA CIVIL,,"anderson-oliveira, thales-leite, leonardo-riela",thais-difini
4102,4197,Acesso a Sistemas  - SOE Web - LIBERAR ACESSO,6,3,2,2024-04-10 09:48:05+00:00,2024-04-10 14:08:07+00:00,,,ACESSO A SISTEMAS > SOE,Entidade raiz > PIRATINI > CENTRAL DE ATENDIMENTOS > CASA CIVIL,,anderson-oliveira,cleodi-samrsla
4116,4211,Atendimento ao usuário Suporte - administrativo SECOM_VÂNIA,6,3,2,2024-04-11 16:41:17+00:00,2024-04-17 09:35:54+00:00,,,AJUDA E SUPORTE > ATENDIMENTO AO USUÁRIO,Entidade raiz > PIRATINI > CENTRAL DE ATENDIMENTOS > SECOM,,"edson-silva, anderson-oliveira",vania-pinto
4117,4212,Atendimento ao usuário Suporte - DF ,6,3,2,2024-04-12 09:43:20+00:00,2024-04-15 16:47:41+00:00,,,DTIC > SISTEMAS > CONFIGURAÇÃO DE SOFTWARE,Entidade raiz > PIRATINI > CENTRAL DE ATENDIMENTOS > SECOM,,"edson-silva, anderson-oliveira",leonardo-dangel
4103,4198,autorização instalação pacote office CPU SEMA,6,3,2,2024-04-10 12:00:00+00:00,2024-06-05 14:04:59+00:00,,,ACESSO A SISTEMAS > OFFICE 365,Entidade raiz > PIRATINI > CENTRAL DE ATENDIMENTOS > CASA MILITAR,CAFF,"silvio-valim, edson-silva","edson-silva, fabio-rauber"
4104,4199,Acesso a Sistemas  - Túnel PROCERGS - LIBERAR ACESSO,6,3,2,2024-04-10 10:24:16+00:00,2024-04-12 14:58:22+00:00,,,ACESSO A SISTEMAS > REDE > TÚNEL PROCERGS,Entidade raiz > PIRATINI > CENTRAL DE ATENDIMENTOS > GVG,,,flavia-silva
4105,4200,Movimentação de Documentos Onedrive,6,3,2,2024-04-10 10:54:06+00:00,2024-04-11 09:20:02+00:00,,,DTIC > SISTEMAS > CONFIGURAÇÃO DE SOFTWARE,Entidade raiz > PIRATINI > CENTRAL DE ATENDIMENTOS > CASA MILITAR,,anderson-oliveira,
4106,4201,Atendimento ao usuário Suporte - Secom,6,3,2,2024-04-10 13:02:12+00:00,2024-04-10 15:04:23+00:00,,,AJUDA E SUPORTE > ATENDIMENTO AO USUÁRIO,Entidade raiz > PIRATINI > CENTRAL DE ATENDIMENTOS > SECOM,,,jean-rangel
4107,4202,Atendimento ao usuário Suporte - secom,6,3,2,2024-04-10 14:32:01+00:00,2024-04-15 17:09:12+00:00,,,AJUDA E SUPORTE > ATENDIMENTO AO USUÁRIO,Entidade raiz > PIRATINI > CENTRAL DE ATENDIMENTOS > SECOM,,,jean-rangel
4108,4203,Atendimento ao usuário Suporte - GVG,6,3,2,2024-04-10 14:39:52+00:00,2024-04-11 11:10:02+00:00,,,DTIC > SISTEMAS > REMOÇÃO DE ACESSO SISTEMA,Entidade raiz > PIRATINI > CENTRAL DE ATENDIMENTOS > GVG,,"silvio-valim, miguelangelo, anderson-oliveira",marcielli-bierhals
4109,4204,Atendimento ao usuário Suporte - GG - Gabinete,6,3,2,2024-04-10 15:07:40+00:00,2024-04-17 09:39:36+00:00,,,AJUDA E SUPORTE > MOVIMENTO DE EQUIPAMENTOS DE TI > REQUISIÇÃO,Entidade raiz > PIRATINI > CENTRAL DE ATENDIMENTOS > GG,,"miguelangelo, alessandro-vieira, anderson-oliveira",leticia-fontana
4110,4205,Atendimento ao usuário Suporte - jornalismo,6,3,2,2024-04-10 17:48:55+00:00,2024-04-11 11:59:17+00:00,,,ACESSO A SISTEMAS > OFFICE 365 > EMAIL,Entidade raiz > PIRATINI > CENTRAL DE ATENDIMENTOS > SECOM,,anderson-oliveira,andre-graminho
4111,4206,Atendimento ao usuário Suporte - gabinete da Casa Civil (MP),6,3,2,2024-04-11 09:19:36+00:00,2024-04-23 08:32:17+00:00,,,AJUDA E SUPORTE > ATENDIMENTO AO USUÁRIO,Entidade raiz > PIRATINI > CENTRAL DE ATENDIMENTOS > CASA CIVIL,,jonathan-moletta,abigail-correa
4112,4207,Acesso a Sistemas  - FPE - DESBLOQUEAR USUÁRIO,6,3,2,2024-04-11 09:22:17+00:00,2024-04-12 11:42:54+00:00,,,ACESSO A SISTEMAS > SOE,Entidade raiz > PIRATINI > CENTRAL DE ATENDIMENTOS > CASA CIVIL,,"anderson-oliveira, leonardo-riela",marilis-quadros
4113,4208,Reset de Senha,6,3,2,2024-04-11 13:34:39+00:00,2024-04-11 13:34:56+00:00,,,ACESSO A SISTEMAS > REDE > RESET DE SENHA,Entidade raiz > PIRATINI > CENTRAL DE ATENDIMENTOS > CASA CIVIL,,anderson-oliveira,marcia-laitano
4114,4209,Confecção Cabo de Rede,6,3,2,2024-04-11 14:06:35+00:00,2024-04-12 13:43:29+00:00,,,,Entidade raiz > PIRATINI > CENTRAL DE ATENDIMENTOS > GG,,jonathan-moletta,roberto-goncalves
4115,4210,Acesso a Sistemas  - PROA - LIBERAR ACESSO,6,3,2,2024-04-11 16:10:51+00:00,2024-04-15 13:56:59+00:00,,,ACESSO A SISTEMAS > OFFICE 365 > EMAIL > NOVO USUÁRIO,Entidade raiz > PIRATINI > CENTRAL DE ATENDIMENTOS > GG,,"miguelangelo, anderson-oliveira",leticia-fontana
4118,4213,INCIDENTE  - GUARITA INTERNA DO JARDIM DO PALÁCIO PIRATINI,6,3,2,2024-04-12 13:37:58+00:00,2024-04-12 13:39:12+00:00,,,AJUDA E SUPORTE,Entidade raiz > PIRATINI > CENTRAL DE ATENDIMENTOS > CASA MILITAR,,,paulo-pacheco
4119,4214,Excluir Conta Office // CC - Subchefia Geral // Alef Zimermann,6,3,2,2024-04-12 14:28:00+00:00,2024-04-12 14:28:08+00:00,,,ACESSO A SISTEMAS > OFFICE 365 > EMAIL > EXCLUSÃO,Entidade raiz > PIRATINI > CENTRAL DE ATENDIMENTOS > CASA CIVIL,,silvio-valim,alef-pasqualotto
4120,4215,Ajustar Planilhas RHE OFFICE // CC - DTIC // Silvio Valim,6,3,2,2024-04-12 16:40:04+00:00,2024-04-12 16:40:21+00:00,,,ACESSO A SISTEMAS > OFFICE 365 > EMAIL > ATUALIZAR DADOS,Entidade raiz > PIRATINI > CENTRAL DE ATENDIMENTOS > CASA CIVIL,,silvio-valim,silvio-valim
4121,4216,OFFICE 365 // ASSESSORIA ESPECÍFICA  - Mauá 1050,6,3,2,2024-04-15 08:47:37+00:00,2024-04-17 10:23:40+00:00,,,ACESSO A SISTEMAS > OFFICE 365,Entidade raiz > PIRATINI > CENTRAL DE ATENDIMENTOS > CASA CIVIL,,"silvio-valim, anderson-oliveira, leonardo-riela",maristela-kaminski
4122,4217,Acesso a Sistemas  - Geral - OUTRO,6,3,2,2024-04-15 08:52:19+00:00,2024-04-15 11:54:47+00:00,,,ACESSO A SISTEMAS > OFFICE 365,Entidade raiz > PIRATINI > CENTRAL DE ATENDIMENTOS > CASA MILITAR,,anderson-oliveira,jonatas-souza
4123,4218,Atendimento ao usuário Suporte - CAFF - OGE,6,3,2,2024-04-15 09:17:05+00:00,2024-04-15 16:37:02+00:00,,,AJUDA E SUPORTE > ATENDIMENTO AO USUÁRIO,Entidade raiz > PIRATINI > CENTRAL DE ATENDIMENTOS > CASA CIVIL,,leonardo-riela,barbara-zucchetti
4124,4219,MANCHAS NA IMPRESSÃO - Coordenadoria Estadual de Proteção e Defesa Civil,6,3,1,2024-04-15 09:36:35+00:00,2024-08-06 15:24:04+00:00,,,DTIC > EQUIPAMENTOS > MANUTENÇÃO,Entidade raiz > PIRATINI > CENTRAL DE ATENDIMENTOS > CASA MILITAR,,jorge-vicente,elisandra-decantam
4125,4220,Acesso a Sistemas Rede Piratini,6,3,2,2024-04-15 09:41:35+00:00,2024-04-15 13:06:25+00:00,,,ACESSO A SISTEMAS > REDE > LIBERAÇÃO DE ACESSO > NOVO USUÁRIO,Entidade raiz > PIRATINI > CENTRAL DE ATENDIMENTOS > CASA CIVIL,,"miguelangelo, anderson-oliveira",regina-fraga
4126,4221,Acesso a Sistemas  - Túnel PROCERGS - LIBERAR ACESSO,6,3,2,2024-04-15 10:04:26+00:00,2024-04-15 10:34:41+00:00,,,DTIC > SISTEMAS > CONFIGURAÇÃO DE SOFTWARE,Entidade raiz > PIRATINI > CENTRAL DE ATENDIMENTOS > CASA CIVIL,,"anderson-oliveira, thales-leite",yasmine-freitas
4127,4222,Acesso a Sistemas Rede Piratini,6,3,2,2024-04-15 10:55:40+00:00,2024-04-17 11:15:15+00:00,,,ACESSO A SISTEMAS > REDE > LIBERAÇÃO DE ACESSO,Entidade raiz > PIRATINI > CENTRAL DE ATENDIMENTOS > CASA CIVIL,,"miguelangelo, anderson-oliveira",wagner-araujo
4138,4233,Solicitação de Atendimento // CC - Departamento de Gestão de Pessoas // Inclusão em Caixa Compartilhada,6,3,1,2024-04-16 08:38:54+00:00,2024-04-16 08:39:49+00:00,,,ACESSO A SISTEMAS > OFFICE 365 > EMAIL > CAIXA COMPARTILHADA,Entidade raiz > PIRATINI > CENTRAL DE ATENDIMENTOS > CASA CIVIL,,jorge-vicente,regina-fraga
4139,4234,Desbloquear Usuário SGM,6,3,2,2024-04-16 09:50:27+00:00,2024-04-16 09:50:40+00:00,,,AJUDA E SUPORTE > ATENDIMENTO AO USUÁRIO,Entidade raiz > PIRATINI > CENTRAL DE ATENDIMENTOS > SECOM,,anderson-oliveira,vania-pinto
4128,4223,PROA LIBERAR ACESSO A GRUPO,6,3,2,2024-04-15 10:59:58+00:00,2024-04-17 11:15:15+00:00,,,ACESSO A SISTEMAS > SOE > PROA > ADICIONAR A GRUPO,Entidade raiz > PIRATINI > CENTRAL DE ATENDIMENTOS > CASA CIVIL,,miguelangelo,wagner-araujo
4129,4224,Reset de Senha Office 365,6,3,2,2024-04-15 12:03:20+00:00,2024-04-15 12:39:01+00:00,,,ACESSO A SISTEMAS > OFFICE 365,Entidade raiz > PIRATINI > CENTRAL DE ATENDIMENTOS > CASA MILITAR,,anderson-oliveira,debora-silva
4130,4225,Acesso a Sistemas  - GDG - OUTRO,6,3,2,2024-04-15 12:19:03+00:00,2024-04-17 11:55:20+00:00,,,DTIC > SISTEMAS > ALTERAÇÃO DE ACESSO,Entidade raiz > PIRATINI > CENTRAL DE ATENDIMENTOS > CASA CIVIL,,miguelangelo,maristela-kaminski
4131,4226,Acesso a Sistemas  - SOE Web - OUTRO,6,3,2,2024-04-15 15:03:28+00:00,2024-04-17 11:53:15+00:00,,,DTIC > SISTEMAS > ALTERAÇÃO DE ACESSO,Entidade raiz > PIRATINI > CENTRAL DE ATENDIMENTOS > CASA MILITAR,,miguelangelo,paulo-vogt
4132,4227,OFFICE 365 / Atualizar Dados,6,3,1,2024-04-15 14:59:52+00:00,2024-04-17 09:27:14+00:00,,,ACESSO A SISTEMAS > OFFICE 365 > EMAIL > ATUALIZAR DADOS,Entidade raiz > PIRATINI > CENTRAL DE ATENDIMENTOS > GG,,anderson-oliveira,patricia-bicoski
4133,4228,Atendimento ao usuário Suporte - ADMINISTRATIVO,6,3,2,2024-04-15 15:40:25+00:00,2024-04-15 16:04:23+00:00,,,AJUDA E SUPORTE > ATENDIMENTO AO USUÁRIO,Entidade raiz > PIRATINI > CENTRAL DE ATENDIMENTOS > SECOM,,thales-leite,andre-graminho
4134,4229,Acesso a Sistemas  - SPI - LIBERAR ACESSO,6,3,2,2024-04-15 15:47:25+00:00,2024-04-29 09:46:39+00:00,,,ACESSO A SISTEMAS > SOE,Entidade raiz > PIRATINI > CENTRAL DE ATENDIMENTOS > CASA CIVIL,,"pablo-guimaraes, miguelangelo",mario-fleck
4135,4230,Aumentar Escopo DHCP // GG - RS Seguro &#38; GVG - Projetos Especiais // [RGVGVGS.PAE],6,3,1,2024-04-15 16:32:21+00:00,2024-04-15 16:33:13+00:00,,,DTIC > INFRAESTRUTURA > PROBLEMA DE REDE,Entidade raiz > PIRATINI > CENTRAL DE ATENDIMENTOS,,jorge-vicente,jorge-vicente
4136,4231,PROA REMOVER ACESSO A GRUPO,6,3,2,2024-04-15 16:46:32+00:00,2024-04-17 11:52:02+00:00,,,ACESSO A SISTEMAS > SOE > PROA > REMOVER DE GRUPO,Entidade raiz > PIRATINI > CENTRAL DE ATENDIMENTOS > GVG,,miguelangelo,maicon-oliveira
4137,4232,OUTLOOK // ADICIONAR/EXCLUIR USUÁRIO DE CAIXA COMPARTILHADA - Subchefia Jurídica,6,3,2,2024-04-15 17:35:31+00:00,2024-04-16 08:36:28+00:00,,,ACESSO A SISTEMAS > OFFICE 365 > EMAIL > CAIXA COMPARTILHADA,Entidade raiz > PIRATINI > CENTRAL DE ATENDIMENTOS > CASA CIVIL,,jorge-vicente,wagner-araujo
4643,4755,CONFIGURAÇÃO FORTCLIENT // CC - DRH // silvia-leopoldino,6,3,2,2024-07-02 12:00:00+00:00,2024-07-02 12:00:00+00:00,,,ACESSO A SISTEMAS > REDE > TÚNEL PROCERGS,Entidade raiz > PIRATINI > CENTRAL DE ATENDIMENTOS > CASA CIVIL,,pablo-guimaraes,silvia-leopoldino
4140,4235,PROA REMOVER ACESSO A GRUPO,6,3,2,2024-04-16 10:57:08+00:00,2024-04-17 11:09:12+00:00,,,ACESSO A SISTEMAS > SOE > PROA > REMOVER DE GRUPO,Entidade raiz > PIRATINI > CENTRAL DE ATENDIMENTOS > CASA MILITAR,,miguelangelo,jose-bones
4141,4236,Acesso a Sistemas Rede Piratini,6,3,2,2024-04-16 11:00:33+00:00,2024-04-17 11:09:12+00:00,,,ACESSO A SISTEMAS > REDE > LIBERAÇÃO DE ACESSO,Entidade raiz > PIRATINI > CENTRAL DE ATENDIMENTOS > CASA MILITAR,,miguelangelo,jose-bones
4142,4237,Acesso a Sistemas Rede Piratini,6,3,2,2024-04-16 11:02:34+00:00,2024-04-16 11:11:51+00:00,,,DTIC > SISTEMAS > REMOÇÃO DE ACESSO SISTEMA,Entidade raiz > PIRATINI > CENTRAL DE ATENDIMENTOS > CASA MILITAR,,jorge-vicente,jose-bones
4143,4238,Office 365 EXCLUSÃO de conta - DAT DEFESA CIVIL,6,3,2,2024-04-16 11:08:28+00:00,2024-04-16 14:37:21+00:00,,,ACESSO A SISTEMAS > OFFICE 365 > EMAIL > EXCLUSÃO,Entidade raiz > PIRATINI > CENTRAL DE ATENDIMENTOS > CASA MILITAR,,"miguelangelo, jorge-vicente",jose-bones
4144,4239,IMPRESSORA MENSAGEM DE ERRO - gabinete da casa civil (MP),6,3,1,2024-04-16 11:11:34+00:00,2024-04-16 11:53:01+00:00,,,DTIC > EQUIPAMENTOS > MANUTENÇÃO,Entidade raiz > PIRATINI > CENTRAL DE ATENDIMENTOS > CASA CIVIL,,"thales-leite, jonathan-moletta",abigail-correa
4145,4240,Atendimento ao usuário Suporte - ADMINISTRATIVO,6,3,2,2024-04-16 11:18:56+00:00,2024-04-17 15:02:21+00:00,,,AJUDA E SUPORTE > ATENDIMENTO AO USUÁRIO,Entidade raiz > PIRATINI > CENTRAL DE ATENDIMENTOS > SECOM,,"alessandro-vieira, jonathan-moletta",andre-graminho
4146,4241,INCIDENTE  - Redação da Secom - subsolo Palácio Piratini,6,3,2,2024-04-16 11:27:29+00:00,2024-04-17 10:40:36+00:00,,,DTIC > INFRAESTRUTURA > OUTROS,Entidade raiz > PIRATINI > CENTRAL DE ATENDIMENTOS > SECOM,,alessandro-vieira,carlos-moreira
4147,4242,Atendimento ao usuário Suporte - GVG,6,3,2,2024-04-16 12:40:15+00:00,2024-04-17 10:42:34+00:00,,,DTIC > INFRAESTRUTURA > PROBLEMA DE REDE,Entidade raiz > PIRATINI > CENTRAL DE ATENDIMENTOS > GVG,,alessandro-vieira,marcielli-bierhals
4148,4243,Atendimento ao usuário Suporte - SECOM,6,3,2,2024-04-16 13:15:49+00:00,2024-04-16 16:18:36+00:00,,,AJUDA E SUPORTE > ATENDIMENTO AO USUÁRIO,Entidade raiz > PIRATINI > CENTRAL DE ATENDIMENTOS > SECOM,,jonathan-moletta,jean-rangel
4149,4244,Atendimento ao usuário Suporte - Gabinete do Governador,6,3,2,2024-04-16 13:30:06+00:00,2024-04-16 14:16:32+00:00,,,AJUDA E SUPORTE > ATENDIMENTO AO USUÁRIO,Entidade raiz > PIRATINI > CENTRAL DE ATENDIMENTOS > GG,,alessandro-vieira,luciana-ghiggi
4150,4245,Atendimento ao usuário Suporte - Conservação e Memória,6,3,2,2024-04-16 13:52:07+00:00,2024-04-16 16:17:25+00:00,,,DTIC > EQUIPAMENTOS > MANUTENÇÃO,Entidade raiz > PIRATINI > CENTRAL DE ATENDIMENTOS > GG,,"alessandro-vieira, thales-leite",bruno-rien
4151,4246,Atendimento ao usuário Suporte - Subchefia Parlamentar,6,3,2,2024-04-16 14:28:11+00:00,2024-04-16 15:08:52+00:00,,,ACESSO A SISTEMAS > REDE > RESET DE SENHA,Entidade raiz > PIRATINI > CENTRAL DE ATENDIMENTOS > CASA CIVIL,,silvio-valim,paulo-souza
4188,4283,Inclusão de Usuários da CM para Acesso ao CAFF // GVG - Administrativo // melissa-bulegon,6,3,2,2024-04-17 12:00:00+00:00,2024-04-18 11:03:18+00:00,,,ACESSO A SISTEMAS > SOE,Entidade raiz > PIRATINI > CENTRAL DE ATENDIMENTOS > GVG,,pablo-guimaraes,melissa-bulegon
4152,4247,Acesso a Sistemas  - LAI - DESBLOQUEAR USUÁRIO,6,3,2,2024-04-16 14:32:16+00:00,2024-04-17 14:13:15+00:00,,,ACESSO A SISTEMAS > SOE,Entidade raiz > PIRATINI > CENTRAL DE ATENDIMENTOS > CASA CIVIL,,anderson-oliveira,marcio-proszek
4153,4248,Caixa Compartilhada // CC - SAEF // Alba Marquez,6,3,2,2024-04-16 15:13:06+00:00,2024-04-16 15:13:47+00:00,,,ACESSO A SISTEMAS > OFFICE 365,Entidade raiz > PIRATINI > CENTRAL DE ATENDIMENTOS > CASA CIVIL,,silvio-valim,alba-santos
4154,4249,Exclusão Contas Minha Procergs // CC - Sec. Casa Civil // Andre Thompson,6,3,2,2024-04-16 15:17:16+00:00,2024-04-16 15:17:28+00:00,,,ACESSO A SISTEMAS > OFFICE 365 > EMAIL > EXCLUSÃO,Entidade raiz > PIRATINI > CENTRAL DE ATENDIMENTOS > CASA CIVIL,,silvio-valim,ana-barros
4155,4250,Exclusão Contas Minha Procergs // CC - Gabinete // Alex Borgmann,6,3,2,2024-04-16 15:20:07+00:00,2024-04-16 15:20:46+00:00,,,ACESSO A SISTEMAS > OFFICE 365 > EMAIL > EXCLUSÃO,Entidade raiz > PIRATINI > CENTRAL DE ATENDIMENTOS > GG,,silvio-valim,silvio-valim
4156,4251,OFFICE 365 // NOVA CONTA DE EMAIL - GABINETE DO VICE-GOVERNADOR,6,3,2,2024-04-16 15:23:08+00:00,2024-04-17 11:34:26+00:00,,,ACESSO A SISTEMAS > OFFICE 365 > EMAIL > NOVO USUÁRIO,Entidade raiz > PIRATINI > CENTRAL DE ATENDIMENTOS > GVG,,"miguelangelo, anderson-oliveira",maicon-oliveira
4157,4252,OFFICE 365 // NOVA CONTA DE EMAIL - GABINETE DO VICE-GOVERNADOR,6,3,2,2024-04-16 15:29:18+00:00,2024-04-17 11:30:14+00:00,,,ACESSO A SISTEMAS > OFFICE 365 > EMAIL > NOVO USUÁRIO,Entidade raiz > PIRATINI > CENTRAL DE ATENDIMENTOS > GVG,,"miguelangelo, anderson-oliveira",maicon-oliveira
4158,4253,Excluir Conta Office // CC - Serviços Gerais // Cristiano Ribeiro ,6,3,2,2024-04-16 15:32:21+00:00,2024-04-16 15:32:33+00:00,,,ACESSO A SISTEMAS > OFFICE 365 > EMAIL > EXCLUSÃO,Entidade raiz > PIRATINI > CENTRAL DE ATENDIMENTOS > CASA CIVIL,,silvio-valim,cristiano-ribeiro
4159,4254,Exclusão Contas Minha Procergs // CC - Ass. Cultural // Clairton Pivoto ,6,3,2,2024-04-16 15:37:58+00:00,2024-04-16 15:38:06+00:00,,,ACESSO A SISTEMAS > OFFICE 365 > EMAIL > EXCLUSÃO,Entidade raiz > PIRATINI > CENTRAL DE ATENDIMENTOS > CASA CIVIL,,silvio-valim,clairton-pivoto
4160,4255,Excluir Conta Office // CC - Assessoria Cultural // Cesar Oliveira ,6,3,2,2024-04-16 15:39:51+00:00,2024-04-16 15:40:04+00:00,,,ACESSO A SISTEMAS > OFFICE 365 > EMAIL > EXCLUSÃO,Entidade raiz > PIRATINI > CENTRAL DE ATENDIMENTOS > CASA CIVIL,,silvio-valim,cesar-souza
4161,4256,Atendimento ao usuário Suporte - Defesa civil -Rua Andrade  neves 106 -sede,6,3,2,2024-04-16 15:42:42+00:00,2024-04-18 09:26:32+00:00,,,DTIC > INFRAESTRUTURA > NOVO PONTO DE REDE,Entidade raiz > PIRATINI > CENTRAL DE ATENDIMENTOS > CASA MILITAR,,jorge-vicente,jose-bones
4162,4257,Acesso a Sistemas  - PROA - LIBERAR ACESSO,6,3,2,2024-04-16 16:14:37+00:00,2024-04-17 11:06:56+00:00,,,ACESSO A SISTEMAS > SOE,Entidade raiz > PIRATINI > CENTRAL DE ATENDIMENTOS > CASA CIVIL,,"miguelangelo, jorge-vicente",carlos-marques
4163,4258,IMPRESSORA TROCA DE TONNER - RS Seguro - GG ,6,3,2,2024-04-16 16:27:12+00:00,2024-04-17 09:40:17+00:00,,,IMPRESSORA,Entidade raiz > PIRATINI > CENTRAL DE ATENDIMENTOS > GVG,,jorge-vicente,carla-cardoso
4351,4457,Acesso a Sistemas\Acesso a Sistema\DCC,6,3,2,2024-05-28 16:28:42+00:00,2024-05-28 16:35:32+00:00,,,ACESSO A SISTEMAS > REDE > RESET DE SENHA,Entidade raiz > PIRATINI > CENTRAL DE ATENDIMENTOS > CASA CIVIL,,anderson-oliveira,marcio-pias
4164,4259,Atendimento ao usuário Suporte - Subchefia Legislativa,6,3,2,2024-04-16 16:36:16+00:00,2024-04-18 11:13:18+00:00,,,AJUDA E SUPORTE > ATENDIMENTO AO USUÁRIO,Entidade raiz > PIRATINI > CENTRAL DE ATENDIMENTOS > CASA CIVIL,,"silvio-valim, anderson-oliveira",janice-barbosa
4165,4260,Acesso a Sistemas  - FPE - OUTRO,6,3,2,2024-04-16 17:49:01+00:00,2024-04-19 10:45:54+00:00,,,ACESSO A SISTEMAS > SOE > FPE,Entidade raiz > PIRATINI > CENTRAL DE ATENDIMENTOS > CASA CIVIL,,pablo-guimaraes,yasmine-freitas
4166,4261,Acesso a Sistemas  - FPE - OUTRO,6,3,2,2024-04-17 09:11:18+00:00,2024-04-19 13:45:31+00:00,,,ACESSO A SISTEMAS > SOE > FPE,Entidade raiz > PIRATINI > CENTRAL DE ATENDIMENTOS > CASA CIVIL,,pablo-guimaraes,magali-pereira
4167,4262,Acesso a Sistemas  - Túnel PROCERGS - LIBERAR ACESSO,6,3,2,2024-04-17 09:11:48+00:00,2024-04-17 10:55:57+00:00,,,ACESSO A SISTEMAS > REDE > TÚNEL PROCERGS,Entidade raiz > PIRATINI > CENTRAL DE ATENDIMENTOS > CASA CIVIL,,anderson-oliveira,wagner-araujo
4168,4263,Acesso a Sistemas  - FPE - DESBLOQUEAR USUÁRIO,6,3,2,2024-04-17 09:24:41+00:00,2024-04-17 09:53:28+00:00,,,ACESSO A SISTEMAS > SOE,Entidade raiz > PIRATINI > CENTRAL DE ATENDIMENTOS > CASA CIVIL,,"alessandro-vieira, anderson-oliveira",rinaldo-silva
4169,4264,Acesso a Sistemas Rede Piratini,6,3,2,2024-04-17 09:52:25+00:00,2024-04-17 11:04:19+00:00,,,ACESSO A SISTEMAS > REDE > LIBERAÇÃO DE ACESSO > NOVO USUÁRIO,Entidade raiz > PIRATINI > CENTRAL DE ATENDIMENTOS > CASA CIVIL,,anderson-oliveira,maristela-kaminski
4170,4265,OFFICE 365 // NOVA CONTA DE EMAIL - Mauá 1050,6,3,2,2024-04-17 09:55:38+00:00,2024-04-17 10:58:16+00:00,,,ACESSO A SISTEMAS > OFFICE 365 > EMAIL > NOVO USUÁRIO,Entidade raiz > PIRATINI > CENTRAL DE ATENDIMENTOS > CASA CIVIL,,anderson-oliveira,maristela-kaminski
4171,4266,Automação de acesso de dados Força Aérea // CM - Defesa Civil // Lucas Fagundes,6,3,2,2024-04-17 10:17:22+00:00,2024-04-17 10:18:08+00:00,,,DTIC > INFRAESTRUTURA,Entidade raiz > PIRATINI > CENTRAL DE ATENDIMENTOS > CASA MILITAR,,,lucas-fagundes
4172,4267,Acesso a Sistemas / SOE / PROA - Falha de Assinatura,6,3,1,2024-04-17 10:45:49+00:00,2024-04-17 11:30:40+00:00,,,ACESSO A SISTEMAS > SOE > PROA,Entidade raiz > PIRATINI > CENTRAL DE ATENDIMENTOS > CASA CIVIL,,miguelangelo,renato-costa
4173,4268,Solicitação de Atendimento // CC - Divisão de Manutenção // Reset de Senha,6,3,1,2024-04-17 10:51:25+00:00,2024-04-17 10:51:34+00:00,,,ACESSO A SISTEMAS > REDE > RESET DE SENHA,Entidade raiz > PIRATINI > CENTRAL DE ATENDIMENTOS > CASA CIVIL,,jorge-vicente,rinaldo-silva
4174,4269,Solicitação de Atendimento // CC - Divisão de Manutenção // Dados de Assunto - PROA,6,3,1,2024-04-17 11:02:19+00:00,2024-04-17 11:04:38+00:00,,,ACESSO A SISTEMAS > SOE > PROA,Entidade raiz > PIRATINI > CENTRAL DE ATENDIMENTOS > CASA CIVIL,,miguelangelo,melina-andrade
4175,4270,Acesso a Sistemas Rede Piratini,6,3,2,2024-04-17 11:08:42+00:00,2024-04-17 11:15:47+00:00,,,AJUDA E SUPORTE > ATENDIMENTO AO USUÁRIO,Entidade raiz > PIRATINI > CENTRAL DE ATENDIMENTOS > CASA CIVIL,,anderson-oliveira,
4176,4271,Atendimento ao usuário Suporte - Defesa Civil Sede- Andrade Neves 106,6,3,2,2024-04-17 11:09:26+00:00,2024-04-17 14:06:07+00:00,,,DTIC > EQUIPAMENTOS > CONFIGURAÇÃO,Entidade raiz > PIRATINI > CENTRAL DE ATENDIMENTOS > CASA MILITAR,,,ana-duarte
4177,4272,Atendimento ao usuário Suporte - RS Seguro - Gabinete do Governador CAFF,6,3,2,2024-04-17 11:39:21+00:00,2024-04-19 08:14:39+00:00,,,AJUDA E SUPORTE > ATENDIMENTO AO USUÁRIO,Entidade raiz > PIRATINI > CENTRAL DE ATENDIMENTOS > GVG,,jonathan-moletta,aline-barcellos
4178,4273,Atendimento ao usuário Suporte - Defesa civil -Rua Andrade  neves 106 -sede,6,3,2,2024-04-17 11:48:46+00:00,2024-04-22 10:57:36+00:00,,,AJUDA E SUPORTE > ATENDIMENTO AO USUÁRIO,Entidade raiz > PIRATINI > CENTRAL DE ATENDIMENTOS > CASA MILITAR,,"alessandro-vieira, jonathan-moletta",jose-bones
4179,4274,OFFICE 365 // NOVA CONTA DE EMAIL - GABINETE DO VICE-GOVERNADOR,6,3,2,2024-04-17 12:47:38+00:00,2024-04-19 09:06:10+00:00,,,ACESSO A SISTEMAS > OFFICE 365 > EMAIL > NOVO USUÁRIO,Entidade raiz > PIRATINI > CENTRAL DE ATENDIMENTOS > GVG,,anderson-oliveira,maicon-oliveira
4180,4275,OFFICE 365 // NOVA CONTA DE EMAIL - GABINETE DO VICE-GOVERNADOR,6,3,2,2024-04-17 13:02:50+00:00,2024-04-19 11:19:32+00:00,,,ACESSO A SISTEMAS > OFFICE 365 > EMAIL > NOVO USUÁRIO,Entidade raiz > PIRATINI > CENTRAL DE ATENDIMENTOS > GVG,,"miguelangelo, anderson-oliveira",maicon-oliveira
4181,4276,OFFICE 365 // NOVA CONTA DE EMAIL - GABINETE DO VICE-GOVERNADOR,6,3,2,2024-04-17 13:15:26+00:00,2024-04-19 11:02:11+00:00,,,ACESSO A SISTEMAS > OFFICE 365 > EMAIL > NOVO USUÁRIO,Entidade raiz > PIRATINI > CENTRAL DE ATENDIMENTOS > GVG,,"miguelangelo, anderson-oliveira",maicon-oliveira
4182,4277,Acesso a Sistemas  - FPE - LIBERAR ACESSO,6,3,2,2024-04-17 13:43:22+00:00,2024-04-17 15:51:28+00:00,,,ACESSO A SISTEMAS > SOE > FPE,Entidade raiz > PIRATINI > CENTRAL DE ATENDIMENTOS > CASA CIVIL,,miguelangelo,rose-santos
4183,4278,Atendimento ao usuário Suporte - ADMINISTRATIVO,6,3,2,2024-04-17 14:48:01+00:00,2024-04-22 11:27:13+00:00,,,AJUDA E SUPORTE > ATENDIMENTO AO USUÁRIO,Entidade raiz > PIRATINI > CENTRAL DE ATENDIMENTOS > SECOM,,jonathan-moletta,andre-graminho
4184,4279,Atendimento ao usuário Suporte - Departamento de Conservacao e Memoria ,6,3,2,2024-04-17 15:25:05+00:00,2024-04-17 15:50:30+00:00,,,ACESSO A SISTEMAS > REDE,Entidade raiz > PIRATINI > CENTRAL DE ATENDIMENTOS > GG,,jorge-vicente,taizi-nunes
4185,4280,Pasta raiz OneDrive ,6,3,2,2024-04-17 17:05:27+00:00,2024-04-18 16:45:21+00:00,,,ACESSO A SISTEMAS > OFFICE 365,Entidade raiz > PIRATINI > CENTRAL DE ATENDIMENTOS > GG,,"silvio-valim, anderson-oliveira",mateus-gomes
4186,4281,Atendimento ao usuário Suporte - Departamento de Conservação e Memória,6,3,2,2024-04-17 17:27:39+00:00,2024-04-18 15:58:54+00:00,,,AJUDA E SUPORTE > ATENDIMENTO AO USUÁRIO,Entidade raiz > PIRATINI > CENTRAL DE ATENDIMENTOS > GG,,jonathan-moletta,patricia-bicoski
4187,4282,Criação de Alias de E-mail Office365 // GVG - ADM // melissa-bulegon,6,3,2,2024-04-17 12:00:00+00:00,2024-04-18 11:02:52+00:00,,,ACESSO A SISTEMAS > OFFICE 365 > EMAIL,Entidade raiz > PIRATINI > CENTRAL DE ATENDIMENTOS > GVG,,pablo-guimaraes,melissa-bulegon
4190,4285,Inclusão de Perfil FPE // SECOM - Financeiro // leonardo-dangel,6,3,2,2024-04-18 12:00:00+00:00,2024-04-19 13:43:13+00:00,,,ACESSO A SISTEMAS > SOE > FPE,Entidade raiz > PIRATINI > CENTRAL DE ATENDIMENTOS > SECOM,,pablo-guimaraes,leonardo-dangel
4191,4286,PROA LIBERAR ACESSO A GRUPO,6,3,2,2024-04-18 12:49:49+00:00,2024-04-19 11:18:05+00:00,,,ACESSO A SISTEMAS > SOE > PROA > ADICIONAR A GRUPO,Entidade raiz > PIRATINI > CENTRAL DE ATENDIMENTOS > CASA MILITAR,,miguelangelo,fabio-rauber
4192,4287,IMPRESSORA TROCA DE TONNER - Coordenadoria Estadual de Proteção e Defesa Civil,6,3,2,2024-04-18 13:29:56+00:00,2024-04-18 14:42:17+00:00,,,DTIC > EQUIPAMENTOS > MANUTENÇÃO,Entidade raiz > PIRATINI > CENTRAL DE ATENDIMENTOS > CASA MILITAR,,jorge-vicente,elisandra-decantam
4193,4288,AJUDA E SUPORTE / ATENDIMENTO AO USUÁRIO - Ramais - Ouvidoria Geral,6,3,1,2024-04-18 14:32:49+00:00,2024-04-18 14:37:44+00:00,,,AJUDA E SUPORTE > ATENDIMENTO AO USUÁRIO,Entidade raiz > PIRATINI > CENTRAL DE ATENDIMENTOS > CASA CIVIL,CAFF > 1° Andar - Ouvidoria,thales-leite,regina-costa
4194,4289,Acesso a Sistemas Rede Piratini,6,3,2,2024-04-18 14:56:57+00:00,2024-04-18 15:44:58+00:00,,,AJUDA E SUPORTE > ATENDIMENTO AO USUÁRIO,Entidade raiz > PIRATINI > CENTRAL DE ATENDIMENTOS > CASA MILITAR,,,debora-aparecida
4195,4290,Verificar PDF // CC - Parlamentar // Ana Avancini,6,3,2,2024-04-18 15:01:50+00:00,2024-04-18 15:01:57+00:00,,,ACESSO A SISTEMAS > OFFICE 365,Entidade raiz > PIRATINI > CENTRAL DE ATENDIMENTOS > CASA CIVIL,,silvio-valim,ana-avancini
4196,4291,Conectar Celular Rede Wi-fi // CC - Subchefia do Interior // Clarissa Avila,6,3,2,2024-04-18 15:07:17+00:00,2024-04-18 15:07:25+00:00,,,ACESSO A SISTEMAS > REDE > WIFI,Entidade raiz > PIRATINI > CENTRAL DE ATENDIMENTOS > CASA CIVIL,,silvio-valim,clarissa-avila
4197,4292,Atendimento ao usuário Suporte - GVG,6,3,2,2024-04-18 15:14:07+00:00,2024-04-18 15:52:27+00:00,,,AJUDA E SUPORTE > ATENDIMENTO AO USUÁRIO,Entidade raiz > PIRATINI > CENTRAL DE ATENDIMENTOS > GVG,,edson-silva,marcielli-bierhals
4198,4293,Configurar E-Mail // CC -Gabinete // Mariela Dorneles,6,3,2,2024-04-18 15:14:09+00:00,2024-04-18 15:14:19+00:00,,,ACESSO A SISTEMAS > OFFICE 365 > EMAIL,Entidade raiz > PIRATINI > CENTRAL DE ATENDIMENTOS > CASA CIVIL,,silvio-valim,mariela-dorneles
4199,4294,INGRESSO DE SERVIDOR,6,4,2,2024-04-18 15:55:50+00:00,2024-04-19 11:22:14+00:00,,,ACESSO A SISTEMAS > REDE > LIBERAÇÃO DE ACESSO > NOVO USUÁRIO,Entidade raiz > PIRATINI > CENTRAL DE ATENDIMENTOS > CASA CIVIL > Secretaria-Executiva > Subchefia Administrativa > Departamento de Gestão de Atos e Pessoal > Divisão de Gestão de Pessoas,,"silvio-valim, pablo-guimaraes, miguelangelo, anderson-oliveira",silvia-leopoldino
4200,4295,Acesso a Sistemas Rede Piratini,6,3,2,2024-04-18 15:57:58+00:00,2024-04-19 11:22:14+00:00,,,ACESSO A SISTEMAS > REDE > LIBERAÇÃO DE ACESSO > NOVO USUÁRIO,Entidade raiz > PIRATINI > CENTRAL DE ATENDIMENTOS > CASA CIVIL,,"silvio-valim, pablo-guimaraes, anderson-oliveira",paulo-souza
4201,4296,Atendimento ao usuário Suporte - Gabinete da Casa Militar,6,3,2,2024-04-18 16:03:03+00:00,2024-04-19 15:47:21+00:00,,,AJUDA E SUPORTE > ATENDIMENTO AO USUÁRIO,Entidade raiz > PIRATINI > CENTRAL DE ATENDIMENTOS > GG,,"jorge-vicente, anderson-oliveira, jonathan-moletta",bruno-rien
4202,4297,Acesso a Sistemas  - FPE - LIBERAR ACESSO,6,3,2,2024-04-18 17:16:14+00:00,2024-04-22 10:51:54+00:00,,,ACESSO A SISTEMAS > SOE > FPE,Entidade raiz > PIRATINI > CENTRAL DE ATENDIMENTOS > SECOM,,pablo-guimaraes,jean-rangel
4203,4298,Acesso a Sistemas Rede Piratini,6,3,2,2024-04-19 08:34:23+00:00,2024-04-19 11:22:14+00:00,,,ACESSO A SISTEMAS > OFFICE 365 > EMAIL > NOVO USUÁRIO,Entidade raiz > PIRATINI > CENTRAL DE ATENDIMENTOS > CASA CIVIL,,"silvio-valim, pablo-guimaraes, miguelangelo, anderson-oliveira",paulo-souza
4204,4299,Atendimento ao usuário Suporte - Materias e Patrimonio ,6,3,2,2024-04-19 09:45:32+00:00,2024-04-19 10:49:17+00:00,,,AJUDA E SUPORTE > ATENDIMENTO AO USUÁRIO,Entidade raiz > PIRATINI > CENTRAL DE ATENDIMENTOS > CASA CIVIL,,"thales-leite, leonardo-riela",dickson-santos
4205,4300,Atendimento ao usuário Suporte - Departamento de Conservacao e Memoria ,6,3,2,2024-04-19 11:11:38+00:00,2024-04-24 15:06:48+00:00,,,AJUDA E SUPORTE > ATENDIMENTO AO USUÁRIO,Entidade raiz > PIRATINI > CENTRAL DE ATENDIMENTOS > GG,,jonathan-moletta,taizi-nunes
4206,4301,Acesso a Sistemas Rede Piratini,6,3,2,2024-04-19 12:58:42+00:00,2024-04-19 15:22:20+00:00,,,ACESSO A SISTEMAS > REDE > LIBERAÇÃO DE ACESSO > NOVO USUÁRIO,Entidade raiz > PIRATINI > CENTRAL DE ATENDIMENTOS > CASA MILITAR,,anderson-oliveira,fabio-rauber
4207,4302,Atendimento ao usuário Suporte - GVG,6,3,2,2024-04-19 14:03:37+00:00,2024-04-22 10:06:51+00:00,,,AJUDA E SUPORTE > ATENDIMENTO AO USUÁRIO,Entidade raiz > PIRATINI > CENTRAL DE ATENDIMENTOS > GVG,,anderson-oliveira,marcielli-bierhals
4208,4303,Exclusão de acessos da servidora do GVG,6,3,2,2024-04-19 14:34:54+00:00,2024-04-19 15:35:41+00:00,,,DTIC > SISTEMAS > REMOÇÃO DE ACESSO SISTEMA,Entidade raiz > PIRATINI > CENTRAL DE ATENDIMENTOS > GVG,,"miguelangelo, anderson-oliveira",daniela-machado
4209,4304,Atendimento ao usuário Suporte - Subseção de Operações Casa Militar,6,3,2,2024-04-22 08:54:08+00:00,2024-04-22 10:13:06+00:00,,,AJUDA E SUPORTE > ATENDIMENTO AO USUÁRIO,Entidade raiz > PIRATINI > CENTRAL DE ATENDIMENTOS > CASA MILITAR,,jonathan-moletta,debora-aparecida
4210,4305,Acesso a Sistemas Rede Piratini,6,3,2,2024-04-22 09:21:29+00:00,2024-04-23 11:16:01+00:00,,,ACESSO A SISTEMAS > REDE > LIBERAÇÃO DE ACESSO,Entidade raiz > PIRATINI > CENTRAL DE ATENDIMENTOS > CASA MILITAR,,anderson-oliveira,debora-aparecida
4211,4306,Atendimento ao usuário Suporte - Maua 1050,6,3,2,2024-04-22 09:23:04+00:00,2025-10-19 01:12:47+00:00,,,AJUDA E SUPORTE > ATENDIMENTO AO USUÁRIO,Entidade raiz > PIRATINI > CENTRAL DE ATENDIMENTOS > CASA CIVIL,,silvio-valim,maristela-kaminski
4212,4307,Atendimento ao usuário Suporte - Departamento de Conservacao e Memoria ,6,3,2,2024-04-22 09:33:59+00:00,2024-04-23 10:40:32+00:00,,,AJUDA E SUPORTE > ATENDIMENTO AO USUÁRIO,Entidade raiz > PIRATINI > CENTRAL DE ATENDIMENTOS > GG,,jonathan-moletta,taizi-nunes
4213,4308,Acesso a Sistemas  - PROA - OUTRO,6,3,2,2024-04-22 10:30:54+00:00,2024-04-26 14:13:25+00:00,,,ACESSO A SISTEMAS > SOE > PROA,Entidade raiz > PIRATINI > CENTRAL DE ATENDIMENTOS > CASA CIVIL,,miguelangelo,almeris-junior
4214,4309,Atendimento ao usuário Suporte - Coordenadoria Estadual de Proteção e defesa Civil,6,3,2,2024-04-22 10:45:57+00:00,2024-04-22 12:43:23+00:00,,,AJUDA E SUPORTE > ATENDIMENTO AO USUÁRIO,Entidade raiz > PIRATINI > CENTRAL DE ATENDIMENTOS > CASA MILITAR,,jonathan-moletta,elisandra-decantam
4215,4310,OFFICE 365 // ASSESSORIA ESPECÍFICA  - Gabinete do vice-governador ,6,3,2,2024-04-22 10:52:38+00:00,2024-04-22 12:25:06+00:00,,,ACESSO A SISTEMAS > OFFICE 365,Entidade raiz > PIRATINI > CENTRAL DE ATENDIMENTOS > GVG,,anderson-oliveira,marcielli-bierhals
4216,4311,Atendimento ao usuário Suporte - Subseção de Operações Casa Militar,6,3,2,2024-04-22 11:27:19+00:00,2024-04-22 12:20:48+00:00,,,AJUDA E SUPORTE > INSTALAÇÃO DE EQUIPAMENTOS,Entidade raiz > PIRATINI > CENTRAL DE ATENDIMENTOS > CASA MILITAR,,jonathan-moletta,debora-aparecida
4217,4312,Acesso a Sistemas  - Geral - DESBLOQUEAR USUÁRIO,6,3,2,2024-04-22 14:18:18+00:00,2024-04-22 14:39:14+00:00,,,ACESSO A SISTEMAS > REDE > RESET DE SENHA,Entidade raiz > PIRATINI > CENTRAL DE ATENDIMENTOS > CASA MILITAR,,silvio-valim,paulo-vogt
4218,4313,Atendimento ao usuário Suporte - SECOM,6,3,2,2024-04-22 14:21:46+00:00,2024-04-22 15:34:36+00:00,,,AJUDA E SUPORTE > ATENDIMENTO AO USUÁRIO,Entidade raiz > PIRATINI > CENTRAL DE ATENDIMENTOS > SECOM,,,jean-rangel
4219,4314,Acesso a Sistemas Rede Piratini,6,3,2,2024-04-22 14:29:41+00:00,2024-04-25 16:25:56+00:00,,,ACESSO A SISTEMAS > REDE > LIBERAÇÃO DE ACESSO,Entidade raiz > PIRATINI > CENTRAL DE ATENDIMENTOS > CASA MILITAR,,anderson-oliveira,maicon-oliveira
4220,4315,Problema para assinar digitalmente // GVG - Gabinete // Daniela Machado,6,3,2,2024-04-22 14:41:58+00:00,2024-04-22 14:42:08+00:00,,,AJUDA E SUPORTE > ATENDIMENTO AO USUÁRIO,Entidade raiz > PIRATINI > CENTRAL DE ATENDIMENTOS > GVG,,,daniela-machado
4221,4316,Disco D sem espaço // SECOM // André Graminho,6,3,1,2024-04-22 14:45:44+00:00,2024-04-23 14:04:55+00:00,,,DTIC > INFRAESTRUTURA,Entidade raiz > PIRATINI > CENTRAL DE ATENDIMENTOS > SECOM,,,andre-graminho
4222,4317,Disco E sem espaço // GG - Conservação e Memória // ALvaro Aguiar,6,3,1,2024-04-22 14:47:14+00:00,2024-04-22 14:47:24+00:00,,,DTIC > INFRAESTRUTURA,Entidade raiz > PIRATINI > CENTRAL DE ATENDIMENTOS > GG,,,alvaro-aguiar
4223,4318,INCIDENTE  - GVG,6,3,2,2024-04-22 14:52:16+00:00,2024-04-23 14:59:24+00:00,,,DTIC > INFRAESTRUTURA > OUTROS,Entidade raiz > PIRATINI > CENTRAL DE ATENDIMENTOS > GVG,,thales-leite,marcielli-bierhals
4224,4319,Movimentação de Equipamentos,6,3,2,2024-04-22 14:57:56+00:00,2024-04-22 17:32:20+00:00,,,AJUDA E SUPORTE > INSTALAÇÃO DE EQUIPAMENTOS,Entidade raiz > PIRATINI > CENTRAL DE ATENDIMENTOS > GG,,"silvio-valim, anderson-oliveira",taizi-nunes
4225,4320,Acesso a Sistemas  - FPE - LIBERAR ACESSO,6,3,2,2024-04-22 16:44:58+00:00,2024-04-29 09:47:43+00:00,,,ACESSO A SISTEMAS > SOE > FPE,Entidade raiz > PIRATINI > CENTRAL DE ATENDIMENTOS > GG,,pablo-guimaraes,isis-gama
4226,4321,Retirada e instalação de computadores ante sala Governdor,6,3,2,2024-04-22 12:00:00+00:00,2024-04-29 10:11:15+00:00,,,,Entidade raiz > PIRATINI > CENTRAL DE ATENDIMENTOS > GG > Secretaria Executiva de Gestão do Palácio Piratini > Departamento de Conservação e Memória do Patrimônio Cultural do Complexo do Palácio Piratini,Palácio do Piratini,"edson-silva, alessandro-vieira, thales-leite, jonathan-moletta",fernanda-braga
4227,4322,"INCIDENTE  - Ouvidoria Geral do Estado, localizada no CAFF Centro Administrativo Fernando Ferrari",6,3,2,2024-04-23 09:37:58+00:00,2024-04-25 16:24:41+00:00,,,DTIC > INFRAESTRUTURA > OUTROS,Entidade raiz > PIRATINI > CENTRAL DE ATENDIMENTOS > CASA CIVIL,,"edson-silva, alessandro-vieira, anderson-oliveira, leonardo-riela, jonathan-moletta",marcio-proszek
4228,4323,Atendimento ao usuário Suporte - Gabinete do Municípios e Prefeitos,6,3,2,2024-04-23 10:47:57+00:00,2024-04-23 10:55:37+00:00,,,AJUDA E SUPORTE > ATENDIMENTO AO USUÁRIO,Entidade raiz > PIRATINI > CENTRAL DE ATENDIMENTOS > CASA CIVIL,,jonathan-moletta,melissa-costa
4229,4324,Atendimento ao usuário Suporte - GVG,6,3,2,2024-04-23 13:04:23+00:00,2024-04-23 14:22:20+00:00,,,AJUDA E SUPORTE > ATENDIMENTO AO USUÁRIO,Entidade raiz > PIRATINI > CENTRAL DE ATENDIMENTOS > GVG,,thales-leite,marcielli-bierhals
4230,4325,Atendimento ao usuário Suporte - APOIO - SUBJURÍDICA,6,3,2,2024-04-23 13:48:45+00:00,2024-04-23 16:24:18+00:00,,,AJUDA E SUPORTE > INSTALAÇÃO DE EQUIPAMENTOS,Entidade raiz > PIRATINI > CENTRAL DE ATENDIMENTOS > CASA CIVIL,,"anderson-oliveira, jonathan-moletta",jean-goulart
4231,4326,PROA LIBERAR ACESSO A GRUPO,6,3,2,2024-04-23 13:57:29+00:00,2024-04-23 15:19:56+00:00,,,ACESSO A SISTEMAS > SOE > PROA > ADICIONAR A GRUPO,Entidade raiz > PIRATINI > CENTRAL DE ATENDIMENTOS > CASA MILITAR,,miguelangelo,fabio-rauber
4232,4327,Acesso a Sistemas  - Geral - OUTRO,6,3,2,2024-04-23 14:00:36+00:00,2024-04-23 15:23:20+00:00,,,DTIC > SISTEMAS > ALTERAÇÃO DE ACESSO,Entidade raiz > PIRATINI > CENTRAL DE ATENDIMENTOS > CASA MILITAR,,,ana-duarte
4233,4328,Atendimento ao usuário Suporte - APOIO - SUBCHEFIA JURÍDICA,6,3,2,2024-04-23 14:03:45+00:00,2024-09-16 09:12:26+00:00,,,AJUDA E SUPORTE > MOVIMENTO DE EQUIPAMENTOS DE TI > REQUISIÇÃO,Entidade raiz > PIRATINI > CENTRAL DE ATENDIMENTOS > CASA CIVIL,,"anderson-oliveira, jonathan-moletta",jean-goulart
4234,4329,Acesso a Sistemas  - Geral - REMOVER ACESSO,6,3,2,2024-04-23 14:06:16+00:00,2024-04-23 16:31:51+00:00,,,DTIC > SISTEMAS > REMOÇÃO DE ACESSO SISTEMA,Entidade raiz > PIRATINI > CENTRAL DE ATENDIMENTOS > CASA CIVIL,,"miguelangelo, anderson-oliveira",
4235,4330,Atendimento ao usuário Suporte - GVG,6,3,2,2024-04-23 14:44:41+00:00,2024-04-23 16:30:22+00:00,,,ACESSO A SISTEMAS > OFFICE 365 > EMAIL > CAIXA COMPARTILHADA,Entidade raiz > PIRATINI > CENTRAL DE ATENDIMENTOS > GVG,,anderson-oliveira,marcielli-bierhals
4236,4331,Atendimento ao usuário Suporte - GVG,6,3,2,2024-04-23 14:55:16+00:00,2024-04-23 15:39:14+00:00,,,AJUDA E SUPORTE > ATENDIMENTO AO USUÁRIO,Entidade raiz > PIRATINI > CENTRAL DE ATENDIMENTOS > GVG,,jonathan-moletta,marcielli-bierhals
4237,4332,Atendimento ao usuário Suporte - Ouvidoria-CAFF,6,3,2,2024-04-23 15:38:22+00:00,2024-04-25 10:25:31+00:00,,,AJUDA E SUPORTE > ATENDIMENTO AO USUÁRIO,Entidade raiz > PIRATINI > CENTRAL DE ATENDIMENTOS > CASA CIVIL,,"alessandro-vieira, anderson-oliveira, leonardo-riela, jonathan-moletta",regina-costa
4238,4333,OFFICE 365 //ALIAS DE EMAIL - GVG - Setor de Segurança,6,3,2,2024-04-23 15:40:38+00:00,2024-04-25 09:41:51+00:00,,,ACESSO A SISTEMAS > OFFICE 365 > EMAIL,Entidade raiz > PIRATINI > CENTRAL DE ATENDIMENTOS > GVG,,"pablo-guimaraes, anderson-oliveira",melissa-bulegon
4239,4334,INCIDENTE  - ouvidoria geral,6,3,2,2024-04-23 15:45:29+00:00,2024-04-25 16:24:03+00:00,,,DTIC > INFRAESTRUTURA > OUTROS,Entidade raiz > PIRATINI > CENTRAL DE ATENDIMENTOS > CASA CIVIL,,"leonardo-riela, jonathan-moletta",regina-costa
4240,4335,Acesso a Sistemas  - GCE - LIBERAR ACESSO,6,3,2,2024-04-23 15:59:39+00:00,2024-04-29 15:03:31+00:00,,,ACESSO A SISTEMAS > SOE,Entidade raiz > PIRATINI > CENTRAL DE ATENDIMENTOS > CASA MILITAR,,miguelangelo,paulo-vogt
4241,4336,Atendimento ao usuário Suporte - Departamento de Conservação e Memória,6,3,2,2024-04-23 16:03:27+00:00,2024-04-24 13:43:08+00:00,,,AJUDA E SUPORTE > INSTALAÇÃO DE SOFTWARE,Entidade raiz > PIRATINI > CENTRAL DE ATENDIMENTOS > GG,,jonathan-moletta,iago-cavalheiro
4242,4337,Atendimento ao usuário Suporte - Departamento de Gestão Documental e de Bens Materiais e Patrimoniais,6,3,2,2024-04-23 16:35:44+00:00,2024-04-26 10:34:06+00:00,,,ACESSO A SISTEMAS > SOE > PROA,Entidade raiz > PIRATINI > CENTRAL DE ATENDIMENTOS > CASA CIVIL,,miguelangelo,diego-mattiello
4243,4338,Atendimento ao usuário Suporte - RS Seguro - 20o andar CAFF,6,3,2,2024-04-23 16:35:58+00:00,2024-04-25 16:20:52+00:00,,,DTIC > EQUIPAMENTOS > CONFIGURAÇÃO,Entidade raiz > PIRATINI > CENTRAL DE ATENDIMENTOS > GG,,"alessandro-vieira, leonardo-riela, jonathan-moletta",thais-zeltser
4244,4339,OFFICE 365 // ASSESSORIA ESPECÍFICA  - Subchefia parlamentar,6,3,2,2024-04-23 17:13:35+00:00,2024-04-23 17:37:31+00:00,,,ACESSO A SISTEMAS > OFFICE 365,Entidade raiz > PIRATINI > CENTRAL DE ATENDIMENTOS > CASA CIVIL,,anderson-oliveira,adriana-bielefeld
4245,4340,OFFICE 365 // NOVA CONTA DE EMAIL - CASA MILITAR - OPERAÇÕES - ASSESSORIA MILITAR DO VICE-GOVERNADOR,6,3,2,2024-04-24 09:57:10+00:00,2024-04-25 09:01:49+00:00,,,ACESSO A SISTEMAS > OFFICE 365 > EMAIL > NOVO USUÁRIO,Entidade raiz > PIRATINI > CENTRAL DE ATENDIMENTOS > CASA MILITAR,,"pablo-guimaraes, anderson-oliveira",maicon-oliveira
4246,4341,Ajuda e Suporte / Atendimento ao Usuário - Subchefia Legislativa,6,3,1,2024-04-24 10:00:35+00:00,2024-04-24 10:21:32+00:00,,,AJUDA E SUPORTE > ATENDIMENTO AO USUÁRIO,Entidade raiz > PIRATINI > CENTRAL DE ATENDIMENTOS > CASA CIVIL,,anderson-oliveira,cleodi-samrsla
4247,4342,OFFICE 365 // NOVA CONTA DE EMAIL - CASA MILITAR - OPERAÇÕES - ASSESSORIA MILITAR DO VICE-GOVERNADOR,6,3,2,2024-04-24 10:04:55+00:00,2024-04-25 11:00:29+00:00,,,ACESSO A SISTEMAS > OFFICE 365 > EMAIL > NOVO USUÁRIO,Entidade raiz > PIRATINI > CENTRAL DE ATENDIMENTOS > CASA MILITAR,,"pablo-guimaraes, anderson-oliveira",maicon-oliveira
4248,4343,OFFICE 365 // NOVA CONTA DE EMAIL - CASA MILITAR - OPERAÇÕES - ASSESSORIA MILITAR DO VICE-GOVERNADOR,6,3,2,2024-04-24 10:06:03+00:00,2024-04-25 09:08:34+00:00,,,ACESSO A SISTEMAS > OFFICE 365 > EMAIL > NOVO USUÁRIO,Entidade raiz > PIRATINI > CENTRAL DE ATENDIMENTOS > CASA MILITAR,,"pablo-guimaraes, anderson-oliveira",maicon-oliveira
4249,4344,OFFICE 365 // NOVA CONTA DE EMAIL - CASA MILITAR - OPERAÇÕES - ASSESSORIA MILITAR DO VICE-GOVERNADOR,6,3,2,2024-04-24 10:07:14+00:00,2024-04-25 09:10:58+00:00,,,ACESSO A SISTEMAS > OFFICE 365 > EMAIL > NOVO USUÁRIO,Entidade raiz > PIRATINI > CENTRAL DE ATENDIMENTOS > CASA MILITAR,,"pablo-guimaraes, anderson-oliveira",maicon-oliveira
4250,4345,OFFICE 365 // NOVA CONTA DE EMAIL - CASA MILITAR - OPERAÇÕES - ASSESSORIA MILITAR DO VICE-GOVERNADOR,6,3,2,2024-04-24 10:08:12+00:00,2024-04-25 09:15:39+00:00,,,ACESSO A SISTEMAS > OFFICE 365 > EMAIL > NOVO USUÁRIO,Entidade raiz > PIRATINI > CENTRAL DE ATENDIMENTOS > CASA MILITAR,,"pablo-guimaraes, anderson-oliveira",maicon-oliveira
4251,4346,OFFICE 365 // NOVA CONTA DE EMAIL - CASA MILITAR - OPERAÇÕES - ASSESSORIA MILITAR DO VICE-GOVERNADOR,6,3,2,2024-04-24 10:09:06+00:00,2024-04-24 16:32:06+00:00,,,ACESSO A SISTEMAS > OFFICE 365 > EMAIL > NOVO USUÁRIO,Entidade raiz > PIRATINI > CENTRAL DE ATENDIMENTOS > CASA MILITAR,,"pablo-guimaraes, anderson-oliveira",maicon-oliveira
4252,4347,OFFICE 365 // NOVA CONTA DE EMAIL - CASA MILITAR - OPERAÇÕES - ASSESSORIA MILITAR DO VICE-GOVERNADOR,6,3,2,2024-04-24 10:09:50+00:00,2024-04-25 09:17:49+00:00,,,ACESSO A SISTEMAS > OFFICE 365 > EMAIL > NOVO USUÁRIO,Entidade raiz > PIRATINI > CENTRAL DE ATENDIMENTOS > CASA MILITAR,,"pablo-guimaraes, anderson-oliveira",maicon-oliveira
4253,4348,OFFICE 365 // NOVA CONTA DE EMAIL - CASA MILITAR - OPERAÇÕES - ASSESSORIA MILITAR DO VICE-GOVERNADOR,6,3,2,2024-04-24 10:11:03+00:00,2024-04-25 09:31:39+00:00,,,ACESSO A SISTEMAS > OFFICE 365 > EMAIL > NOVO USUÁRIO,Entidade raiz > PIRATINI > CENTRAL DE ATENDIMENTOS > CASA MILITAR,,"pablo-guimaraes, anderson-oliveira",maicon-oliveira
4254,4349,OFFICE 365 // NOVA CONTA DE EMAIL - CASA MILITAR - OPERAÇÕES - ASSESSORIA MILITAR DO VICE-GOVERNADOR,6,3,2,2024-04-24 10:12:14+00:00,2024-04-25 09:33:40+00:00,,,ACESSO A SISTEMAS > OFFICE 365 > EMAIL > NOVO USUÁRIO,Entidade raiz > PIRATINI > CENTRAL DE ATENDIMENTOS > CASA MILITAR,,"pablo-guimaraes, anderson-oliveira",maicon-oliveira
4266,4362,Atendimento ao usuário Suporte - ADMINISTRATIVO,6,3,2,2024-04-24 14:20:02+00:00,2024-04-24 15:34:03+00:00,,,ACESSO A SISTEMAS > REDE > TÚNEL PROCERGS,Entidade raiz > PIRATINI > CENTRAL DE ATENDIMENTOS > SECOM,,anderson-oliveira,andre-graminho
4267,4363,Disco E sem espaço // GG - Conservação e Memória // Alvaro Aguiar,6,3,1,2024-04-24 14:37:30+00:00,2024-05-29 13:27:18+00:00,,,DTIC > INFRAESTRUTURA,Entidade raiz > PIRATINI > CENTRAL DE ATENDIMENTOS > GG,,,alvaro-aguiar
4255,4350,OFFICE 365 // NOVA CONTA DE EMAIL - CASA MILITAR - OPERAÇÕES - ASSESSORIA MILITAR DO VICE-GOVERNADOR,6,3,2,2024-04-24 10:13:28+00:00,2024-04-25 09:35:51+00:00,,,ACESSO A SISTEMAS > OFFICE 365 > EMAIL > NOVO USUÁRIO,Entidade raiz > PIRATINI > CENTRAL DE ATENDIMENTOS > CASA MILITAR,,"pablo-guimaraes, anderson-oliveira",maicon-oliveira
4256,4351,Atendimento ao usuário Suporte - DAMAC,6,3,2,2024-04-24 10:18:14+00:00,2024-04-24 10:28:00+00:00,,,AJUDA E SUPORTE > ATENDIMENTO AO USUÁRIO,Entidade raiz > PIRATINI > CENTRAL DE ATENDIMENTOS > CASA CIVIL,,"anderson-oliveira, jonathan-moletta",nelci-bock
4257,4353,Atendimento ao usuário Suporte - GABINETE,6,3,2,2024-04-24 10:48:50+00:00,2024-04-24 15:49:03+00:00,,,AJUDA E SUPORTE > ATENDIMENTO AO USUÁRIO,Entidade raiz > PIRATINI > CENTRAL DE ATENDIMENTOS > SECOM,,jonathan-moletta,andre-graminho
4258,4354,PROA LIBERAR ACESSO A GRUPO,6,3,2,2024-04-24 11:14:46+00:00,2024-04-26 12:03:24+00:00,,,ACESSO A SISTEMAS > SOE > PROA > ADICIONAR A GRUPO,Entidade raiz > PIRATINI > CENTRAL DE ATENDIMENTOS > CASA MILITAR,,miguelangelo,maicon-oliveira
4259,4355,Ajuda e Suporte / Atendimento ao usuário - MP com problema de Internet,6,3,1,2024-04-24 11:20:43+00:00,2024-04-25 08:36:55+00:00,,,DTIC > INFRAESTRUTURA > PROBLEMA DE REDE,Entidade raiz > PIRATINI > CENTRAL DE ATENDIMENTOS > CASA CIVIL,,"anderson-oliveira, jonathan-moletta",abigail-correa
4260,4356,Contas Office com alertas // CM - Operações // ,6,3,1,2024-04-24 11:35:50+00:00,2024-04-24 11:36:23+00:00,,,ACESSO A SISTEMAS > OFFICE 365,Entidade raiz > PIRATINI > CENTRAL DE ATENDIMENTOS > CASA MILITAR,,silvio-valim,paulo-vogt
4261,4357,Atendimento ao usuário Suporte - Defesa civil -Rua Andrade  neves 106 -sede,6,3,2,2024-04-24 11:58:38+00:00,2024-04-25 08:28:58+00:00,,,DTIC > EQUIPAMENTOS,Entidade raiz > PIRATINI > CENTRAL DE ATENDIMENTOS > CASA MILITAR,,jorge-vicente,jose-bones
4262,4358,INCIDENTE  - Rua Andrade Neves 106  DEFES- CIVIL,6,3,2,2024-04-24 12:10:06+00:00,2025-06-18 17:49:17+00:00,,,DTIC > INFRAESTRUTURA > OUTROS,Entidade raiz > PIRATINI > CENTRAL DE ATENDIMENTOS > CASA MILITAR,,"edson-silva, jonathan-moletta",jose-bones
4263,4359,Atendimento ao usuário Suporte - ADMINISTRATIVO,6,3,2,2024-04-24 14:18:16+00:00,2024-04-26 11:27:45+00:00,,,ACESSO A SISTEMAS > SOE,Entidade raiz > PIRATINI > CENTRAL DE ATENDIMENTOS > SECOM,,miguelangelo,andre-graminho
4264,4360,Acesso a Sistemas  - Túnel PROCERGS - LIBERAR ACESSO,6,3,2,2024-04-24 14:18:39+00:00,2024-04-24 15:35:42+00:00,,,ACESSO A SISTEMAS > REDE > TÚNEL PROCERGS,Entidade raiz > PIRATINI > CENTRAL DE ATENDIMENTOS > CASA CIVIL,,anderson-oliveira,daniela-cunha
4269,4365,"INCIDENTE  - Subchefia Jurídica da Casa Civil - Duque de Caxias, 951",6,3,2,2024-04-24 14:48:25+00:00,2024-04-26 13:06:56+00:00,,,DTIC > INFRAESTRUTURA > OUTROS,Entidade raiz > PIRATINI > CENTRAL DE ATENDIMENTOS > CASA CIVIL,,"alessandro-vieira, anderson-oliveira, jonathan-moletta",
4270,4366,"verificação ,diagnostico,Laudo tecnico Tablets",6,3,2,2024-04-24 16:40:37+00:00,2024-04-25 09:43:43+00:00,,,DTIC > EQUIPAMENTOS > RECOLHIMENTO,Entidade raiz > PIRATINI > CENTRAL DE ATENDIMENTOS > CASA CIVIL,,"edson-silva, alessandro-vieira, jonathan-moletta",
4271,4367,"Atendimento ao usuário Suporte - Departamento de Planejamento, Orçamento e Finanças",6,3,2,2024-04-24 17:06:42+00:00,2024-04-29 13:38:02+00:00,,,DTIC > EQUIPAMENTOS > CONFIGURAÇÃO,Entidade raiz > PIRATINI > CENTRAL DE ATENDIMENTOS > CASA CIVIL,,"anderson-oliveira, thales-leite, leonardo-riela",rita-muller
4272,4368,Auxílio para carregar .PDF // CC - Sub. Parlamentar // Ana Rita Avancini,6,3,2,2024-04-25 09:17:10+00:00,2024-04-25 09:18:54+00:00,,,AJUDA E SUPORTE > ATENDIMENTO AO USUÁRIO,Entidade raiz > PIRATINI > CENTRAL DE ATENDIMENTOS > CASA CIVIL,,silvio-valim,ana-avancini
4273,4369,Atendimento ao usuário Suporte - DPO,6,3,2,2024-04-25 10:01:58+00:00,2024-04-26 13:47:47+00:00,,,AJUDA E SUPORTE > ATENDIMENTO AO USUÁRIO,Entidade raiz > PIRATINI > CENTRAL DE ATENDIMENTOS > CASA CIVIL,,"leonardo-riela, jonathan-moletta",vanessa-konrath
4274,4370,Atendimento ao usuário Suporte - Gabinete da SECOM,6,3,2,2024-04-25 10:55:01+00:00,2024-04-25 14:51:17+00:00,,,ACESSO A SISTEMAS > TÚNEL PROCERGS,Entidade raiz > PIRATINI > CENTRAL DE ATENDIMENTOS > SECOM,,"anderson-oliveira, jonathan-moletta",luis-zorzan
4275,4371,GG-GABINETE -Andreia,6,3,2,2024-04-25 11:05:09+00:00,2024-04-25 11:59:26+00:00,,,AJUDA E SUPORTE > ATENDIMENTO AO USUÁRIO,Entidade raiz > PIRATINI > CENTRAL DE ATENDIMENTOS > GG,,"alessandro-vieira, jonathan-moletta",maria-lermen
4276,4372,Erro WhatsappWeb // GVG - Gabinete // Daniela Machado,6,3,1,2024-04-25 11:16:43+00:00,2024-04-25 11:16:51+00:00,,,AJUDA E SUPORTE > ATENDIMENTO AO USUÁRIO,Entidade raiz > PIRATINI > CENTRAL DE ATENDIMENTOS > GVG,,,daniela-machado
4277,4373,GVG-GABINETE Problema para se conectar no Wifi,6,3,2,2024-04-25 11:18:13+00:00,2024-04-25 14:28:46+00:00,,,AJUDA E SUPORTE > ATENDIMENTO AO USUÁRIO,Entidade raiz > PIRATINI > CENTRAL DE ATENDIMENTOS > GVG,,leonardo-riela,melissa-bulegon
4278,4374,INCIDENTE  - Secom - Riachuelo,6,3,2,2024-04-25 11:19:05+00:00,2024-04-25 17:26:02+00:00,,,DTIC > INFRAESTRUTURA > OUTROS,Entidade raiz > PIRATINI > CENTRAL DE ATENDIMENTOS > SECOM,,"alessandro-vieira, jonathan-moletta",luis-zorzan
4279,4375,"Atendimento ao usuário Suporte - Casa Militar - Rua Duque de Caxias, n.º 951",6,3,2,2024-04-25 11:19:50+00:00,2024-04-25 11:52:23+00:00,,,AJUDA E SUPORTE > ATENDIMENTO AO USUÁRIO,Entidade raiz > PIRATINI > CENTRAL DE ATENDIMENTOS > CASA MILITAR,,jonathan-moletta,joel-almeida
4280,4376,"Atendimento ao usuário Suporte - Casa Militar - Rua Duque de Caxias, n.º 951",6,3,2,2024-04-25 11:21:00+00:00,2024-04-25 11:56:00+00:00,,,AJUDA E SUPORTE > ATENDIMENTO AO USUÁRIO,Entidade raiz > PIRATINI > CENTRAL DE ATENDIMENTOS > CASA MILITAR,,jonathan-moletta,joel-almeida
4281,4377,Máquina sem acesso à Rede // CC - Subchefia Interior // Paulo Speck,6,3,2,2024-04-25 11:50:14+00:00,2024-04-25 11:50:25+00:00,,,AJUDA E SUPORTE > ATENDIMENTO AO USUÁRIO,Entidade raiz > PIRATINI > CENTRAL DE ATENDIMENTOS > CASA CIVIL,,silvio-valim,paulo-speck
4282,4378,Problema de acesso Whatsapp // CC - DTIC // Lucas Sergio,6,3,1,2024-04-25 11:52:45+00:00,2024-04-25 11:53:12+00:00,,,DTIC > INFRAESTRUTURA,Entidade raiz > PIRATINI > CENTRAL DE ATENDIMENTOS > CASA CIVIL,,,
4295,4391,Acesso a Sistemas  - Geral - OUTRO,6,3,2,2024-04-26 15:18:29+00:00,2024-04-26 17:33:28+00:00,,,DTIC > SISTEMAS > CONFIGURAÇÃO DE SOFTWARE,Entidade raiz > PIRATINI > CENTRAL DE ATENDIMENTOS > GVG,,anderson-oliveira,carla-calero
4283,4379,OUTLOOK // ADICIONAR/EXCLUIR USUÁRIO DE CAIXA COMPARTILHADA - CASA MILITAR - OPERAÇÕES - ASSESSORIA MILITAR DO VICE-GOVERNADOR,6,3,2,2024-04-25 14:18:59+00:00,2024-04-25 16:00:48+00:00,,,ACESSO A SISTEMAS > OFFICE 365 > EMAIL > CAIXA COMPARTILHADA,Entidade raiz > PIRATINI > CENTRAL DE ATENDIMENTOS > CASA MILITAR,,"silvio-valim, anderson-oliveira",maicon-oliveira
4284,4380,Atendimento ao usuário Suporte - Departamento de Conservação e Memória,6,3,2,2024-04-25 15:18:24+00:00,2024-04-25 15:20:32+00:00,,,AJUDA E SUPORTE > ATENDIMENTO AO USUÁRIO,Entidade raiz > PIRATINI > CENTRAL DE ATENDIMENTOS > GG,,jorge-vicente,iago-cavalheiro
4285,4381,Acesso a Sistemas  - GDG - LIBERAR ACESSO,6,3,2,2024-04-25 16:02:31+00:00,2024-04-26 11:39:33+00:00,,,ACESSO A SISTEMAS > SOE,Entidade raiz > PIRATINI > CENTRAL DE ATENDIMENTOS > CASA CIVIL,,miguelangelo,
4286,4382,Remoção de Acessos -RH,6,3,2,2024-04-25 17:05:03+00:00,2024-04-26 14:15:15+00:00,,,DTIC > SISTEMAS > REMOÇÃO DE ACESSO SISTEMA,Entidade raiz > PIRATINI > CENTRAL DE ATENDIMENTOS > CASA CIVIL,,"silvio-valim, miguelangelo, anderson-oliveira",carlos-duarte
4287,4383,Suporte ao usuario // SECOM - Apoio ADM // Karen Strauss,6,3,1,2024-04-26 09:22:48+00:00,2024-04-26 09:23:01+00:00,,,AJUDA E SUPORTE > ATENDIMENTO AO USUÁRIO,Entidade raiz > PIRATINI > CENTRAL DE ATENDIMENTOS > SECOM,,,karen-strauss
4288,4384,Acesso a Sistemas  - Geral - LIBERAR ACESSO,6,3,2,2024-04-26 09:59:26+00:00,2024-04-26 14:01:52+00:00,,,,Entidade raiz > PIRATINI > CENTRAL DE ATENDIMENTOS > CASA MILITAR,,,ana-duarte
4289,4385,Atendimento ao usuário Suporte - gabinete da Casa Civil (MP),6,3,2,2024-04-26 13:48:46+00:00,2024-04-26 13:51:51+00:00,,,AJUDA E SUPORTE > ATENDIMENTO AO USUÁRIO,Entidade raiz > PIRATINI > CENTRAL DE ATENDIMENTOS > CASA CIVIL,,jonathan-moletta,abigail-correa
4290,4386,Acesso a Sistemas  - GDG - OUTRO,6,3,2,2024-04-26 14:11:51+00:00,2024-04-26 14:49:12+00:00,,,ACESSO A SISTEMAS > SOE,Entidade raiz > PIRATINI > CENTRAL DE ATENDIMENTOS > CASA CIVIL,,miguelangelo,maristela-kaminski
4291,4387,Atendimento ao usuário Suporte - jornalismo,6,3,2,2024-04-26 14:26:23+00:00,2024-05-02 11:33:06+00:00,,,DTIC > EQUIPAMENTOS > INSTALAÇÃO > IMPRESSORA,Entidade raiz > PIRATINI > CENTRAL DE ATENDIMENTOS > SECOM,,jorge-vicente,andre-graminho
4292,4388,Atendimento ao usuário Suporte - ADMINISTRATIVO,6,3,2,2024-04-26 14:26:37+00:00,2024-06-04 11:35:34+00:00,,,AJUDA E SUPORTE > ATENDIMENTO AO USUÁRIO,Entidade raiz > PIRATINI > CENTRAL DE ATENDIMENTOS > SECOM,,"jorge-vicente, jonathan-moletta",andre-graminho
4293,4389,INCIDENTE  - Divisão de Atos de Pessoal - SPH (1º Andar),6,3,2,2024-04-26 15:07:33+00:00,2024-04-26 15:23:01+00:00,,,DTIC > INFRAESTRUTURA > OUTROS,Entidade raiz > PIRATINI > CENTRAL DE ATENDIMENTOS > CASA CIVIL,,thales-leite,francisco-barros
4294,4390,Acesso a Sistemas  - Geral - REMOVER ACESSO,6,3,2,2024-04-26 15:17:09+00:00,2024-04-26 15:53:25+00:00,,,DTIC > SISTEMAS > REMOÇÃO DE ACESSO SISTEMA,Entidade raiz > PIRATINI > CENTRAL DE ATENDIMENTOS > CASA CIVIL,,anderson-oliveira,dorinha-jirkowsky
4296,4392,Acesso a Sistemas  - Geral - LIBERAR ACESSO,6,3,2,2024-04-29 09:53:47+00:00,2024-05-02 11:04:17+00:00,,,DTIC > INFRAESTRUTURA > NOVO PONTO DE REDE,Entidade raiz > PIRATINI > CENTRAL DE ATENDIMENTOS > CASA MILITAR,,"edson-silva, jonathan-moletta",ana-duarte
4297,4393,INCIDENTE  - gabinete governador,6,3,2,2024-04-29 10:21:44+00:00,2024-06-05 14:04:21+00:00,,,AJUDA E SUPORTE > ATENDIMENTO AO USUÁRIO,Entidade raiz > PIRATINI > CENTRAL DE ATENDIMENTOS > GG,,jonathan-moletta,andre-furtado
4298,4394,Criação de Usuário Office365 // CC - DMC // gustavo-sehnem,6,3,2,2024-04-29 12:00:00+00:00,2024-05-02 17:17:06+00:00,,,ACESSO A SISTEMAS > OFFICE 365 > EMAIL,Entidade raiz > PIRATINI > CENTRAL DE ATENDIMENTOS > CASA CIVIL,,pablo-guimaraes,gustavo-sehnem
4299,4395,Reset senha de rede // CC - Legislativo // Luis Carnelos,6,3,2,2024-04-29 10:48:03+00:00,2024-04-29 10:48:17+00:00,,,ACESSO A SISTEMAS > REDE > RESET DE SENHA,Entidade raiz > PIRATINI > CENTRAL DE ATENDIMENTOS > CASA CIVIL,,,luiz-carnelos
4300,4396,Atendimento ao usuário Suporte - FINANÇAS PATRIMÔNIO CASA MILITAR,6,3,2,2024-04-29 10:52:52+00:00,2024-04-29 15:03:54+00:00,,,ACESSO A SISTEMAS > SOE > PROA,Entidade raiz > PIRATINI > CENTRAL DE ATENDIMENTOS > CASA MILITAR,,miguelangelo,jonatas-souza
4301,4397,IMPRESSORA MENSAGEM DE ERRO - gabinete da casa civil (MP),6,3,1,2024-04-29 10:57:36+00:00,2024-04-29 11:42:07+00:00,,,DTIC > EQUIPAMENTOS > MANUTENÇÃO,Entidade raiz > PIRATINI > CENTRAL DE ATENDIMENTOS > CASA CIVIL,,"edson-silva, jonathan-moletta",abigail-correa
4302,4398,Atendimento ao usuário Suporte - GVG,6,3,2,2024-04-29 12:51:01+00:00,2024-06-21 16:10:30+00:00,,,AJUDA E SUPORTE > ATENDIMENTO AO USUÁRIO,Entidade raiz > PIRATINI > CENTRAL DE ATENDIMENTOS > GVG,,"edson-silva, leonardo-riela",marcielli-bierhals
4303,4399,Atendimento ao usuário Suporte - GVG,6,3,2,2024-04-29 12:56:19+00:00,2024-05-02 17:02:27+00:00,,,ACESSO A SISTEMAS > REDE > LIBERAÇÃO DE ACESSO > NOVO USUÁRIO,Entidade raiz > PIRATINI > CENTRAL DE ATENDIMENTOS > GVG,,"miguelangelo, anderson-oliveira",marcielli-bierhals
4304,4400,Acesso a Sistemas  - LAI - LIBERAR ACESSO,6,3,2,2024-04-29 15:04:04+00:00,2024-04-30 09:43:11+00:00,,,ACESSO A SISTEMAS > SOE,Entidade raiz > PIRATINI > CENTRAL DE ATENDIMENTOS > CASA CIVIL,,pablo-guimaraes,regina-costa
4305,4401,Atendimento ao usuário Suporte - GVG,6,3,2,2024-04-29 15:05:40+00:00,2024-06-21 16:10:13+00:00,,,AJUDA E SUPORTE > ATENDIMENTO AO USUÁRIO,Entidade raiz > PIRATINI > CENTRAL DE ATENDIMENTOS > GVG,,"leonardo-riela, jonathan-moletta",marcielli-bierhals
4306,4402,Vilmar Rama - Acesso Portal do CAFF - Via CPF,6,3,2,2024-04-29 16:50:11+00:00,2024-04-29 17:26:19+00:00,,,ACESSO A SISTEMAS > SOE,Entidade raiz > PIRATINI > CENTRAL DE ATENDIMENTOS > GG > Chefia de Gabinete do Governador,Palácio do Piratini > 4° Andar,"pablo-guimaraes, miguelangelo, edson-silva",edson-silva
4307,4403,Atendimento ao usuário Suporte - ADMINISTRATIVO,6,3,2,2024-04-29 17:16:25+00:00,2024-09-27 11:57:28+00:00,,,AJUDA E SUPORTE > ATENDIMENTO AO USUÁRIO,Entidade raiz > PIRATINI > CENTRAL DE ATENDIMENTOS > SECOM,,"edson-silva, thales-leite",andre-graminho
4308,4404,Atualizar Dados Pág. SharePoint // CC - Sub.Jurídica // Elisangela Dannus,6,3,2,2024-04-30 09:05:54+00:00,2024-04-30 09:06:08+00:00,,,ACESSO A SISTEMAS > OFFICE 365 > CRIAR EQUIPE SHAREPOINT,Entidade raiz > PIRATINI > CENTRAL DE ATENDIMENTOS > CASA CIVIL,,silvio-valim,elisangela-mattjie
4309,4405,IMPRESSORA MENSAGEM DE ERRO - Casa Militar - Subchefia de Proteção e Defesa Civil,6,3,1,2024-04-30 10:21:00+00:00,2024-04-30 13:42:25+00:00,,,DTIC > EQUIPAMENTOS > MANUTENÇÃO,Entidade raiz > PIRATINI > CENTRAL DE ATENDIMENTOS > CASA MILITAR,,"jorge-vicente, jonathan-moletta",karine-teixeira
4310,4406,Atendimento ao usuário Suporte - GVG,6,3,2,2024-04-30 12:28:01+00:00,2024-04-30 14:21:18+00:00,,,AJUDA E SUPORTE > ATENDIMENTO AO USUÁRIO,Entidade raiz > PIRATINI > CENTRAL DE ATENDIMENTOS > GVG,,jonathan-moletta,marcielli-bierhals
4311,4407,Atendimento ao usuário Suporte - GVG,6,3,2,2024-04-30 13:22:33+00:00,2024-04-30 14:04:06+00:00,,,AJUDA E SUPORTE > ATENDIMENTO AO USUÁRIO,Entidade raiz > PIRATINI > CENTRAL DE ATENDIMENTOS > GVG,,"thales-leite, jonathan-moletta",marcielli-bierhals
4312,4408,Atualizar Teams // CC - DINFO // Maiara Gorski Matos ,6,3,2,2024-04-30 14:41:40+00:00,2024-04-30 14:41:46+00:00,,,ACESSO A SISTEMAS > OFFICE 365,Entidade raiz > PIRATINI > CENTRAL DE ATENDIMENTOS > CASA CIVIL,,silvio-valim,maiara-matos
4313,4409,Atendimento ao usuário Suporte - GVG,6,3,2,2024-04-30 16:07:53+00:00,2024-06-21 16:09:51+00:00,,,AJUDA E SUPORTE > ATENDIMENTO AO USUÁRIO,Entidade raiz > PIRATINI > CENTRAL DE ATENDIMENTOS > GVG,,"edson-silva, jonathan-moletta",marcielli-bierhals
4314,4410,Atendimento ao usuário Suporte - Divisão de patrimônio,6,3,2,2024-04-30 17:15:09+00:00,2024-05-02 10:41:46+00:00,,,DTIC > EQUIPAMENTOS > MANUTENÇÃO,Entidade raiz > PIRATINI > CENTRAL DE ATENDIMENTOS > CASA MILITAR,,edson-silva,"paulo-vogt, fabiane-moraes"
4315,4411,INCIDENTE  - Rua Andrade Neves 106  DEFES- CIVIL,6,3,2,2024-04-30 20:19:23+00:00,2024-05-02 16:54:09+00:00,,,DTIC > EQUIPAMENTOS > CONFIGURAÇÃO,Entidade raiz > PIRATINI > CENTRAL DE ATENDIMENTOS > CASA MILITAR,,"jorge-vicente, jonathan-moletta",jose-bones
4316,4412,AJUDA E SUPORTE / ATENDIMENTO AO USUÁRIO - Solicitação de Siga-me URGENTE,6,3,1,2024-05-01 11:39:20+00:00,2024-05-01 11:44:22+00:00,,,AJUDA E SUPORTE > ATENDIMENTO AO USUÁRIO,Entidade raiz > PIRATINI > CENTRAL DE ATENDIMENTOS > CASA MILITAR,,thales-leite,roberta-martins
4317,4413,Defesa Civil -CEEE Ipiranga,6,3,2,2024-05-02 09:12:07+00:00,2024-05-03 13:56:33+00:00,,,DTIC > INFRAESTRUTURA,Entidade raiz > PIRATINI > CENTRAL DE ATENDIMENTOS > CASA MILITAR,,"jorge-vicente, anderson-oliveira, thales-leite",luis-rodrigues
4318,4414,Instalar equipamentos no local-Andradas 562,6,3,2,2024-05-02 09:30:35+00:00,2024-05-02 11:09:31+00:00,,,AJUDA E SUPORTE > INSTALAÇÃO DE EQUIPAMENTOS,Entidade raiz > PIRATINI > CENTRAL DE ATENDIMENTOS > CASA MILITAR,,jonathan-moletta,elisandra-decantam
4319,4415,OFFICE 365 // ASSESSORIA ESPECÍFICA  - Gabinete do Governador - Secretaria Executiva de Gestão do Palácio Piratini,6,3,2,2024-05-02 09:51:33+00:00,2024-05-02 13:18:58+00:00,,,ACESSO A SISTEMAS > OFFICE 365,Entidade raiz > PIRATINI > CENTRAL DE ATENDIMENTOS > GG,,silvio-valim,mateus-gomes
4320,4416,Acesso a Sistemas  - Geral - REMOVER ACESSO,6,3,2,2024-05-02 10:43:44+00:00,2024-05-02 10:58:51+00:00,,,DTIC > SISTEMAS > REMOÇÃO DE ACESSO SISTEMA,Entidade raiz > PIRATINI > CENTRAL DE ATENDIMENTOS > CASA MILITAR,,anderson-oliveira,paulo-pacheco
4321,4417,Acesso a Sistemas Rede Piratini,6,3,2,2024-05-02 10:51:51+00:00,2024-05-02 11:01:49+00:00,,,DTIC > SISTEMAS > REMOÇÃO DE ACESSO SISTEMA,Entidade raiz > PIRATINI > CENTRAL DE ATENDIMENTOS > CASA MILITAR,,anderson-oliveira,paulo-pacheco
4322,4418,Acesso a Sistemas Rede Piratini,6,3,2,2024-05-02 11:32:26+00:00,2024-05-02 16:48:17+00:00,,,ACESSO A SISTEMAS > REDE > LIBERAÇÃO DE ACESSO > NOVO USUÁRIO,Entidade raiz > PIRATINI > CENTRAL DE ATENDIMENTOS > CASA MILITAR,,anderson-oliveira,thiago-santos
4323,4419,Solicitação de Atendimento // CC - Divisão de Atos de Pessoal // Recuperação de Senha - Túnel TI,6,3,1,2024-05-02 11:40:51+00:00,2024-05-02 11:41:05+00:00,,,ACESSO A SISTEMAS > REDE > TÚNEL PROCERGS,Entidade raiz > PIRATINI > CENTRAL DE ATENDIMENTOS > CASA CIVIL,,jorge-vicente,francisco-barros
4324,4420,Aumentar Escopo DHCP // CM - Defesa Civil - Posto CEEE Equatorial Ipiranga // [RGV00002.PAE],6,3,1,2024-05-02 12:52:40+00:00,2024-05-03 13:56:33+00:00,,,ACESSO A SISTEMAS > REDE,Entidade raiz > PIRATINI > CENTRAL DE ATENDIMENTOS,,jorge-vicente,jorge-vicente
4325,4421,Criação de Usuário de Túnel // CC - DRH // noeli-lima,6,3,2,2024-05-02 12:00:00+00:00,2024-05-02 17:10:24+00:00,,,ACESSO A SISTEMAS > REDE > TÚNEL PROCERGS,Entidade raiz > PIRATINI > CENTRAL DE ATENDIMENTOS > CASA CIVIL > Secretaria-Executiva > Subchefia Administrativa > Departamento de Gestão de Atos e Pessoal > Divisão de Gestão de Pessoas,,pablo-guimaraes,noeli-lima
4326,4422,Criação de Acesso a Túnel // CC - DRH // cleusa-villani,6,3,2,2024-05-02 12:00:00+00:00,2024-05-02 17:13:57+00:00,,,ACESSO A SISTEMAS > REDE > TÚNEL PROCERGS,Entidade raiz > PIRATINI > CENTRAL DE ATENDIMENTOS > CASA CIVIL > Secretaria-Executiva > Subchefia Administrativa > Departamento de Gestão de Atos e Pessoal > Divisão de Gestão de Pessoas,,pablo-guimaraes,cleusa-villani
4327,4423,Atendimento ao usuário Suporte - ADMINISTRATIVO,6,3,2,2024-05-02 14:15:25+00:00,2024-05-06 11:33:05+00:00,,,ACESSO A SISTEMAS > SOE,Entidade raiz > PIRATINI > CENTRAL DE ATENDIMENTOS > SECOM,,pablo-guimaraes,andre-graminho
4328,4424,Ajustar dados Office // CC - Ouvidoria-Geral // Barbara Zucchetti,6,3,2,2024-05-02 14:17:49+00:00,2024-05-02 14:18:28+00:00,,,ACESSO A SISTEMAS > OFFICE 365 > EMAIL > ATUALIZAR DADOS,Entidade raiz > PIRATINI > CENTRAL DE ATENDIMENTOS > CASA CIVIL,,silvio-valim,barbara-zucchetti
4329,4425,Atendimento ao usuário Suporte - GABINETE,6,3,2,2024-05-02 14:32:18+00:00,2024-05-02 15:04:49+00:00,,,AJUDA E SUPORTE > ATENDIMENTO AO USUÁRIO,Entidade raiz > PIRATINI > CENTRAL DE ATENDIMENTOS > SECOM,,"edson-silva, jonathan-moletta",andre-graminho
4330,4426,Acesso a Sistemas Rede Piratini,6,3,2,2024-05-02 14:40:11+00:00,2024-05-02 16:12:49+00:00,,,ACESSO A SISTEMAS > TÚNEL PROCERGS,Entidade raiz > PIRATINI > CENTRAL DE ATENDIMENTOS > SECOM,,jorge-vicente,karen-strauss
4331,4427,Atendimento ao usuário Suporte - redação Secom,6,3,2,2024-05-02 16:10:16+00:00,2024-06-27 11:08:04+00:00,,,DTIC > EQUIPAMENTOS > CONFIGURAÇÃO,Entidade raiz > PIRATINI > CENTRAL DE ATENDIMENTOS > GG,,"anderson-oliveira, thales-leite, jonathan-moletta",bruno-rien
4332,4428,Revogar MFA // CC - PROTOCOLO // Maristela Kaminski,6,3,2,2024-05-02 16:39:23+00:00,2024-05-02 16:39:33+00:00,,,ACESSO A SISTEMAS > OFFICE 365,Entidade raiz > PIRATINI > CENTRAL DE ATENDIMENTOS > CASA CIVIL,,silvio-valim,maristela-kaminski
4333,4429,Remoção de Acessos -RH,6,3,2,2024-05-02 17:44:09+00:00,2024-05-06 07:55:52+00:00,,,DTIC > SISTEMAS > REMOÇÃO DE ACESSO SISTEMA,Entidade raiz > PIRATINI > CENTRAL DE ATENDIMENTOS > CASA CIVIL,,"pablo-guimaraes, anderson-oliveira",carlos-duarte
4334,4430,Troca de Toner // CC - Divisão de Manutenção // HP E78323,6,3,1,2024-05-03 01:16:34+00:00,2024-05-03 01:18:03+00:00,,,DTIC > EQUIPAMENTOS > INSTALAÇÃO > IMPRESSORA,Entidade raiz > PIRATINI > CENTRAL DE ATENDIMENTOS > CASA CIVIL,,jorge-vicente,melina-andrade
4335,4431,Atendimento ao usuário Suporte - ADMINISTRATIVO,6,3,2,2024-05-03 11:27:01+00:00,2024-05-03 16:11:05+00:00,,,ACESSO A SISTEMAS > TÚNEL PROCERGS,Entidade raiz > PIRATINI > CENTRAL DE ATENDIMENTOS > SECOM,,anderson-oliveira,andre-graminho
4336,4432,Atendimento ao usuário Suporte - ADMINISTRATIVO,6,3,2,2024-05-03 11:36:41+00:00,2024-05-03 16:10:58+00:00,,,ACESSO A SISTEMAS > TÚNEL PROCERGS,Entidade raiz > PIRATINI > CENTRAL DE ATENDIMENTOS > SECOM,,anderson-oliveira,andre-graminho
4337,4433,SECOM-Riachuelo,6,3,2,2024-05-06 08:04:45+00:00,2024-05-06 12:29:28+00:00,,,DTIC > INFRAESTRUTURA > MUDANÇA DE LOCAL,Entidade raiz > PIRATINI > CENTRAL DE ATENDIMENTOS > SECOM,,"jorge-vicente, anderson-oliveira, jonathan-moletta",andre-graminho
4338,4434,INCIDENTE  - CASA MILITAR - SUBCHEFIA DE OPERAÇÕES,6,3,2,2024-05-06 15:31:29+00:00,2024-05-28 12:51:58+00:00,,,DTIC > INFRAESTRUTURA > OUTROS,Entidade raiz > PIRATINI > CENTRAL DE ATENDIMENTOS > CASA MILITAR,,wagner-mengue,maicon-oliveira
4339,4444,Solicitação de Toner // GG - sala R2/R3 // E57540c,6,3,1,2024-05-27 23:34:12+00:00,2024-05-27 23:35:03+00:00,,,IMPRESSORA,Entidade raiz > PIRATINI > CENTRAL DE ATENDIMENTOS > GG,,thales-leite,luciana-conca
4340,4445,Solicitação de Toner // GG - Gabinete do Governador - AR // HP E78323,6,3,1,2024-05-27 23:36:26+00:00,2024-05-27 23:37:37+00:00,,,IMPRESSORA,Entidade raiz > PIRATINI > CENTRAL DE ATENDIMENTOS > GG,,jorge-vicente,luciana-conca
4341,4446,Caixa Compartilhada // CC - Escritório de Representação em Brasília // Rosilene Mendes dos Santos,6,3,1,2024-05-23 11:32:00+00:00,2024-06-03 15:53:40+00:00,,,ACESSO A SISTEMAS > OFFICE 365 > EMAIL > CAIXA COMPARTILHADA,Entidade raiz > PIRATINI > CENTRAL DE ATENDIMENTOS > CASA CIVIL,,jorge-vicente,escritorio-rs
4342,4447,Acesso a Sistemas  - PROA - DESBLOQUEAR USUÁRIO,6,3,2,2024-05-28 09:25:20+00:00,2024-05-29 07:53:10+00:00,,,ACESSO A SISTEMAS > SOE,Entidade raiz > PIRATINI > CENTRAL DE ATENDIMENTOS > SECOM,,anderson-oliveira,bruno-santos
4343,4448,Atendimento ao usuário Suporte - Departamento de Conservacao e Memoria ,6,3,2,2024-05-28 10:00:10+00:00,2024-05-28 10:51:38+00:00,,,AJUDA E SUPORTE > ATENDIMENTO AO USUÁRIO,Entidade raiz > PIRATINI > CENTRAL DE ATENDIMENTOS > GG,,,taizi-nunes
4344,4449,IMPRESSORA,6,3,2,2024-05-28 11:01:35+00:00,2024-05-28 11:33:27+00:00,,,IMPRESSORA,Entidade raiz > PIRATINI > CENTRAL DE ATENDIMENTOS > CASA MILITAR,,thales-leite,luisa-maestri
4345,4450,Atendimento ao usuário Suporte - CONSERVAÇÃO E MEMORIA,6,3,2,2024-05-28 11:07:15+00:00,2024-06-21 14:54:19+00:00,,,DTIC > EQUIPAMENTOS > RECOLHIMENTO,Entidade raiz > PIRATINI > CENTRAL DE ATENDIMENTOS > GG,,"anderson-oliveira, thales-leite",roberto-goncalves
4346,4451,Acesso a Sistemas  - Túnel PROCERGS - LIBERAR ACESSO,6,3,2,2024-05-28 11:57:38+00:00,2024-05-28 16:25:51+00:00,,,ACESSO A SISTEMAS > REDE > TÚNEL PROCERGS,Entidade raiz > PIRATINI > CENTRAL DE ATENDIMENTOS > SECOM,,anderson-oliveira,andre-graminho
4347,4452,Instalação de Softwares // CC - Divisão de Manutenção //  Adobe Acrobat PRO,6,3,1,2024-05-28 12:26:13+00:00,2024-05-31 15:15:30+00:00,,,AJUDA E SUPORTE > INSTALAÇÃO DE SOFTWARE,Entidade raiz > PIRATINI > CENTRAL DE ATENDIMENTOS > CASA CIVIL,,"thales-leite, leonardo-riela",melina-andrade
4348,4453,Infra - Rede CM-Transportes sem conectividade,6,3,1,2024-05-28 12:57:20+00:00,2024-06-03 11:45:53+00:00,,,DTIC > INFRAESTRUTURA > PROBLEMA DE REDE,Entidade raiz > PIRATINI > CENTRAL DE ATENDIMENTOS > CASA MILITAR,,"jorge-vicente, anderson-oliveira","marilei-teloken, debora-silva"
4349,4455,Reset de senha Rede,6,3,2,2024-05-28 09:00:00+00:00,2024-05-28 09:25:18+00:00,,,ACESSO A SISTEMAS > REDE > RESET DE SENHA,Entidade raiz > PIRATINI > CENTRAL DE ATENDIMENTOS > CASA CIVIL,,anderson-oliveira,maristela-kaminski
4350,4456,Reset de senha Rede,6,3,2,2024-05-28 16:00:00+00:00,2024-05-28 16:12:08+00:00,,,ACESSO A SISTEMAS > REDE > RESET DE SENHA,Entidade raiz > PIRATINI > CENTRAL DE ATENDIMENTOS > CASA CIVIL,,anderson-oliveira,daniela-cunha
4352,4458,Acesso a Sistemas\Acesso a Sistema\departamento de compras e contratos,6,3,2,2024-05-28 17:33:20+00:00,2024-05-29 07:48:41+00:00,,,ACESSO A SISTEMAS > REDE > RESET DE SENHA,Entidade raiz > PIRATINI > CENTRAL DE ATENDIMENTOS > CASA CIVIL,,anderson-oliveira,amanda-baraldo
4353,4459,Resetar MFA Outlook // Subchefia Parlamentar // Adriana Bielefeld,6,3,2,2024-05-29 09:02:51+00:00,2024-05-29 09:03:03+00:00,,,ACESSO A SISTEMAS > OFFICE 365,Entidade raiz > PIRATINI > CENTRAL DE ATENDIMENTOS > CASA CIVIL,,silvio-valim,adriana-bielefeld
4354,4460,Instalar Tunel // CC - DAP // Francisco Barro,6,3,2,2024-05-29 09:06:53+00:00,2024-05-29 09:06:59+00:00,,,ACESSO A SISTEMAS > REDE > TÚNEL PROCERGS,Entidade raiz > PIRATINI > CENTRAL DE ATENDIMENTOS > CASA CIVIL,,silvio-valim,francisco-barros
4355,4461,Acessar Office 365 // CC - DPO // Renato Costa,6,3,2,2024-05-29 09:20:22+00:00,2024-05-29 09:20:57+00:00,,,ACESSO A SISTEMAS > OFFICE 365,Entidade raiz > PIRATINI > CENTRAL DE ATENDIMENTOS > CASA CIVIL,,silvio-valim,renato-costa
4356,4462,"INCIDENTE  - Guaritas da Gda do Palacio Piratini (postos 01, 02 e 04)",6,3,2,2024-05-29 09:30:13+00:00,2024-05-29 09:42:48+00:00,,,DTIC > INFRAESTRUTURA > OUTROS,Entidade raiz > PIRATINI > CENTRAL DE ATENDIMENTOS > CASA MILITAR,,,paulo-pacheco
4357,4463,Ajuda e suporte \ Configurações túnel PROCERGS,6,3,2,2024-05-29 09:29:53+00:00,2024-05-29 09:55:35+00:00,,,DTIC > SISTEMAS > CONFIGURAÇÃO DE SOFTWARE,Entidade raiz > PIRATINI > CENTRAL DE ATENDIMENTOS > CASA CIVIL,,anderson-oliveira,suellen-rodrigues
4358,4464,Apoio para Acesso GDG // Legislativa // Josiane Elisandra Marmitt,6,3,2,2024-05-29 10:19:01+00:00,2024-05-29 10:19:19+00:00,,,ACESSO A SISTEMAS > REDE > LIBERAÇÃO DE ACESSO,Entidade raiz > PIRATINI > CENTRAL DE ATENDIMENTOS > CASA CIVIL,,silvio-valim,josiane-marmitt
4359,4465,Instalar Impressoras // CC - Saa // Daniela Laitano,6,3,2,2024-05-29 10:46:56+00:00,2024-05-29 10:47:14+00:00,,,DTIC > EQUIPAMENTOS > INSTALAÇÃO > IMPRESSORA,Entidade raiz > PIRATINI > CENTRAL DE ATENDIMENTOS > CASA CIVIL,,silvio-valim,daniela-laitano
4360,4466,Criar caixa compartilhada // CC - ATS // Alexandre Rovinski,6,3,2,2024-05-29 10:57:10+00:00,2024-05-29 10:57:18+00:00,,,ACESSO A SISTEMAS > OFFICE 365 > EMAIL > CAIXA COMPARTILHADA,Entidade raiz > PIRATINI > CENTRAL DE ATENDIMENTOS > SECOM,,silvio-valim,carolina-tavares
4361,4467,Caixa Compartilhada // CC - Gabinete // Pablo Palma,6,3,2,2024-05-29 11:03:09+00:00,2024-05-29 11:03:16+00:00,,,ACESSO A SISTEMAS > OFFICE 365 > EMAIL > CAIXA COMPARTILHADA,Entidade raiz > PIRATINI > CENTRAL DE ATENDIMENTOS > GG,,silvio-valim,pablo-palma
4362,4468,Revogar MFA // CC - RH // Carlos Duarte,6,3,2,2024-05-29 11:08:16+00:00,2024-05-29 11:08:44+00:00,,,ACESSO A SISTEMAS > OFFICE 365 > EMAIL,Entidade raiz > PIRATINI > CENTRAL DE ATENDIMENTOS > CASA CIVIL,,silvio-valim,carlos-duarte
4363,4469,Acesso a Sistemas  - FPE - LIBERAR ACESSO,6,3,2,2024-05-29 11:09:51+00:00,2024-06-01 09:28:04+00:00,,,ACESSO A SISTEMAS > SOE > FPE,Entidade raiz > PIRATINI > CENTRAL DE ATENDIMENTOS > CASA CIVIL,,pablo-guimaraes,gustavo-sehnem
4364,4470,Infraestrutura - Instalar Equipamento de rede,6,3,2,2024-05-29 11:17:48+00:00,2024-05-29 16:37:59+00:00,,,AJUDA E SUPORTE > MOVIMENTO DE EQUIPAMENTOS DE TI > EMPRESTIMO,Entidade raiz > PIRATINI > CENTRAL DE ATENDIMENTOS > CASA CIVIL,,"anderson-oliveira, thales-leite",alexandre-almoarqueg
4365,4471,Ajuda e Suporte / Atendimento ao Usuário - Configuração de Túnel,6,3,1,2024-05-29 11:26:53+00:00,2024-05-29 11:30:42+00:00,,,AJUDA E SUPORTE > ATENDIMENTO AO USUÁRIO,Entidade raiz > PIRATINI > CENTRAL DE ATENDIMENTOS > CASA CIVIL,,thales-leite,fabio-dias
4366,4472,Acesso caixa compartilhada // CM - Operações // Dalvane Albarello,6,3,2,2024-05-29 13:45:53+00:00,2024-05-29 13:46:02+00:00,,,ACESSO A SISTEMAS > OFFICE 365 > EMAIL > CAIXA COMPARTILHADA,Entidade raiz > PIRATINI > CENTRAL DE ATENDIMENTOS > CASA MILITAR,,silvio-valim,dalvane-albarello
4367,4473,Caixa Compartilhada e Permissão // CC - OGE // Carolina Duarte,6,3,2,2024-05-29 13:57:49+00:00,2024-05-29 13:57:57+00:00,,,ACESSO A SISTEMAS > OFFICE 365 > EMAIL > CAIXA COMPARTILHADA,Entidade raiz > PIRATINI > CENTRAL DE ATENDIMENTOS > CASA CIVIL,,silvio-valim,carolina-vendruscolo
4368,4474,Dar acesso à caixa compartilhada: dgap@casacivil.rs.gov.br para os ser,6,3,2,2024-05-29 14:02:07+00:00,2024-05-29 14:02:18+00:00,,,ACESSO A SISTEMAS > OFFICE 365 > EMAIL > CAIXA COMPARTILHADA,Entidade raiz > PIRATINI > CENTRAL DE ATENDIMENTOS > CASA CIVIL,,silvio-valim,daniela-cunha
4369,4475,Senha bloqueada RHE // CC - Sub Parlamentar // Adriana A Bielefeld,6,3,2,2024-05-29 14:42:51+00:00,2024-05-29 14:43:06+00:00,,,ACESSO A SISTEMAS > OFFICE 365 > EMAIL > ATUALIZAR DADOS,Entidade raiz > PIRATINI > CENTRAL DE ATENDIMENTOS > CASA CIVIL,,silvio-valim,adriana-bielefeld
4372,4478,Conta Caixa Compartilhada // CM - Defesa Civil // Alexandre Rovinski,6,3,2,2024-05-29 14:58:42+00:00,2024-05-29 14:58:50+00:00,,,ACESSO A SISTEMAS > OFFICE 365 > EMAIL,Entidade raiz > PIRATINI > CENTRAL DE ATENDIMENTOS,,silvio-valim,silvio-valim
4373,4479,Atendimento ao usuário Suporte - Departamento de Gestão Documental e de Bens Materiais e Patrimoniais,6,3,2,2024-05-29 15:34:31+00:00,2024-05-31 11:16:17+00:00,,,ACESSO A SISTEMAS > SOE > PROA > ADICIONAR A GRUPO,Entidade raiz > PIRATINI > CENTRAL DE ATENDIMENTOS > CASA CIVIL,R. Duque de Caxias 951 (Banrisul),miguelangelo,diego-mattiello
4374,4480,Reset de Senha // CC - DINFO // Cristiane Dias  ,6,3,2,2024-05-29 15:40:03+00:00,2024-05-29 15:40:09+00:00,,,ACESSO A SISTEMAS > REDE > RESET DE SENHA,Entidade raiz > PIRATINI > CENTRAL DE ATENDIMENTOS > CASA CIVIL,,silvio-valim,cristiane-dias
4375,4481,Acesso a Sistemas Rede Piratini,6,3,2,2024-05-31 09:45:19+00:00,2024-05-31 10:06:21+00:00,,,ACESSO A SISTEMAS > REDE > LIBERAÇÃO DE ACESSO > NOVO USUÁRIO,Entidade raiz > PIRATINI > CENTRAL DE ATENDIMENTOS > CASA MILITAR,,anderson-oliveira,debora-aparecida
4376,4482,Atendimento ao usuário Suporte - Banrisul,6,3,2,2024-05-31 09:51:13+00:00,2024-05-31 09:57:45+00:00,,,AJUDA E SUPORTE > INSTALAÇÃO DE SOFTWARE,Entidade raiz > PIRATINI > CENTRAL DE ATENDIMENTOS > CASA CIVIL > Secretaria-Executiva > Subchefia Administrativa > Departamento de Gestão de Atos e Pessoal > Divisão de Gestão de Pessoas,,anderson-oliveira,noeli-lima
4377,4483,Adicionar pasta Scan DRH,6,3,2,2024-05-31 10:35:35+00:00,2024-05-31 10:36:20+00:00,,,DTIC > EQUIPAMENTOS > CONFIGURAÇÃO,Entidade raiz > PIRATINI > CENTRAL DE ATENDIMENTOS > CASA CIVIL,,anderson-oliveira,regina-fraga
4378,4484,INCIDENTE  - COORDENAÇÃO DA ALA RESIDENCIAL,6,3,2,2024-05-31 11:45:47+00:00,2024-05-31 14:36:33+00:00,,,DTIC > INFRAESTRUTURA > OUTROS,Entidade raiz > PIRATINI > CENTRAL DE ATENDIMENTOS > CASA MILITAR,,"anderson-oliveira, thales-leite, leonardo-riela",junior-bittencourt
4379,4485,Ajuda e Suporte\ Configuração de Equipamento,6,3,2,2024-05-31 12:03:41+00:00,2024-05-31 14:35:19+00:00,,,AJUDA E SUPORTE > ATENDIMENTO AO USUÁRIO,Entidade raiz > PIRATINI > CENTRAL DE ATENDIMENTOS > CASA MILITAR,,"anderson-oliveira, thales-leite, leonardo-riela",maicon-oliveira
4380,4486,Atendimento ao usuário Suporte - Departamento de Conservacao e Memoria ,6,3,2,2024-05-31 15:23:28+00:00,2024-06-03 13:30:52+00:00,,,AJUDA E SUPORTE > INSTALAÇÃO DE SOFTWARE,Entidade raiz > PIRATINI > CENTRAL DE ATENDIMENTOS > GG,,"pablo-guimaraes, thales-leite, leonardo-riela",taizi-nunes
4381,4487,Acesso a Sistemas  - Túnel PROCERGS - LIBERAR ACESSO,6,3,2,2024-05-31 17:08:51+00:00,2024-06-01 09:19:51+00:00,,,,Entidade raiz > PIRATINI > CENTRAL DE ATENDIMENTOS > CASA MILITAR,,pablo-guimaraes,roberta-martins
4382,4488,Edição de Site SharePoint // CC - DGAP // marcia-abreu,6,3,2,2024-06-01 12:00:00+00:00,2024-06-01 12:00:00+00:00,,,ACESSO A SISTEMAS > OFFICE 365,Entidade raiz > PIRATINI > CENTRAL DE ATENDIMENTOS > CASA CIVIL > Secretaria-Executiva > Subchefia Administrativa > Departamento de Gestão de Atos e Pessoal,,pablo-guimaraes,marcia-abreu
4384,4490,Reset de Senha // CC - Subchefia Jurídica // Elisângela Mattjie,6,3,1,2024-05-27 09:17:00+00:00,2024-06-03 10:37:20+00:00,,,ACESSO A SISTEMAS > REDE > RESET DE SENHA,Entidade raiz > PIRATINI > CENTRAL DE ATENDIMENTOS > CASA CIVIL,,jorge-vicente,elisangela-mattjie
4385,4491,Reset de Senha // CC - Subchefia Jurídica // Ângela Rizzi de Menezes,6,3,1,2024-05-27 14:32:00+00:00,2024-06-03 10:38:51+00:00,,,ACESSO A SISTEMAS > REDE > RESET DE SENHA,Entidade raiz > PIRATINI > CENTRAL DE ATENDIMENTOS > CASA CIVIL,,jorge-vicente,angela-menezes
4386,4492,Acesso a Sistemas  - RHE - OUTRO,6,3,2,2024-06-03 10:38:51+00:00,2024-06-03 14:25:48+00:00,,,DTIC > SISTEMAS > CONFIGURAÇÃO DE SOFTWARE,Entidade raiz > PIRATINI > CENTRAL DE ATENDIMENTOS > CASA CIVIL,,anderson-oliveira,almeris-junior
4387,4493,Reset de Senha // CC - Subchefia Legislativa // Fernando Tonetto ,6,3,1,2024-05-27 07:43:00+00:00,2024-06-03 10:40:39+00:00,,,ACESSO A SISTEMAS > REDE > RESET DE SENHA,Entidade raiz > PIRATINI > CENTRAL DE ATENDIMENTOS > CASA CIVIL,,jorge-vicente,fernando-tonetto
4388,4494,Acesso a Sistemas Rede Piratini,6,3,2,2024-06-03 10:42:59+00:00,2024-06-06 10:20:06+00:00,,,ACESSO A SISTEMAS > REDE > LIBERAÇÃO DE ACESSO > NOVO USUÁRIO,Entidade raiz > PIRATINI > CENTRAL DE ATENDIMENTOS > SECOM,,"miguelangelo, anderson-oliveira",andre-graminho
4389,4495,Ajuda e Suporte\ Instalação de software,6,3,2,2024-06-03 11:25:13+00:00,2024-06-03 11:28:28+00:00,,,AJUDA E SUPORTE > INSTALAÇÃO DE SOFTWARE,Entidade raiz > PIRATINI > CENTRAL DE ATENDIMENTOS > GG,,anderson-oliveira,alvaro-aguiar
4390,4496,Requisição de Equipamento // CC-SA //951,6,3,2,2024-06-03 11:32:46+00:00,2024-09-06 10:12:05+00:00,,,AJUDA E SUPORTE > MOVIMENTO DE EQUIPAMENTOS DE TI > REQUISIÇÃO,Entidade raiz > PIRATINI,,"anderson-oliveira, thales-leite, leonardo-riela","jorge-sari, alexandre-almoarqueg"
4391,4497,Atendimento ao usuário Suporte - 951,6,3,2,2024-06-03 11:43:35+00:00,2024-06-03 12:22:40+00:00,,,ACESSO A SISTEMAS > REDE > RESET DE SENHA,Entidade raiz > PIRATINI > CENTRAL DE ATENDIMENTOS > CASA CIVIL,,anderson-oliveira,clarissa-avila
4392,4498,Atendimento ao usuário Suporte - jornalismo,6,3,2,2024-06-03 11:46:40+00:00,2024-06-03 15:48:54+00:00,,,AJUDA E SUPORTE > ATENDIMENTO AO USUÁRIO,Entidade raiz > PIRATINI > CENTRAL DE ATENDIMENTOS > SECOM,,"anderson-oliveira, thales-leite",andre-graminho
4393,4499,Atendimento ao usuário Suporte - Conservação e Memória,6,3,2,2024-06-03 12:04:22+00:00,2024-06-03 12:17:42+00:00,,,ACESSO A SISTEMAS > REDE > RESET DE SENHA,Entidade raiz > PIRATINI > CENTRAL DE ATENDIMENTOS > GG,,anderson-oliveira,bruno-rien
4394,4500,INCIDENTE  - Divisão de Transportes ,6,3,2,2024-06-03 13:38:49+00:00,2024-06-03 15:39:00+00:00,,,DTIC > INFRAESTRUTURA > OUTROS,Entidade raiz > PIRATINI > CENTRAL DE ATENDIMENTOS > CASA MILITAR,,"jorge-vicente, anderson-oliveira",marilei-teloken
4395,4501,Acesso a Sistemas Rede Piratini,6,3,2,2024-06-03 15:37:28+00:00,2024-06-11 11:16:09+00:00,,,ACESSO A SISTEMAS > REDE > LIBERAÇÃO DE ACESSO > NOVO USUÁRIO,Entidade raiz > PIRATINI > CENTRAL DE ATENDIMENTOS > SECOM,,"pablo-guimaraes, anderson-oliveira",andre-graminho
4396,4502,Ajuda Suporte //Software Adobe,6,3,2,2024-06-03 17:17:01+00:00,2024-06-05 15:22:54+00:00,,,DTIC > SISTEMAS > CONFIGURAÇÃO DE SOFTWARE,Entidade raiz > PIRATINI > CENTRAL DE ATENDIMENTOS > CASA CIVIL,R. Duque de Caxias 951 (Banrisul),anderson-oliveira,cristiane-dias
4397,4503,Ajuda e Suporte\ Configuração de Equipamento,6,3,1,2024-06-03 18:07:53+00:00,2024-06-13 14:24:56+00:00,,,DTIC > EQUIPAMENTOS > MANUTENÇÃO,Entidade raiz > PIRATINI > CENTRAL DE ATENDIMENTOS > GG,,"anderson-oliveira, thales-leite, leonardo-riela",luciana-conca
4398,4504,Sem acesso à Internet // Subchefia Parlamentar // Roque Cunha,6,3,2,2024-06-04 09:43:20+00:00,2024-06-04 09:54:02+00:00,,,AJUDA E SUPORTE > ATENDIMENTO AO USUÁRIO,Entidade raiz > PIRATINI > CENTRAL DE ATENDIMENTOS > CASA CIVIL,,silvio-valim,roque-cunha
4399,4505,Criar e-mail com compartilhamentos // GVG - Gabinete // Daniela Machado,6,3,2,2024-06-04 09:48:44+00:00,2024-06-04 09:49:35+00:00,,,ACESSO A SISTEMAS > OFFICE 365 > EMAIL > CAIXA COMPARTILHADA,Entidade raiz > PIRATINI > CENTRAL DE ATENDIMENTOS > GVG,,silvio-valim,daniela-machado
4400,4506,Ajuda e Suporte / Atendimento ao Usuário - Ajuda com Túnel,6,3,1,2024-06-04 10:05:38+00:00,2024-06-04 10:18:48+00:00,,,AJUDA E SUPORTE > ATENDIMENTO AO USUÁRIO,Entidade raiz > PIRATINI > CENTRAL DE ATENDIMENTOS > CASA CIVIL,,thales-leite,rejane-farias
4401,4507,IMPRESSORA,6,3,2,2024-06-04 10:38:58+00:00,2024-06-04 10:46:21+00:00,,,DTIC > EQUIPAMENTOS > CONFIGURAÇÃO,Entidade raiz > PIRATINI > CENTRAL DE ATENDIMENTOS > CASA CIVIL,R. Duque de Caxias 951 (Banrisul),anderson-oliveira,daniel-assis
4402,4508,Acesso a Sistemas  - SOE Web - OUTRO,6,3,2,2024-06-04 11:12:36+00:00,2024-06-04 12:42:14+00:00,,,DTIC > SISTEMAS > ALTERAÇÃO DE ACESSO,Entidade raiz > PIRATINI > CENTRAL DE ATENDIMENTOS > CASA MILITAR,,pablo-guimaraes,paulo-vogt
4403,4509,EQUIPAMENTOS IMPRESSORA ATOLAMENTO - ADMINISTRATIVO,6,3,2,2024-06-04 11:15:01+00:00,2024-06-05 14:30:41+00:00,,,IMPRESSORA > ATOLAMENTO,Entidade raiz > PIRATINI > CENTRAL DE ATENDIMENTOS > SECOM,,"jorge-vicente, thales-leite",andre-graminho
4404,4510,Acesso a Sistemas  - SOE Web - OUTRO,6,3,2,2024-06-04 11:22:55+00:00,2024-06-05 11:14:36+00:00,,,,Entidade raiz > PIRATINI > CENTRAL DE ATENDIMENTOS > CASA MILITAR,,pablo-guimaraes,paulo-vogt
4405,4511,Outlook //CAIXA COMPARTILHADA - ADMINISTRATIVO,6,3,2,2024-06-04 11:28:27+00:00,2024-06-04 15:55:41+00:00,,,ACESSO A SISTEMAS > OFFICE 365 > EMAIL > CAIXA COMPARTILHADA,Entidade raiz > PIRATINI > CENTRAL DE ATENDIMENTOS > SECOM,,jorge-vicente,andre-graminho
4406,4512,Acesso a Sistemas  - Túnel PROCERGS - OUTRO,6,3,2,2024-06-04 11:29:52+00:00,2024-06-04 12:17:55+00:00,,,ACESSO A SISTEMAS > REDE > TÚNEL PROCERGS,Entidade raiz > PIRATINI > CENTRAL DE ATENDIMENTOS > SECOM,,jorge-vicente,andre-graminho
4407,4513,OFFICE 365 // ASSESSORIA ESPECÍFICA  - Secretaria Executiva de Gestão do Complexo Palácio Piratini,6,3,2,2024-06-04 15:24:12+00:00,2025-10-19 01:20:54+00:00,,,ACESSO A SISTEMAS > OFFICE 365,Entidade raiz > PIRATINI > CENTRAL DE ATENDIMENTOS > GG,Palacio Piratini - Ala Residencial,"silvio-valim, pablo-guimaraes, anderson-oliveira",mateus-gomes
4408,4514,OFFICE 365 // ASSESSORIA ESPECÍFICA  - Secretaria Executiva de Gestão do Complexo Palácio Piratini,6,3,2,2024-06-04 15:28:42+00:00,2025-10-19 01:20:18+00:00,,,ACESSO A SISTEMAS > OFFICE 365,Entidade raiz > PIRATINI > CENTRAL DE ATENDIMENTOS > GG,,"silvio-valim, anderson-oliveira",mateus-gomes
4410,4516,Acesso a Sistemas  - RHE - LIBERAR ACESSO,6,3,2,2024-06-04 16:32:10+00:00,2024-06-05 14:20:50+00:00,,,AJUDA E SUPORTE > INSTALAÇÃO DE SOFTWARE,Entidade raiz > PIRATINI > CENTRAL DE ATENDIMENTOS > CASA CIVIL,R. Duque de Caxias 951 (Banrisul),anderson-oliveira,rita-muller
4411,4517,IMPRESSORA,6,3,2,2024-06-04 16:35:45+00:00,2024-06-04 22:50:15+00:00,,,IMPRESSORA,Entidade raiz > PIRATINI > CENTRAL DE ATENDIMENTOS > CASA MILITAR,Riachuelo 1285,jorge-vicente,marilei-teloken
4412,4518,IMPRESSORA,6,3,2,2024-06-04 16:53:23+00:00,2024-06-05 08:54:48+00:00,,,DTIC > EQUIPAMENTOS > MANUTENÇÃO,Entidade raiz > PIRATINI > CENTRAL DE ATENDIMENTOS > CASA CIVIL,R. Duque de Caxias 951 (Banrisul),"jorge-vicente, anderson-oliveira",paulo-souza
4413,4519,Atendimento ao usuário Suporte - Departamento de Conservacao e Memoria ,6,3,2,2024-06-05 08:37:22+00:00,2024-06-05 08:59:16+00:00,,,AJUDA E SUPORTE > ATENDIMENTO AO USUÁRIO,Entidade raiz > PIRATINI > CENTRAL DE ATENDIMENTOS > GG,,,taizi-nunes
4414,4520,Senha expirada // Secom - Jornalismo // Mauren ,6,3,1,2024-06-05 09:41:41+00:00,2024-06-05 09:42:03+00:00,,,ACESSO A SISTEMAS > REDE > WIFI,Entidade raiz > PIRATINI > CENTRAL DE ATENDIMENTOS > SECOM,,,mauren-carvalho
4415,4521,Desinstalação Antena Starlink // SECOM - Jornalismo // Lucas Sergio,6,3,2,2024-06-05 09:43:15+00:00,2024-06-05 09:43:33+00:00,,,DTIC > INFRAESTRUTURA,Entidade raiz > PIRATINI > CENTRAL DE ATENDIMENTOS,,,alexandre-almoarqueg
4416,4522,Acesso a Sistemas Rede Piratini,6,3,2,2024-06-05 09:44:16+00:00,2024-06-05 13:48:47+00:00,,,ACESSO A SISTEMAS > REDE > LIBERAÇÃO DE ACESSO > NOVO USUÁRIO,Entidade raiz > PIRATINI > CENTRAL DE ATENDIMENTOS > CASA MILITAR,,"miguelangelo, anderson-oliveira, thales-leite",thales-leite
4417,4523,Desinstalação Antena Starlink // GG - Gabinete // Lucas Sergio,6,3,2,2024-06-05 09:44:48+00:00,2024-06-05 09:45:06+00:00,,,DTIC > INFRAESTRUTURA,Entidade raiz > PIRATINI > CENTRAL DE ATENDIMENTOS,,,alexandre-almoarqueg
4418,4524,PROA LIBERAR ACESSO A GRUPO,6,3,2,2024-06-05 09:48:29+00:00,2024-06-05 10:39:32+00:00,,,ACESSO A SISTEMAS > SOE > PROA > ADICIONAR A GRUPO,Entidade raiz > PIRATINI > CENTRAL DE ATENDIMENTOS > CASA MILITAR,,miguelangelo,thales-leite
4419,4525,Remoção de Acessos -SECOM,6,3,2,2024-06-05 11:12:55+00:00,2024-06-05 13:45:40+00:00,,,DTIC > SISTEMAS > REMOÇÃO DE ACESSO SISTEMA,Entidade raiz > PIRATINI > CENTRAL DE ATENDIMENTOS > SECOM,,"miguelangelo, anderson-oliveira",andre-graminho
4420,4526,Desinstalação Antena Starlink // Salão Alberto Pasqualini // Lucas Sergio,6,3,2,2024-06-05 13:40:17+00:00,2024-06-05 13:40:32+00:00,,,DTIC > INFRAESTRUTURA,Entidade raiz > PIRATINI > CENTRAL DE ATENDIMENTOS,,,alexandre-almoarqueg
4421,4527,IMPRESSORA MENSAGEM DE ERRO - gabinete da casa civil (MP),6,3,1,2024-06-05 14:31:49+00:00,2024-06-05 15:22:01+00:00,,,DTIC > EQUIPAMENTOS > MANUTENÇÃO,Entidade raiz > PIRATINI > CENTRAL DE ATENDIMENTOS > CASA CIVIL,Memorial do Ministério Público > Gabinete Casa Civil,anderson-oliveira,abigail-correa
4422,4528,Equipamentos Recolhidos,6,3,2,2024-06-05 14:44:33+00:00,2024-07-09 15:24:22+00:00,,,AJUDA E SUPORTE > MOVIMENTO DE EQUIPAMENTOS DE TI,Entidade raiz > PIRATINI,,,thales-leite
4423,4529,PROA LIBERAR ACESSO A GRUPO,6,3,2,2024-06-05 17:50:09+00:00,2024-06-07 10:00:57+00:00,,,ACESSO A SISTEMAS > SOE > PROA > ADICIONAR A GRUPO,Entidade raiz > PIRATINI > CENTRAL DE ATENDIMENTOS > CASA MILITAR,,miguelangelo,debora-aparecida
4424,4530,Reunião Procergs // GG - Conservação e Memória // Mateus Gomes,6,3,2,2024-06-06 08:55:33+00:00,2024-06-06 08:55:58+00:00,,,ACESSO A SISTEMAS > OFFICE 365,Entidade raiz > PIRATINI > CENTRAL DE ATENDIMENTOS > GG,,silvio-valim,mateus-gomes
4425,4531,Mensagem de erro ao imprimir // CC - Subchefia Administrativa // Camila Todesco,6,3,2,2024-06-06 09:01:36+00:00,2024-06-06 09:02:07+00:00,,,DTIC > EQUIPAMENTOS > INSTALAÇÃO > IMPRESSORA,Entidade raiz > PIRATINI > CENTRAL DE ATENDIMENTOS > CASA CIVIL,,silvio-valim,camila-moraes
4426,4532,Acesso a Sistemas  - FPE - LIBERAR ACESSO,6,3,2,2024-06-06 09:24:41+00:00,2024-06-13 08:44:06+00:00,,,ACESSO A SISTEMAS > SOE > FPE,Entidade raiz > PIRATINI > CENTRAL DE ATENDIMENTOS > CASA CIVIL,,pablo-guimaraes,yasmine-freitas
4427,4533,Problema de conectividade Wi-Fi // Salão Pasqualini // Lucas Sergio,6,3,1,2024-06-06 10:23:48+00:00,2024-06-06 10:24:04+00:00,,,DTIC > INFRAESTRUTURA > WI-FI,Entidade raiz > PIRATINI > CENTRAL DE ATENDIMENTOS,,,
4428,4534,Ativação de Wi-Fi // GG - Gabinete // Eduardo Leite,6,3,2,2024-06-06 10:25:03+00:00,2024-06-06 10:25:27+00:00,,,DTIC > INFRAESTRUTURA > WI-FI,Entidade raiz > PIRATINI > CENTRAL DE ATENDIMENTOS,,,
4429,4535,Ajuda e Suporte\ Tunel,6,3,2,2024-06-06 10:32:34+00:00,2024-06-06 11:57:08+00:00,,,AJUDA E SUPORTE > ATENDIMENTO AO USUÁRIO,Entidade raiz > PIRATINI > CENTRAL DE ATENDIMENTOS > CASA CIVIL > Secretaria-Executiva > Subchefia Administrativa > Departamento de Gestão de Atos e Pessoal > Divisão de Gestão de Pessoas,,anderson-oliveira,cleusa-villani
4430,4536,Conectar Celular Rede Wifi // CC - Protocolo // Marília Castro,6,3,2,2024-06-06 10:35:22+00:00,2024-06-06 10:35:34+00:00,,,ACESSO A SISTEMAS > REDE > WIFI,Entidade raiz > PIRATINI > CENTRAL DE ATENDIMENTOS > CASA CIVIL,,silvio-valim,marilia-castro
4431,4537,Ajuda e Suporte / Atendimento ao Usuário - Siga-me Defesa Civil,6,3,2,2024-06-06 10:30:27+00:00,2024-06-10 13:26:32+00:00,,,DTIC > INFRAESTRUTURA > OUTROS,Entidade raiz > PIRATINI > CENTRAL DE ATENDIMENTOS > CASA MILITAR,,thales-leite,vanderlan-carvalho
4432,4538,Acesso a Sistemas Rede Piratini,6,3,2,2024-06-06 11:22:18+00:00,2024-06-06 16:49:55+00:00,,,ACESSO A SISTEMAS > REDE > LIBERAÇÃO DE ACESSO,Entidade raiz > PIRATINI > CENTRAL DE ATENDIMENTOS > CASA CIVIL,R. Duque de Caxias 951 (Banrisul),"miguelangelo, anderson-oliveira",adriana-bielefeld
4433,4539,Instalar telefone Voip // CC - Subchefia Administrativa SA 951 // Iris Neto,6,3,2,2024-06-06 11:51:43+00:00,2024-06-07 08:32:22+00:00,,,AJUDA E SUPORTE > INSTALAÇÃO DE EQUIPAMENTOS,Entidade raiz > PIRATINI > CENTRAL DE ATENDIMENTOS > CASA CIVIL,,thales-leite,iris-neto
4434,4540,Acessar Office 365 // CC - Subchefia Parlamentar // Michael Moraes,6,3,2,2024-06-06 11:56:54+00:00,2024-06-06 11:57:02+00:00,,,ACESSO A SISTEMAS > OFFICE 365,Entidade raiz > PIRATINI > CENTRAL DE ATENDIMENTOS > CASA CIVIL,,silvio-valim,michael-moraes
4435,4541,OFFICE 365 // NOVA CONTA DE EMAIL - Subchefia Parlamentar - Casa Civil,6,3,2,2024-06-06 11:59:16+00:00,2024-06-06 16:49:55+00:00,,,ACESSO A SISTEMAS > OFFICE 365 > EMAIL > NOVO USUÁRIO,Entidade raiz > PIRATINI > CENTRAL DE ATENDIMENTOS > CASA CIVIL,R. Duque de Caxias 951 (Banrisul),anderson-oliveira,adriana-bielefeld
4436,4542,Impressora com Problema // SECOM - Riachuelo // HP E78330z,6,3,1,2024-06-06 13:01:38+00:00,2024-07-03 13:02:59+00:00,,,IMPRESSORA,Entidade raiz > PIRATINI > CENTRAL DE ATENDIMENTOS > SECOM,,jorge-vicente,karen-strauss
4437,4543,Fornecer Mouse // CC - Subchefia Administrativa // Isis Silveira D Neto,6,3,2,2024-06-06 13:27:51+00:00,2024-06-06 13:28:00+00:00,,,AJUDA E SUPORTE > INSTALAÇÃO DE EQUIPAMENTOS,Entidade raiz > PIRATINI > CENTRAL DE ATENDIMENTOS > CASA CIVIL,,silvio-valim,iris-neto
4438,4544,Desinstalação Antena Starlink // GG - Gabinete // Lucas Sergio,6,3,2,2024-06-06 14:51:40+00:00,2024-06-06 14:52:01+00:00,,,DTIC > INFRAESTRUTURA > WI-FI,Entidade raiz > PIRATINI > CENTRAL DE ATENDIMENTOS,,,
4439,4545,Acesso a sistemas - Tunel PROCERGS,6,3,2,2024-06-07 09:39:13+00:00,2024-06-07 10:35:12+00:00,,,ACESSO A SISTEMAS > TÚNEL PROCERGS,Entidade raiz > PIRATINI > CENTRAL DE ATENDIMENTOS > CASA CIVIL,R. Duque de Caxias 951 (Banrisul),anderson-oliveira,dickson-santos
4440,4546,Atendimento ao usuário Suporte - CASA MILITAR - OPERAÇÕES,6,3,2,2024-06-07 09:42:47+00:00,2024-06-07 15:32:01+00:00,,,AJUDA E SUPORTE > ATENDIMENTO AO USUÁRIO,Entidade raiz > PIRATINI > CENTRAL DE ATENDIMENTOS > CASA MILITAR,Palácio do Piratini,thales-leite,maicon-oliveira
4441,4547,Caixa Compartilhada // CC - Escritório de Representação em Brasília // Rosilene Mendes dos Santos,6,3,1,2024-06-07 10:13:12+00:00,2024-06-07 10:32:14+00:00,,,ACESSO A SISTEMAS > OFFICE 365 > EMAIL > CAIXA COMPARTILHADA,Entidade raiz > PIRATINI > CENTRAL DE ATENDIMENTOS > CASA CIVIL,,jorge-vicente,escritorio-rs
4442,4548,Atendimento ao usuário Suporte - Subseção de Operações Casa Militar,6,3,2,2024-06-07 10:43:15+00:00,2024-06-07 15:32:40+00:00,,,AJUDA E SUPORTE > ATENDIMENTO AO USUÁRIO,Entidade raiz > PIRATINI > CENTRAL DE ATENDIMENTOS > CASA MILITAR,Palácio do Piratini,thales-leite,debora-aparecida
4443,4549,Reset de senha Rede,6,3,2,2024-06-07 11:48:23+00:00,2024-06-07 11:50:40+00:00,,,ACESSO A SISTEMAS > REDE > RESET DE SENHA,Entidade raiz > PIRATINI > CENTRAL DE ATENDIMENTOS > CASA MILITAR,Riachuelo 1285,anderson-oliveira,marilei-teloken
4444,4550,Atendimento ao usuário Suporte - Divisão de Transportes,6,3,2,2024-06-07 12:46:44+00:00,2024-06-07 15:48:53+00:00,,,AJUDA E SUPORTE > ATENDIMENTO AO USUÁRIO,Entidade raiz > PIRATINI > CENTRAL DE ATENDIMENTOS > CASA MILITAR,Riachuelo 1285,,marilei-teloken
4445,4551,Suporte ao usuário // GG - Gabinete // Ester Rodrigues,6,3,1,2024-06-07 14:05:53+00:00,2024-06-07 14:06:34+00:00,,,DTIC > INFRAESTRUTURA > WI-FI,Entidade raiz > PIRATINI > CENTRAL DE ATENDIMENTOS > GG,,,ester-rodrigues
4446,4552,Reset de Senha // CC - Subchefia Jurídica // Leonardo Garcia Forte,6,3,1,2024-06-07 09:59:00+00:00,2024-06-07 14:07:17+00:00,,,ACESSO A SISTEMAS > REDE > RESET DE SENHA,Entidade raiz > PIRATINI > CENTRAL DE ATENDIMENTOS > CASA CIVIL,,jorge-vicente,leonardo-forte
4447,4553,Remoção de Acessos -RH,6,3,2,2024-06-10 08:50:53+00:00,2024-06-10 10:56:59+00:00,,,DTIC > SISTEMAS > REMOÇÃO DE ACESSO SISTEMA,Entidade raiz > PIRATINI > CENTRAL DE ATENDIMENTOS > CASA CIVIL,,"silvio-valim, pablo-guimaraes, anderson-oliveira",carlos-duarte
4448,4554,Resetar Senha // CC - Protocolo // Maristela Kaminski,6,3,2,2024-06-10 09:04:39+00:00,2024-06-10 09:04:55+00:00,,,ACESSO A SISTEMAS > REDE > RESET DE SENHA,Entidade raiz > PIRATINI > CENTRAL DE ATENDIMENTOS > CASA CIVIL,,silvio-valim,maristela-kaminski
4449,4555,Instalação Access Point  // CM - Gabinete // Lucas Sergio,6,3,2,2024-06-10 09:32:00+00:00,2024-06-10 09:32:32+00:00,,,ACESSO A SISTEMAS > REDE > WIFI,Entidade raiz > PIRATINI > CENTRAL DE ATENDIMENTOS > CASA MILITAR,,,luciano-boeira
4450,4556,Desinstalação Antena Starlink // CM - Gabinete // Lucas Sergio,6,3,2,2024-06-10 09:33:45+00:00,2024-06-10 09:34:03+00:00,,,ACESSO A SISTEMAS > REDE > WIFI,Entidade raiz > PIRATINI > CENTRAL DE ATENDIMENTOS,,,alexandre-almoarqueg
4451,4557,Reset senha de rede // SECOM - Redação // Mauren Carvalho,6,3,2,2024-06-10 09:42:12+00:00,2024-06-10 09:42:20+00:00,,,ACESSO A SISTEMAS > REDE > RESET DE SENHA,Entidade raiz > PIRATINI > CENTRAL DE ATENDIMENTOS > SECOM,,,mauren-carvalho
4452,4558,Atendimento ao usuário Suporte - Duque 951 (sala dos Diretores SAA),6,3,2,2024-06-10 09:42:44+00:00,2024-06-10 16:19:39+00:00,,,AJUDA E SUPORTE > ATENDIMENTO AO USUÁRIO,Entidade raiz > PIRATINI > CENTRAL DE ATENDIMENTOS > CASA CIVIL,,"anderson-oliveira, thales-leite, leonardo-riela",jorge-sari
4455,4561,Acesso a Sistemas  - FPE - OUTRO,6,3,2,2024-06-10 10:36:08+00:00,2024-06-13 14:14:34+00:00,,,AJUDA E SUPORTE > ATENDIMENTO AO USUÁRIO,Entidade raiz > PIRATINI > CENTRAL DE ATENDIMENTOS > CASA CIVIL,,pablo-guimaraes,vera-machado
4456,4562,Acesso a Sistemas  - GDG - OUTRO,6,3,2,2024-06-10 10:43:33+00:00,2024-06-10 11:43:51+00:00,,,ACESSO A SISTEMAS > SOE,Entidade raiz > PIRATINI > CENTRAL DE ATENDIMENTOS > GG,Palácio do Piratini,pablo-guimaraes,jovana-fonseca
4457,4563,Reset senha de rede // SECOM - Jornalismo // Jorge Diene,6,3,2,2024-06-10 10:52:07+00:00,2024-06-10 10:53:24+00:00,,,ACESSO A SISTEMAS > REDE > RESET DE SENHA,Entidade raiz > PIRATINI > CENTRAL DE ATENDIMENTOS > SECOM,,,jorge-diene
4458,4564,IMPRESSORA,6,3,2,2024-06-10 11:18:31+00:00,2024-06-10 14:07:08+00:00,,,IMPRESSORA,Entidade raiz > PIRATINI > CENTRAL DE ATENDIMENTOS > CASA CIVIL,,anderson-oliveira,paulo-souza
4459,4565,Papel trancado na Impressora // CC - Subchefia Parlamentar // Vanessa Giombelli,6,3,2,2024-06-10 13:27:58+00:00,2024-06-10 13:28:26+00:00,,,DTIC > EQUIPAMENTOS > INSTALAÇÃO > IMPRESSORA,Entidade raiz > PIRATINI > CENTRAL DE ATENDIMENTOS > CASA CIVIL,,silvio-valim,vanessa-morais
4460,4566,Atribuir Licença E3 // CC - DTIC // Alice Dutra,6,3,2,2024-06-10 13:43:16+00:00,2024-06-10 13:43:22+00:00,,,,Entidade raiz > PIRATINI > CENTRAL DE ATENDIMENTOS > CASA CIVIL,,silvio-valim,
4461,4567,Instalar telefone Voip // CC - Subchefia Administrativa SA 951 // Iris Neto,6,3,1,2024-06-10 14:37:59+00:00,2024-06-10 16:03:11+00:00,,,,Entidade raiz > PIRATINI > CENTRAL DE ATENDIMENTOS > CASA CIVIL,,thales-leite,iris-neto
4462,4568,Acesso a Sistemas  - GCE - LIBERAR ACESSO,6,3,2,2024-06-10 15:07:22+00:00,2024-06-14 16:23:05+00:00,,,ACESSO A SISTEMAS > SOE,Entidade raiz > PIRATINI > CENTRAL DE ATENDIMENTOS > GG,,pablo-guimaraes,alvaro-aguiar
4463,4569,Alterar Licenças E3 // CC - DTIC // Jonathan Moletta,6,3,2,2024-06-10 15:15:30+00:00,2024-06-10 15:16:01+00:00,,,ACESSO A SISTEMAS > OFFICE 365 > EMAIL > ALTERAR PLANO / LICENÇA,Entidade raiz > PIRATINI > CENTRAL DE ATENDIMENTOS > CASA CIVIL,,silvio-valim,jonathan-moletta
4464,4570,Atendimento ao usuário Suporte - ADMINISTRATIVO,6,3,2,2024-06-10 15:23:08+00:00,2024-06-17 13:31:08+00:00,,,DTIC > EQUIPAMENTOS > CONFIGURAÇÃO,Entidade raiz > PIRATINI > CENTRAL DE ATENDIMENTOS > SECOM,,thales-leite,andre-graminho
4465,4571,ACESSO A SISTEMAS CADASTRO DE ID PARA IMPRESSÃO,6,3,2,2024-06-10 16:07:41+00:00,2024-06-10 16:43:02+00:00,,,AJUDA E SUPORTE > ATENDIMENTO AO USUÁRIO,Entidade raiz > PIRATINI > CENTRAL DE ATENDIMENTOS > CASA CIVIL,,,abigail-correa
4466,4572,Atendimento ao usuário Suporte - ADMINISTRATIVO,6,3,2,2024-06-10 17:16:44+00:00,2024-06-11 16:14:05+00:00,,,DTIC > EQUIPAMENTOS > CONFIGURAÇÃO,Entidade raiz > PIRATINI > CENTRAL DE ATENDIMENTOS > SECOM,,jorge-vicente,andre-graminho
4467,4573,Atendimento ao usuário Suporte - Divisão de Protocolo e Gerenciamento de Arquivos,6,3,2,2024-06-11 09:24:28+00:00,2024-06-11 09:40:34+00:00,,,DTIC > SISTEMAS > REMOÇÃO DE ACESSO SISTEMA,Entidade raiz > PIRATINI > CENTRAL DE ATENDIMENTOS > CASA CIVIL,,anderson-oliveira,diego-mattiello
4468,4574,INCIDENTE  - Coordenação da Ala Residencial,6,3,2,2024-06-11 10:17:14+00:00,2024-06-11 11:01:32+00:00,,,DTIC > INFRAESTRUTURA > OUTROS,Entidade raiz > PIRATINI > CENTRAL DE ATENDIMENTOS > CASA MILITAR,,,luisa-maestri
4526,4638,Caixa Compartilhada // GG - Redação Oficial // Jovana Beck,6,3,2,2024-06-18 09:03:46+00:00,2024-06-18 09:04:20+00:00,,,ACESSO A SISTEMAS > OFFICE 365 > EMAIL > CAIXA COMPARTILHADA,Entidade raiz > PIRATINI > CENTRAL DE ATENDIMENTOS > GG,,silvio-valim,jovana-fonseca
4469,4575,Atendimento ao usuário Suporte - Subseção de Operações Casa Militar,6,3,2,2024-06-11 11:31:55+00:00,2024-06-11 15:08:25+00:00,,,AJUDA E SUPORTE > ATENDIMENTO AO USUÁRIO,Entidade raiz > PIRATINI > CENTRAL DE ATENDIMENTOS > CASA MILITAR,,thales-leite,debora-aparecida
4470,4576,Ajuda e Suporte // Andradas 1234 ,6,3,2,2024-06-11 12:05:13+00:00,2024-06-12 13:00:58+00:00,,,DTIC > INFRAESTRUTURA > OUTROS,Entidade raiz > PIRATINI > CENTRAL DE ATENDIMENTOS > CASA CIVIL,,anderson-oliveira,melissa-costa
4471,4577,Caixa Compartilhada // CC - Ouvidoria Geral do Estado // Divisão de Manifestações,6,3,1,2024-06-11 15:51:48+00:00,2024-06-11 23:38:20+00:00,,,ACESSO A SISTEMAS > OFFICE 365 > EMAIL > CAIXA COMPARTILHADA,Entidade raiz > PIRATINI > CENTRAL DE ATENDIMENTOS > CASA CIVIL,,jorge-vicente,carolina-vendruscolo
4472,4578,Reset de Senha // CC - Ouvidoria Geral do Estado // Ana Raquel Rolim Werutsky,6,3,1,2024-06-11 16:03:31+00:00,2024-06-11 16:08:40+00:00,,,ACESSO A SISTEMAS > REDE > RESET DE SENHA,Entidade raiz > PIRATINI > CENTRAL DE ATENDIMENTOS > CASA CIVIL,,jorge-vicente,ana-werutsky
4473,4579,Atendimento ao usuário Suporte - ADMINISTRATIVO,6,3,2,2024-06-11 16:04:24+00:00,2024-06-11 16:28:52+00:00,,,ACESSO A SISTEMAS > OFFICE 365 > EMAIL > CAIXA COMPARTILHADA,Entidade raiz > PIRATINI > CENTRAL DE ATENDIMENTOS > SECOM,,jorge-vicente,andre-graminho
4474,4580,Atendimento ao usuário Suporte - Casa Civil - AG,6,3,2,2024-06-11 16:19:38+00:00,2024-06-18 14:29:50+00:00,,,DTIC > INFRAESTRUTURA > OUTROS,Entidade raiz > PIRATINI > CENTRAL DE ATENDIMENTOS > GG,,,bruno-rien
4475,4581,Ajuda e Suporte \ Equipamentos,6,3,2,2024-06-11 16:29:26+00:00,2024-06-11 16:29:54+00:00,,,DTIC > EQUIPAMENTOS > RECOLHIMENTO,Entidade raiz > PIRATINI > CENTRAL DE ATENDIMENTOS > CASA CIVIL,R. Duque de Caxias 951 (Banrisul),anderson-oliveira,clarissa-avila
4476,4582,Ajuda e Suporte \ Equipamentos,6,3,2,2024-06-11 16:34:18+00:00,2024-06-25 14:30:05+00:00,,,,Entidade raiz > PIRATINI > CENTRAL DE ATENDIMENTOS > CASA CIVIL,,anderson-oliveira,clarissa-avila
4477,4583,Atendimento ao usuário Suporte - Duque 951,6,3,2,2024-06-12 09:04:59+00:00,2024-06-12 09:05:57+00:00,,,ACESSO A SISTEMAS > REDE > RESET DE SENHA,Entidade raiz > PIRATINI > CENTRAL DE ATENDIMENTOS > CASA CIVIL,R. Duque de Caxias 951 (Banrisul),silvio-valim,maristela-kaminski
4478,4584,Imprimir Impressora Recepção // CC - DRH // Noeli Silveira,6,3,2,2024-06-12 09:58:36+00:00,2024-06-12 09:58:44+00:00,,,DTIC > EQUIPAMENTOS > INSTALAÇÃO > IMPRESSORA,Entidade raiz > PIRATINI > CENTRAL DE ATENDIMENTOS > CASA CIVIL,,silvio-valim,noeli-lima
4479,4586,Atendimento ao usuário Suporte - Ala Residencial - Sala R3,6,3,2,2024-06-12 10:29:38+00:00,2024-06-14 09:01:06+00:00,,,DTIC > EQUIPAMENTOS > RECOLHIMENTO,Entidade raiz > PIRATINI > CENTRAL DE ATENDIMENTOS > GG,,anderson-oliveira,luciana-conca
4480,4587,Logar Office 365 // CC - DRH // Regina Fraga,6,3,2,2024-06-12 10:33:17+00:00,2024-06-12 10:33:26+00:00,,,ACESSO A SISTEMAS > OFFICE 365,Entidade raiz > PIRATINI > CENTRAL DE ATENDIMENTOS > CASA CIVIL,,silvio-valim,regina-fraga
4527,4639,Ajuda e Suporte \ Tunel Procergs,6,3,2,2024-06-18 09:20:05+00:00,2024-06-18 09:39:36+00:00,,,DTIC > SISTEMAS > CONFIGURAÇÃO DE SOFTWARE,Entidade raiz > PIRATINI > CENTRAL DE ATENDIMENTOS > CASA CIVIL,,"silvio-valim, anderson-oliveira",odete-baptista
4481,4588,Atendimento ao usuário Suporte - Jornalismo,6,3,2,2024-06-12 11:33:26+00:00,2024-06-12 11:52:39+00:00,,,ACESSO A SISTEMAS > REDE > RESET DE SENHA,Entidade raiz > PIRATINI > CENTRAL DE ATENDIMENTOS > SECOM,,,andre-graminho
4482,4589,Ajuda e Suporte \ Atendimento ao usuário ,6,3,2,2024-06-12 12:33:34+00:00,2024-06-12 12:57:39+00:00,,,AJUDA E SUPORTE > ATENDIMENTO AO USUÁRIO,Entidade raiz > PIRATINI > CENTRAL DE ATENDIMENTOS > CASA CIVIL,,anderson-oliveira,melissa-costa
4483,4590,Ajuda e Suporte \ Equipamentos,6,3,2,2024-06-12 13:23:29+00:00,2024-06-12 14:24:19+00:00,,,AJUDA E SUPORTE > MOVIMENTO DE EQUIPAMENTOS DE TI > REQUISIÇÃO,Entidade raiz > PIRATINI > CENTRAL DE ATENDIMENTOS > CASA CIVIL,R. Duque de Caxias 951 (Banrisul),"silvio-valim, anderson-oliveira",daniela-laitano
4484,4591,Acesso a Sistemas  - SPI - LIBERAR ACESSO,6,3,2,2024-06-12 14:12:24+00:00,2024-06-13 11:54:52+00:00,,,ACESSO A SISTEMAS > SOE,Entidade raiz > PIRATINI > CENTRAL DE ATENDIMENTOS > CASA CIVIL,,miguelangelo,thais-difini
4485,4592,Desligar/Ligar equipamentos para troca de mesa // CC - SA // Daniela Laitano,6,3,2,2024-06-12 14:23:35+00:00,2024-06-12 14:23:51+00:00,,,AJUDA E SUPORTE > INSTALAÇÃO DE EQUIPAMENTOS,Entidade raiz > PIRATINI > CENTRAL DE ATENDIMENTOS > CASA CIVIL,,silvio-valim,daniela-laitano
4486,4593,Instalar Máquina // CC - Saa Duque 951 // Marcio Benites,6,3,2,2024-06-12 16:53:21+00:00,2024-06-12 16:53:32+00:00,,,AJUDA E SUPORTE > INSTALAÇÃO DE EQUIPAMENTOS,Entidade raiz > PIRATINI > CENTRAL DE ATENDIMENTOS > CASA CIVIL,,silvio-valim,marcio-benites
4487,4594,Sistemas Office / Office 365 / E-MAIL,6,3,1,2024-06-12 17:28:46+00:00,2024-06-13 14:06:40+00:00,,,ACESSO A SISTEMAS > OFFICE 365 > EMAIL,Entidade raiz > PIRATINI > CENTRAL DE ATENDIMENTOS > CASA MILITAR,,pablo-guimaraes,carlos-fontoura
4488,4595,Atendimento ao usuário Suporte - DCC,6,3,2,2024-06-13 09:47:56+00:00,2024-06-13 14:03:04+00:00,,,AJUDA E SUPORTE > ATENDIMENTO AO USUÁRIO,Entidade raiz > PIRATINI > CENTRAL DE ATENDIMENTOS > CASA CIVIL,,anderson-oliveira,zeni-santos
4489,4596,Acesso a Sistemas / Reset de Senha,6,3,2,2024-06-13 09:54:14+00:00,2024-06-13 09:57:46+00:00,,,ACESSO A SISTEMAS > REDE > RESET DE SENHA,Entidade raiz > PIRATINI > CENTRAL DE ATENDIMENTOS > GVG,CAFF,anderson-oliveira,carla-calero
4490,4597,Atendimento ao usuário Suporte - GABINETE,6,3,2,2024-06-13 10:16:07+00:00,2024-06-13 10:19:38+00:00,,,ACESSO A SISTEMAS > REDE > RESET DE SENHA,Entidade raiz > PIRATINI > CENTRAL DE ATENDIMENTOS > SECOM,,,andre-graminho
4491,4598,Inclusão de Usuário PROA // GVG - ADM Militar // carla-calero,6,3,2,2024-06-13 12:00:00+00:00,2024-06-13 12:00:00+00:00,,,ACESSO A SISTEMAS > SOE > PROA > ADICIONAR A GRUPO,Entidade raiz > PIRATINI > CENTRAL DE ATENDIMENTOS > GVG,,miguelangelo,carla-calero
4492,4599,Atendimento ao usuário Suporte - SECOM,6,3,2,2024-06-13 11:28:21+00:00,2024-07-03 16:03:43+00:00,,,AJUDA E SUPORTE > ATENDIMENTO AO USUÁRIO,Entidade raiz > PIRATINI > CENTRAL DE ATENDIMENTOS > SECOM,,thales-leite,jean-rangel
4493,4600,Acesso a Sistemas\Reset de Senha de Rede,6,3,2,2024-06-13 11:47:03+00:00,2024-06-13 11:57:09+00:00,,,ACESSO A SISTEMAS > REDE > RESET DE SENHA,Entidade raiz > PIRATINI > CENTRAL DE ATENDIMENTOS > GG,,anderson-oliveira,alvaro-aguiar
4494,4601,Mapeamento pasta de rede // SECOM - Audio e Video // Mauren,6,3,2,2024-06-13 13:16:00+00:00,2024-06-13 13:16:16+00:00,,,DTIC > INFRAESTRUTURA,Entidade raiz > PIRATINI > CENTRAL DE ATENDIMENTOS > SECOM,,,mauren-carvalho
4495,4602,Acesso a Sistemas Rede Piratini,6,3,2,2024-06-13 13:44:08+00:00,2024-06-13 13:48:12+00:00,,,ACESSO A SISTEMAS > REDE > RESET DE SENHA,Entidade raiz > PIRATINI > CENTRAL DE ATENDIMENTOS > SECOM,,jorge-vicente,jean-rangel
4496,4607,Atendimento ao usuário Suporte - SECOM Riachuelo,6,3,2,2024-06-13 16:46:09+00:00,2024-06-18 15:19:02+00:00,,,AJUDA E SUPORTE > INSTALAÇÃO DE SOFTWARE,Entidade raiz > PIRATINI > CENTRAL DE ATENDIMENTOS > SECOM,,anderson-oliveira,leonardo-dangel
4497,4608,Reset de senha Rede,6,3,2,2024-06-13 16:58:14+00:00,2024-06-13 16:58:24+00:00,,,ACESSO A SISTEMAS > REDE > RESET DE SENHA,Entidade raiz > PIRATINI > CENTRAL DE ATENDIMENTOS > SECOM,,anderson-oliveira,luis-pinto
4498,4609,Reset senha de rede // CC - Mecanografia // Michelle Lucas,6,3,2,2024-06-13 17:41:32+00:00,2024-06-13 17:41:42+00:00,,,ACESSO A SISTEMAS > REDE > RESET DE SENHA,Entidade raiz > PIRATINI > CENTRAL DE ATENDIMENTOS > CASA CIVIL,,,michelle-lucas
4499,4610,Suporte técnico // GG - Gabinete // Leticia Meneguetti,6,3,2,2024-06-14 09:02:26+00:00,2024-06-14 09:02:35+00:00,,,,Entidade raiz > PIRATINI > CENTRAL DE ATENDIMENTOS > GG,,,leticia-fontana
4500,4611,Atendimento ao usuário Suporte - Departamento de Conservação e Memória do Patrimônio Cultural,6,3,2,2024-06-14 09:30:36+00:00,2024-06-14 10:51:10+00:00,,,DTIC > EQUIPAMENTOS > MANUTENÇÃO,Entidade raiz > PIRATINI > CENTRAL DE ATENDIMENTOS > GG,,"thales-leite, leonardo-riela",bruna-linhares
4501,4612,Ajuda e Suporte--Subchefia Administrativa-Av Mauá 1050,6,3,2,2024-06-14 09:46:11+00:00,2024-06-14 10:15:58+00:00,,,AJUDA E SUPORTE > INSTALAÇÃO DE EQUIPAMENTOS,Entidade raiz > PIRATINI > CENTRAL DE ATENDIMENTOS > CASA CIVIL,R. Duque de Caxias 951 (Banrisul),"silvio-valim, anderson-oliveira, thales-leite",daniela-laitano
4502,4613,Acesso a Sistemas Rede Piratini,6,3,2,2024-06-14 10:10:49+00:00,2024-06-14 10:12:36+00:00,,,ACESSO A SISTEMAS > REDE > RESET DE SENHA,Entidade raiz > PIRATINI > CENTRAL DE ATENDIMENTOS > CASA CIVIL,,jorge-vicente,melissa-costa
4503,4614,Reset de Senha // CC - DCC // Josiane Machado de Freitas,6,3,1,2024-06-14 10:22:32+00:00,2024-06-14 10:22:41+00:00,,,ACESSO A SISTEMAS > REDE > RESET DE SENHA,Entidade raiz > PIRATINI > CENTRAL DE ATENDIMENTOS > CASA CIVIL,,jorge-vicente,josiane-freitas
4504,4615,Reset de Senha // CC - Jurídica // Helena Herbst,6,3,2,2024-06-14 13:14:18+00:00,2024-06-14 13:14:26+00:00,,,ACESSO A SISTEMAS > REDE > RESET DE SENHA,Entidade raiz > PIRATINI > CENTRAL DE ATENDIMENTOS > CASA CIVIL,,silvio-valim,helena-garcia
4505,4616,Atendimento ao usuário Suporte - GABINETE,6,3,2,2024-06-14 14:16:06+00:00,2024-08-13 10:34:26+00:00,,,DTIC > INFRAESTRUTURA > NOVO PONTO DE REDE,Entidade raiz > PIRATINI > CENTRAL DE ATENDIMENTOS > SECOM,,"jorge-vicente, anderson-oliveira, thales-leite",andre-graminho
4506,4617,Impressora cortando impressão,6,3,2,2024-06-14 14:34:00+00:00,2024-06-17 15:34:10+00:00,,,AJUDA E SUPORTE > ATENDIMENTO AO USUÁRIO,Entidade raiz > PIRATINI > CENTRAL DE ATENDIMENTOS > CASA CIVIL,,anderson-oliveira,amanda-bordin
4507,4618,Pin Incorreto para Imprimir // CC - SAEF // Patrick Piovesan,6,3,2,2024-06-14 15:13:16+00:00,2024-06-14 15:13:45+00:00,,,ACESSO A SISTEMAS > NDD,Entidade raiz > PIRATINI > CENTRAL DE ATENDIMENTOS > CASA CIVIL,,silvio-valim,patrick-piovesan
4508,4619,OFFICE 365 // NOVA CONTA DE EMAIL - CASA MILITAR - OPERAÇÕES - ASSESSORIA MILITAR DO VICE-GOVERNADOR,6,3,2,2024-06-14 15:18:37+00:00,2024-06-14 16:07:32+00:00,,,ACESSO A SISTEMAS > OFFICE 365 > EMAIL > NOVO USUÁRIO,Entidade raiz > PIRATINI > CENTRAL DE ATENDIMENTOS > CASA MILITAR,Palácio do Piratini,silvio-valim,maicon-oliveira
4509,4620,Acesso a Sistemas  - PROA - DESBLOQUEAR USUÁRIO,6,3,2,2024-06-14 15:35:39+00:00,2024-06-14 15:52:52+00:00,,,ACESSO A SISTEMAS > SOE,Entidade raiz > PIRATINI > CENTRAL DE ATENDIMENTOS > CASA CIVIL,,anderson-oliveira,mario-fleck
4510,4621,Acesso One Drive // CC - DGAP // Fabio Dias,6,3,2,2024-06-14 16:15:18+00:00,2024-06-14 16:15:28+00:00,,,AJUDA E SUPORTE > ATENDIMENTO AO USUÁRIO,Entidade raiz > PIRATINI > CENTRAL DE ATENDIMENTOS > CASA CIVIL,,silvio-valim,fabio-dias
4511,4622,Atendimento ao usuário Suporte - DCMPP,6,3,2,2024-06-14 16:59:16+00:00,2024-06-17 14:47:05+00:00,,,ACESSO A SISTEMAS > REDE > LIBERAÇÃO DE ACESSO,Entidade raiz > PIRATINI > CENTRAL DE ATENDIMENTOS > GG,,,lorena-vieira
4555,4667,INCIDENTE  - Divisão de Transportes - Riachuelo 1285,6,3,2,2024-06-20 18:06:53+00:00,2024-06-21 09:52:59+00:00,,,DTIC > INFRAESTRUTURA > OUTROS,Entidade raiz > PIRATINI > CENTRAL DE ATENDIMENTOS > CASA MILITAR,,thales-leite,marcel-martins
4512,4623,Inclusão de Acessos FPE // SECOM - DF // leonardo-dangel,6,3,2,2024-06-14 12:00:00+00:00,2024-06-19 09:30:23+00:00,,,ACESSO A SISTEMAS > SOE > FPE,Entidade raiz > PIRATINI > CENTRAL DE ATENDIMENTOS > SECOM,,pablo-guimaraes,"paulo-duarth, leonardo-dangel"
4513,4624,Reset de Senha // CC - Escritório de Representação em Brasília // Sheyla Roberta Epifanio de Souza,6,3,1,2024-06-17 09:05:38+00:00,2024-06-17 09:06:40+00:00,,,ACESSO A SISTEMAS > REDE > RESET DE SENHA,Entidade raiz > PIRATINI > CENTRAL DE ATENDIMENTOS > CASA CIVIL,,jorge-vicente,escritorio-rs
4514,4625,Ajuda e Suporte /Manutenção equipamento,6,3,1,2024-06-17 09:37:36+00:00,2024-06-17 10:36:08+00:00,,,DTIC > EQUIPAMENTOS > MANUTENÇÃO,Entidade raiz > PIRATINI > CENTRAL DE ATENDIMENTOS > CASA CIVIL,R. Duque de Caxias 951 (Banrisul),anderson-oliveira,
4515,4626,Atendimento ao usuário Suporte - Duque de Caxias 951,6,3,2,2024-06-17 10:25:28+00:00,2024-06-17 14:34:54+00:00,,,AJUDA E SUPORTE > INSTALAÇÃO DE EQUIPAMENTOS,Entidade raiz > PIRATINI > CENTRAL DE ATENDIMENTOS > CASA CIVIL,,"miguelangelo, anderson-oliveira",almeris-junior
4516,4627,Atendimento ao Usuário / Ajuda e Suporte - VOIP,6,3,1,2024-06-17 09:56:13+00:00,2024-06-17 10:30:04+00:00,,,AJUDA E SUPORTE > ATENDIMENTO AO USUÁRIO,Entidade raiz > PIRATINI > CENTRAL DE ATENDIMENTOS > GG,,thales-leite,andre-furtado
4517,4628,Atendimento ao usuário Suporte - DPO,6,3,2,2024-06-17 10:33:45+00:00,2024-06-17 11:12:48+00:00,,,AJUDA E SUPORTE > INSTALAÇÃO DE SOFTWARE,Entidade raiz > PIRATINI > CENTRAL DE ATENDIMENTOS > CASA CIVIL,,anderson-oliveira,vanessa-konrath
4518,4629,Acesso a Sistemas Rede Piratini,6,3,2,2024-06-17 10:48:44+00:00,2024-06-17 11:03:29+00:00,,,ACESSO A SISTEMAS > REDE > RESET DE SENHA,Entidade raiz > PIRATINI > CENTRAL DE ATENDIMENTOS > SECOM,,jorge-vicente,karen-strauss
4519,4630,Atendimento ao usuário Suporte - Divisão de Materiais e de Patrimônio - Duque 951,6,3,2,2024-06-17 11:22:29+00:00,2024-06-18 14:18:45+00:00,,,AJUDA E SUPORTE > ATENDIMENTO AO USUÁRIO,Entidade raiz > PIRATINI > CENTRAL DE ATENDIMENTOS > CASA CIVIL,R. Duque de Caxias 951 (Banrisul),anderson-oliveira,jorge-sari
4520,4631,Desativação de Credenciais // CC - Subchefia Legislativa // Fernanda Duarte Lisboa,6,3,1,2024-06-17 11:32:34+00:00,2024-06-17 16:09:10+00:00,,,ACESSO A SISTEMAS > OFFICE 365 > EMAIL > EXCLUSÃO,Entidade raiz > PIRATINI > CENTRAL DE ATENDIMENTOS > CASA CIVIL,,"miguelangelo, jorge-vicente",roberta-melgar
4521,4633,Acesso a Sistemas Rede Piratini,6,3,2,2024-06-17 11:48:02+00:00,2024-06-20 09:01:13+00:00,,,ACESSO A SISTEMAS > REDE > LIBERAÇÃO DE ACESSO > NOVO USUÁRIO,Entidade raiz > PIRATINI > CENTRAL DE ATENDIMENTOS > SECOM,,"pablo-guimaraes, miguelangelo, anderson-oliveira",andre-graminho
4522,4634,Atendimento ao usuário Suporte - Departamento de Conservação e Memória (Arquitetura),6,3,2,2024-06-17 14:02:49+00:00,2024-06-17 14:31:39+00:00,,,AJUDA E SUPORTE > ATENDIMENTO AO USUÁRIO,Entidade raiz > PIRATINI > CENTRAL DE ATENDIMENTOS > GG,,"jorge-vicente, thales-leite",leonardo-oliveira
4523,4635,Atendimento ao usuário Suporte - Departamento de Conservacao e Memoria ,6,3,2,2024-06-17 14:28:16+00:00,2024-06-17 14:30:37+00:00,,,DTIC > SISTEMAS > ALTERAÇÃO DE ACESSO,Entidade raiz > PIRATINI > CENTRAL DE ATENDIMENTOS > GG,,jorge-vicente,taizi-nunes
4524,4636,Criação de servidor // CM - Transportes // Rodrigo Alencar,6,3,2,2024-06-17 16:02:53+00:00,2024-06-26 14:29:00+00:00,,,DTIC > SISTEMAS,Entidade raiz > PIRATINI > CENTRAL DE ATENDIMENTOS > CASA MILITAR,,,rodrigo-alencar
4528,4640,Acesso a Sistemas Rede Piratini,6,3,2,2024-06-18 09:22:24+00:00,2024-06-18 09:31:47+00:00,,,ACESSO A SISTEMAS > REDE > RESET DE SENHA,Entidade raiz > PIRATINI > CENTRAL DE ATENDIMENTOS > CASA CIVIL,,anderson-oliveira,almeris-junior
4529,4641,Atendimento ao usuário Suporte - Publicidade,6,3,2,2024-06-18 09:46:47+00:00,2024-06-18 10:41:49+00:00,,,DTIC > EQUIPAMENTOS > CONFIGURAÇÃO,Entidade raiz > PIRATINI > CENTRAL DE ATENDIMENTOS > SECOM,,"jorge-vicente, anderson-oliveira",andre-graminho
4530,4642,Troca de Senha Proa // CC - Subchefia do Interior // Marcelo Mallmann,6,3,2,2024-06-18 12:04:03+00:00,2024-06-18 12:04:20+00:00,,,ACESSO A SISTEMAS > SOE > PROA,Entidade raiz > PIRATINI > CENTRAL DE ATENDIMENTOS > CASA CIVIL,,silvio-valim,marcelo-mallmann
4531,4643,INCIDENTE  - Divisão de Transportes da Casa Militar,6,3,2,2024-06-18 12:36:51+00:00,2024-06-18 13:04:46+00:00,,,AJUDA E SUPORTE > ATENDIMENTO AO USUÁRIO,Entidade raiz > PIRATINI > CENTRAL DE ATENDIMENTOS > CASA MILITAR,,anderson-oliveira,patrick-senger
4532,4644,Acesso a Sistemas  - Túnel PROCERGS - OUTRO,6,3,2,2024-06-18 13:37:06+00:00,2024-06-18 16:06:43+00:00,,,ACESSO A SISTEMAS > TÚNEL PROCERGS,Entidade raiz > PIRATINI > CENTRAL DE ATENDIMENTOS > SECOM,,"silvio-valim, anderson-oliveira",andre-graminho
4533,4645,Acesso a Sistemas  - Túnel PROCERGS - OUTRO,6,3,2,2024-06-18 13:40:33+00:00,2024-06-18 16:04:28+00:00,,,ACESSO A SISTEMAS > TÚNEL PROCERGS,Entidade raiz > PIRATINI > CENTRAL DE ATENDIMENTOS > SECOM,,"silvio-valim, anderson-oliveira",andre-graminho
4534,4646,Atendimento ao usuário Suporte - Cerimonial,6,3,2,2024-06-18 14:04:02+00:00,2024-06-18 14:09:55+00:00,,,ACESSO A SISTEMAS > REDE > RESET DE SENHA,Entidade raiz > PIRATINI > CENTRAL DE ATENDIMENTOS > GG,,silvio-valim,nilo-rodrigues
4535,4647,Ajuda e Suporte\ Instalação de equipamento,6,3,2,2024-06-18 14:15:10+00:00,2024-06-18 16:12:08+00:00,,,AJUDA E SUPORTE > INSTALAÇÃO DE EQUIPAMENTOS,Entidade raiz > PIRATINI > CENTRAL DE ATENDIMENTOS > CASA CIVIL,R. Duque de Caxias 951 (Banrisul),,diego-mattiello
4536,4648,Acesso ao Túnel Procergs // GG - Cerimonial // João Bomfim ,6,3,2,2024-06-18 14:31:31+00:00,2024-06-18 15:45:38+00:00,,,ACESSO A SISTEMAS > TÚNEL PROCERGS,Entidade raiz > PIRATINI > CENTRAL DE ATENDIMENTOS > GG,,"silvio-valim, miguelangelo",joao-bomfim
4537,4649,Atendimento ao usuário Suporte - ADMINISTRATIVO,6,3,2,2024-06-18 15:10:01+00:00,2024-06-20 09:52:30+00:00,,,DTIC > EQUIPAMENTOS > MANUTENÇÃO,Entidade raiz > PIRATINI > CENTRAL DE ATENDIMENTOS > SECOM,,"thales-leite, leonardo-riela",andre-graminho
4538,4650,Acesso a Sistemas  - GDG - LIBERAR ACESSO,6,3,2,2024-06-18 16:05:54+00:00,2024-06-19 09:27:12+00:00,,,ACESSO A SISTEMAS > SOE,Entidade raiz > PIRATINI > CENTRAL DE ATENDIMENTOS > GG,,pablo-guimaraes,jovana-fonseca
4539,4651,Email / Caixa Compartilhada,6,3,2,2024-06-19 11:40:49+00:00,2024-06-19 15:24:15+00:00,,,ACESSO A SISTEMAS > OFFICE 365 > EMAIL > CAIXA COMPARTILHADA,Entidade raiz > PIRATINI > CENTRAL DE ATENDIMENTOS > GG,,"silvio-valim, anderson-oliveira","jovana-fonseca, jane-aschidamini"
4540,4652,Compartilhamento de Agenda // CC - Escritório de Representação em Brasília // Rosilene Mendes dos Santos,6,3,1,2024-06-19 11:53:37+00:00,2024-06-25 11:12:58+00:00,,,ACESSO A SISTEMAS > OFFICE 365,Entidade raiz > PIRATINI > CENTRAL DE ATENDIMENTOS > CASA CIVIL,,silvio-valim,escritorio-rs
4541,4653,Atendimento ao usuário Suporte - Departamento de Gestão Documental e de Bens Materiais e Patrimoniais,6,3,2,2024-06-19 13:51:39+00:00,2024-06-20 08:55:32+00:00,,,ACESSO A SISTEMAS > SOE,Entidade raiz > PIRATINI > CENTRAL DE ATENDIMENTOS > CASA CIVIL,,pablo-guimaraes,diego-mattiello
4542,4654,Aceso a Sistemas / Novo Usuário de Rede,6,3,2,2024-06-19 15:34:41+00:00,2024-06-20 10:22:04+00:00,,,ACESSO A SISTEMAS > REDE > LIBERAÇÃO DE ACESSO > NOVO USUÁRIO,Entidade raiz > PIRATINI > CENTRAL DE ATENDIMENTOS > GG,,"silvio-valim, anderson-oliveira",luciana-conca
4543,4655,OFFICE 365 // ASSESSORIA ESPECÍFICA  - Secretaria Executiva de Gestão do Complexo Palácio Piratini,6,3,2,2024-06-19 15:40:50+00:00,2024-06-24 17:08:11+00:00,,,ACESSO A SISTEMAS > OFFICE 365,Entidade raiz > PIRATINI > CENTRAL DE ATENDIMENTOS > GG,,anderson-oliveira,mateus-gomes
4544,4656,Acesso a Sistemas  - SPI - LIBERAR ACESSO,6,3,2,2024-06-19 17:08:00+00:00,2024-06-21 11:05:25+00:00,,,ACESSO A SISTEMAS > SOE,Entidade raiz > PIRATINI > CENTRAL DE ATENDIMENTOS > CASA CIVIL,R. Duque de Caxias 951 (Banrisul),"miguelangelo, anderson-oliveira",maristela-kaminski
4545,4657,Excluir Caixa Compartilhada // GG - Redação Oficial,6,3,2,2024-06-20 09:33:43+00:00,2024-06-20 09:33:53+00:00,,,ACESSO A SISTEMAS > OFFICE 365 > EMAIL > EXCLUSÃO,Entidade raiz > PIRATINI > CENTRAL DE ATENDIMENTOS > GG,,silvio-valim,jovana-fonseca
4546,4658,Criar Caixa Compartilhada // GG - Redação Oficial // Jovana Beck Fonseca,6,3,2,2024-06-20 09:39:54+00:00,2024-06-20 09:40:14+00:00,,,ACESSO A SISTEMAS > OFFICE 365 > EMAIL > CAIXA COMPARTILHADA,Entidade raiz > PIRATINI > CENTRAL DE ATENDIMENTOS > GG,,silvio-valim,jovana-fonseca
4547,4659,Troca de Senha de Rede // CC - Subchefia Parlamentar // Sergio Luiz,6,3,2,2024-06-20 10:56:15+00:00,2024-06-20 10:56:28+00:00,,,ACESSO A SISTEMAS > REDE > RESET DE SENHA,Entidade raiz > PIRATINI > CENTRAL DE ATENDIMENTOS > CASA CIVIL,,silvio-valim,sergio-schmidt
4548,4660,Migrar conta de E-mail para outro Órgão // GG - Gabinete // Letícia Meneguetti Fontana,6,3,2,2024-06-20 11:13:33+00:00,2024-06-21 09:22:12+00:00,,,ACESSO A SISTEMAS > OFFICE 365,Entidade raiz > PIRATINI > CENTRAL DE ATENDIMENTOS > GG,,"silvio-valim, anderson-oliveira",leticia-fontana
4549,4661,Atendimento ao usuário Suporte - ADMINISTRATIVO,6,3,2,2024-06-20 11:23:26+00:00,2024-06-20 16:32:24+00:00,,,AJUDA E SUPORTE > ATENDIMENTO AO USUÁRIO,Entidade raiz > PIRATINI > CENTRAL DE ATENDIMENTOS > SECOM,,thales-leite,andre-graminho
4550,4662,Ajuda e Suporte // Requisição de Equipamento,6,3,2,2024-06-20 14:08:58+00:00,2024-07-23 10:56:02+00:00,,,AJUDA E SUPORTE > MOVIMENTO DE EQUIPAMENTOS DE TI > REQUISIÇÃO,Entidade raiz > PIRATINI > CENTRAL DE ATENDIMENTOS > GG,,"anderson-oliveira, thales-leite",luciana-conca
4551,4663,Suporte técnico // GG - Gabinete // Ester Gazalle,6,3,2,2024-06-20 15:04:19+00:00,2024-06-20 15:04:52+00:00,,,AJUDA E SUPORTE,Entidade raiz > PIRATINI > CENTRAL DE ATENDIMENTOS,,,
4552,4664,OFFICE 365 // NOVA CONTA DE EMAIL - GABINETE DA CASA MILITAR,6,3,2,2024-06-20 15:30:47+00:00,2024-06-21 11:55:12+00:00,,,ACESSO A SISTEMAS > OFFICE 365 > EMAIL > NOVO USUÁRIO,Entidade raiz > PIRATINI > CENTRAL DE ATENDIMENTOS > CASA MILITAR,,anderson-oliveira,maicon-oliveira
4553,4665,Acesso a Sistemas Rede Piratini,6,3,2,2024-06-20 15:36:24+00:00,2024-06-21 10:21:02+00:00,,,ACESSO A SISTEMAS > REDE > LIBERAÇÃO DE ACESSO > NOVO USUÁRIO,Entidade raiz > PIRATINI > CENTRAL DE ATENDIMENTOS > CASA MILITAR,Palácio do Piratini,anderson-oliveira,maicon-oliveira
4554,4666,Verificar papel trancado na impressora // CC - Protocolo // Maristela Kaminski,6,3,2,2024-06-20 16:44:56+00:00,2024-06-20 16:45:28+00:00,,,AJUDA E SUPORTE > ATENDIMENTO AO USUÁRIO,Entidade raiz > PIRATINI > CENTRAL DE ATENDIMENTOS > CASA CIVIL,,silvio-valim,maristela-kaminski
4556,4668,Acesso a Sistemas Rede Piratini,6,3,2,2024-06-21 08:56:29+00:00,2024-06-21 09:03:55+00:00,,,ACESSO A SISTEMAS > REDE > LIBERAÇÃO DE ACESSO,Entidade raiz > PIRATINI > CENTRAL DE ATENDIMENTOS > CASA CIVIL,,jorge-vicente,jorge-sari
4557,4669,Requisição de equipamentos/ Impressora,6,3,2,2024-06-21 09:03:28+00:00,2024-08-27 10:45:16+00:00,,,AJUDA E SUPORTE > MOVIMENTO DE EQUIPAMENTOS DE TI > REQUISIÇÃO,Entidade raiz > PIRATINI > CENTRAL DE ATENDIMENTOS > GG,Palácio do Piratini,jorge-vicente,luciana-conca
4558,4670,Remoção de Acessos -RH,6,3,2,2024-06-21 09:31:24+00:00,2024-06-27 11:05:47+00:00,,,DTIC > SISTEMAS > REMOÇÃO DE ACESSO SISTEMA,Entidade raiz > PIRATINI > CENTRAL DE ATENDIMENTOS > CASA CIVIL,,"silvio-valim, pablo-guimaraes, anderson-oliveira",carlos-duarte
4559,4671,PROA LIBERAR ACESSO A GRUPO,6,3,2,2024-06-21 09:56:49+00:00,2024-06-21 11:12:51+00:00,,,ACESSO A SISTEMAS > SOE > PROA > ADICIONAR A GRUPO,Entidade raiz > PIRATINI > CENTRAL DE ATENDIMENTOS > CASA MILITAR,,miguelangelo,elisandra-decantam
4560,4672,Ajuda e Suporte \ Tunel PROCERGS,6,3,2,2024-06-21 09:57:33+00:00,2024-06-21 10:21:24+00:00,,,DTIC > SISTEMAS > CONFIGURAÇÃO DE SOFTWARE,Entidade raiz > PIRATINI > CENTRAL DE ATENDIMENTOS > CASA CIVIL,,anderson-oliveira,alba-santos
4561,4673,Ajuda e Suporte \ Tunel PROCERGS (cópia),6,3,2,2024-06-21 09:57:33+00:00,2024-06-21 10:20:17+00:00,,,DTIC > SISTEMAS > CONFIGURAÇÃO DE SOFTWARE,Entidade raiz > PIRATINI > CENTRAL DE ATENDIMENTOS > CASA CIVIL,,anderson-oliveira,noeli-lima
4562,4674,Acesso a Sistemas  - Geral - DESBLOQUEAR USUÁRIO,6,3,2,2024-06-21 10:47:06+00:00,2024-06-21 11:41:58+00:00,,,ACESSO A SISTEMAS > SOE,Entidade raiz > PIRATINI > CENTRAL DE ATENDIMENTOS > CASA CIVIL,,anderson-oliveira,marilis-quadros
4563,4675,Atendimento ao usuário Suporte - Dir.ADM,6,3,2,2024-06-21 13:28:04+00:00,2024-06-24 09:25:11+00:00,,,ACESSO A SISTEMAS > OFFICE 365 > CRIAR EQUIPE SHAREPOINT,Entidade raiz > PIRATINI > CENTRAL DE ATENDIMENTOS > SECOM,,anderson-oliveira,daiane-beck
4564,4676,Ajuda e Suporte \ Configuração Equipamentos,6,3,2,2024-06-21 16:45:27+00:00,2024-06-25 14:17:57+00:00,,,DTIC > EQUIPAMENTOS > CONFIGURAÇÃO,Entidade raiz > PIRATINI > CENTRAL DE ATENDIMENTOS > CASA CIVIL,,"anderson-oliveira, thales-leite, leonardo-riela",
4565,4677,Atendimento ao usuário Suporte - Administrativo,6,3,2,2024-06-21 17:15:30+00:00,2024-06-25 10:23:40+00:00,,,ACESSO A SISTEMAS > SOE,Entidade raiz > PIRATINI > CENTRAL DE ATENDIMENTOS > SECOM,,pablo-guimaraes,marcus-mendes
4566,4678,Atendimento ao usuário Suporte - Departamento de Gestão Documental e de Bens Materiais e Patrimoniais,6,3,2,2024-06-24 08:38:02+00:00,2024-06-25 10:54:57+00:00,,,AJUDA E SUPORTE > ATENDIMENTO AO USUÁRIO,Entidade raiz > PIRATINI > CENTRAL DE ATENDIMENTOS > CASA CIVIL,,"miguelangelo, anderson-oliveira",diego-mattiello
4567,4679,Acesso a Sistemas Rede Piratini,6,3,2,2024-06-24 09:54:54+00:00,2024-06-24 10:17:27+00:00,,,ACESSO A SISTEMAS > REDE > RESET DE SENHA,Entidade raiz > PIRATINI > CENTRAL DE ATENDIMENTOS > CASA CIVIL,,silvio-valim,melissa-costa
4568,4680,Atendimento ao usuário Suporte - Departamento de Gestão Documental e de Bens Materiais e Patrimoniais,6,3,2,2024-06-24 11:34:20+00:00,2024-06-24 12:07:34+00:00,,,ACESSO A SISTEMAS,Entidade raiz > PIRATINI > CENTRAL DE ATENDIMENTOS > CASA CIVIL,,pablo-guimaraes,diego-mattiello
4582,4694,Reset de senha Rede \,6,3,2,2024-06-25 16:49:23+00:00,2024-06-25 16:49:46+00:00,,,ACESSO A SISTEMAS > REDE > RESET DE SENHA,Entidade raiz > PIRATINI > CENTRAL DE ATENDIMENTOS > CASA CIVIL,,"silvio-valim, anderson-oliveira",aline-oliveira
4569,4681,Solicitação de Túnel // CC - Escritório de Representação do RS // Carlos Henrique dos Santos,6,3,2,2024-06-24 11:34:54+00:00,2024-06-24 12:00:48+00:00,,,ACESSO A SISTEMAS > REDE > TÚNEL PROCERGS,Entidade raiz > PIRATINI > CENTRAL DE ATENDIMENTOS > CASA CIVIL,,jorge-vicente,escritorio-rs
4570,4682,Reset de Senha // CC - Escritório de Representação em Brasília // Walter Raimundo da Costa,6,3,1,2024-06-24 11:44:26+00:00,2024-06-24 11:45:17+00:00,,,ACESSO A SISTEMAS > REDE > RESET DE SENHA,Entidade raiz > PIRATINI > CENTRAL DE ATENDIMENTOS > CASA CIVIL,,jorge-vicente,escritorio-rs
4571,4683,Resetar Senha Rede // CC - RH // Carlos Duarte,6,3,2,2024-06-24 13:36:01+00:00,2024-06-24 13:36:16+00:00,,,ACESSO A SISTEMAS > REDE > RESET DE SENHA,Entidade raiz > PIRATINI > CENTRAL DE ATENDIMENTOS > CASA CIVIL,,silvio-valim,carlos-duarte
4572,4684,Atendimento ao usuário Suporte - Jornalismo,6,3,2,2024-06-24 14:21:29+00:00,2024-06-25 09:48:28+00:00,,,DTIC > INFRAESTRUTURA > PROBLEMA DE REDE,Entidade raiz > PIRATINI > CENTRAL DE ATENDIMENTOS > SECOM,,"anderson-oliveira, thales-leite",andre-graminho
4573,4685,Atendimento ao usuário Suporte - Subseção de Operações Casa Militar,6,3,2,2024-06-24 15:57:04+00:00,2024-06-24 17:02:40+00:00,,,AJUDA E SUPORTE > ATENDIMENTO AO USUÁRIO,Entidade raiz > PIRATINI > CENTRAL DE ATENDIMENTOS > CASA MILITAR,,,debora-aparecida
4574,4686,Aumentar Espaço Site // GG - Conservação // Mateus Gomes,6,3,2,2024-06-24 16:52:38+00:00,2024-06-24 16:52:52+00:00,,,ACESSO A SISTEMAS > OFFICE 365,Entidade raiz > PIRATINI > CENTRAL DE ATENDIMENTOS > GG,,silvio-valim,mateus-gomes
4575,4687,PROA LIBERAR ACESSO A GRUPO,6,3,2,2024-06-25 09:41:40+00:00,2024-06-25 11:03:23+00:00,,,ACESSO A SISTEMAS > SOE > PROA > ADICIONAR A GRUPO,Entidade raiz > PIRATINI > CENTRAL DE ATENDIMENTOS > SECOM,,miguelangelo,cristiano-tavares
4576,4688,Atendimento ao usuário Suporte - Departamento de Gestão Documental e de Bens Materiais e Patrimoniais,6,3,2,2024-06-25 09:50:47+00:00,2024-06-25 11:44:07+00:00,,,AJUDA E SUPORTE > ATENDIMENTO AO USUÁRIO,Entidade raiz > PIRATINI > CENTRAL DE ATENDIMENTOS > CASA CIVIL,,pablo-guimaraes,diego-mattiello
4577,4689,Reset de senha Rede,6,3,2,2024-06-25 10:35:03+00:00,2024-06-25 10:39:32+00:00,,,ACESSO A SISTEMAS > REDE > RESET DE SENHA,Entidade raiz > PIRATINI > CENTRAL DE ATENDIMENTOS > CASA CIVIL,,anderson-oliveira,henrique-fernandes
4578,4690,Desativação de pontos // CC - Gabinete // Bruno Terceira,6,3,2,2024-06-25 10:41:56+00:00,2024-06-25 10:43:31+00:00,,,DTIC > INFRAESTRUTURA,Entidade raiz > PIRATINI > CENTRAL DE ATENDIMENTOS,,,
4579,4691,Solicitação de Liberação // CC - Divisão de Manutenção // Site não Carrega,6,3,1,2024-06-25 11:12:54+00:00,2024-06-25 11:14:06+00:00,,,ACESSO A SISTEMAS > REDE > LIBERAÇÃO DE ACESSO,Entidade raiz > PIRATINI > CENTRAL DE ATENDIMENTOS > CASA CIVIL,,jorge-vicente,edson-matos
4580,4692,Ajuda e Suporte \ Equipamentos,6,3,2,2024-06-25 11:26:43+00:00,2024-06-26 08:35:28+00:00,,,DTIC > EQUIPAMENTOS > RECOLHIMENTO,Entidade raiz > PIRATINI > CENTRAL DE ATENDIMENTOS > CASA CIVIL,R. Duque de Caxias 951 (Banrisul),anderson-oliveira,clarissa-avila
4581,4693,Migração de Conta // GVG - SERG // angela-oliveira,6,3,2,2024-06-25 12:00:00+00:00,2024-06-26 08:34:41+00:00,,,ACESSO A SISTEMAS > OFFICE 365,Entidade raiz > PIRATINI > CENTRAL DE ATENDIMENTOS > GVG,,pablo-guimaraes,angela-oliveira
4583,4695,IMPRESSORA TROCA DE TONNER - Ala Residencial ,6,3,2,2024-06-26 08:38:52+00:00,2024-06-26 09:30:39+00:00,,,DTIC > EQUIPAMENTOS > MANUTENÇÃO,Entidade raiz > PIRATINI > CENTRAL DE ATENDIMENTOS > GG,,jorge-vicente,luciana-conca
4584,4696,Atendimento ao usuário Suporte - Recepção do Palácio Piratini,6,3,2,2024-06-26 08:49:49+00:00,2024-06-27 08:50:40+00:00,,,DTIC > SISTEMAS > ALTERAÇÃO DE ACESSO,Entidade raiz > PIRATINI > CENTRAL DE ATENDIMENTOS > GG,,jorge-vicente,luciana-conca
4585,4697,Reset de Senha // CC - Divisão de Apoio Administrativo // Jean Rasche Goulart,6,3,1,2024-06-26 09:01:20+00:00,2024-06-26 09:01:40+00:00,,,ACESSO A SISTEMAS > REDE > RESET DE SENHA,Entidade raiz > PIRATINI > CENTRAL DE ATENDIMENTOS > CASA CIVIL,,jorge-vicente,jean-goulart
4586,4698,Ajuda e Suporte / Atendimento ao Usuário - VOIP Posto 1 ,6,3,1,2024-06-26 08:59:48+00:00,2024-06-26 16:37:34+00:00,,,AJUDA E SUPORTE > ATENDIMENTO AO USUÁRIO,Entidade raiz > PIRATINI > CENTRAL DE ATENDIMENTOS > CASA MILITAR,,thales-leite,fabiane-moraes
4587,4699,Solicitação de Suprimentos // CC - Escritório de Representação em Brasília // HP E78330z,6,3,1,2024-06-26 10:00:27+00:00,2024-06-28 16:23:16+00:00,,,IMPRESSORA,Entidade raiz > PIRATINI > CENTRAL DE ATENDIMENTOS > CASA CIVIL,,jorge-vicente,escritorio-rs
4588,4700,Acesso a Sistemas Rede Piratini,6,3,2,2024-06-26 10:00:47+00:00,2024-06-26 10:07:15+00:00,,,ACESSO A SISTEMAS > REDE > RESET DE SENHA,Entidade raiz > PIRATINI > CENTRAL DE ATENDIMENTOS > CASA CIVIL,,anderson-oliveira,melissa-costa
4589,4701,Criar conta de e-mail // GVG - Gabinete // Paulo R Salerno,6,3,2,2024-06-26 11:07:18+00:00,2024-06-26 11:07:34+00:00,,,ACESSO A SISTEMAS > OFFICE 365 > EMAIL,Entidade raiz > PIRATINI > CENTRAL DE ATENDIMENTOS > GVG,,silvio-valim,daniela-machado
4590,4702,Acesso a Sistemas\Novo usuário,6,3,2,2024-06-26 11:07:23+00:00,2024-06-27 10:48:23+00:00,,,ACESSO A SISTEMAS > REDE > LIBERAÇÃO DE ACESSO > NOVO USUÁRIO,Entidade raiz > PIRATINI > CENTRAL DE ATENDIMENTOS > GVG,,"miguelangelo, anderson-oliveira","larissa-winckler, flavia-silva"
4591,4703,Atendimento ao usuário Suporte - SECOM,6,3,2,2024-06-26 11:09:15+00:00,2024-06-28 13:25:36+00:00,,,DTIC > EQUIPAMENTOS > MANUTENÇÃO,Entidade raiz > PIRATINI > CENTRAL DE ATENDIMENTOS > SECOM,,"thales-leite, leonardo-riela",paulo-cesar
4592,4704,Caixa Compartilhada // GVG - Gabinete // Paulo Ricardo Salerno,6,3,2,2024-06-26 11:13:03+00:00,2024-06-26 11:13:16+00:00,,,ACESSO A SISTEMAS > OFFICE 365 > EMAIL > CAIXA COMPARTILHADA,Entidade raiz > PIRATINI > CENTRAL DE ATENDIMENTOS > GVG,,silvio-valim,daniela-machado
4593,4705,Caixa Compartilhada // GVG - Gabinete // Daniela Machado,6,3,2,2024-06-26 11:39:33+00:00,2024-06-26 11:39:43+00:00,,,ACESSO A SISTEMAS > OFFICE 365 > EMAIL > CAIXA COMPARTILHADA,Entidade raiz > PIRATINI > CENTRAL DE ATENDIMENTOS > GVG,,silvio-valim,daniela-machado
4594,4706,Atendimento ao usuário Suporte - Subseção de Operações Casa Militar,6,3,2,2024-06-26 12:05:48+00:00,2024-06-26 16:37:34+00:00,,,DTIC > INFRAESTRUTURA > PROBLEMA DE REDE,Entidade raiz > PIRATINI > CENTRAL DE ATENDIMENTOS > CASA MILITAR,,thales-leite,debora-aparecida
4609,4721,Acesso a Sistemas\Exclusão de Tunelamento,6,3,2,2024-06-28 13:54:11+00:00,2024-06-28 14:03:00+00:00,,,ACESSO A SISTEMAS > TÚNEL PROCERGS,Entidade raiz > PIRATINI > CENTRAL DE ATENDIMENTOS > CASA CIVIL,,anderson-oliveira,anderson-oliveira
4729,4841,Instalação certificado ISE // CC - DTIC // Lucas Sergio,6,3,2,2024-07-10 12:57:12+00:00,2024-07-10 12:57:30+00:00,,,DTIC > INFRAESTRUTURA > WI-FI,Entidade raiz > PIRATINI > CENTRAL DE ATENDIMENTOS,,,
4595,4707,Acesso a Sistemas  - LAI - LIBERAR ACESSO,6,3,2,2024-06-26 13:33:32+00:00,2024-06-27 10:29:01+00:00,,,ACESSO A SISTEMAS > SOE,Entidade raiz > PIRATINI > CENTRAL DE ATENDIMENTOS > CASA CIVIL,,miguelangelo,regina-costa
4596,4708,Alterar Dados Lista Pública // GVG - Lista Pública // Silvio Valim,6,3,2,2024-06-26 14:12:43+00:00,2024-06-26 14:12:53+00:00,,,ACESSO A SISTEMAS > OFFICE 365 > EMAIL > ATUALIZAR DADOS,Entidade raiz > PIRATINI > CENTRAL DE ATENDIMENTOS,,silvio-valim,silvio-valim
4597,4709,Atendimento ao usuário Suporte - Subseção de Operações Casa Militar,6,3,2,2024-06-27 08:54:34+00:00,2024-06-27 09:45:38+00:00,,,AJUDA E SUPORTE > ATENDIMENTO AO USUÁRIO,Entidade raiz > PIRATINI > CENTRAL DE ATENDIMENTOS > CASA MILITAR,,thales-leite,debora-aparecida
4598,4710,Acesso a Sistemas\Reset de Senha de Rede,6,3,2,2024-06-27 09:45:39+00:00,2024-06-27 09:46:01+00:00,,,ACESSO A SISTEMAS > REDE > RESET DE SENHA,Entidade raiz > PIRATINI > CENTRAL DE ATENDIMENTOS > GVG,,"edson-silva, anderson-oliveira",carla-calero
4599,4711,Acesso a Sistemas  - SGM - OUTRO,6,3,2,2024-06-27 12:28:33+00:00,2024-07-25 09:49:13+00:00,,,ACESSO A SISTEMAS > SOE,Entidade raiz > PIRATINI > CENTRAL DE ATENDIMENTOS > CASA CIVIL,R. Duque de Caxias 951 (Banrisul),miguelangelo,wagner-araujo
4600,4712,Ajuda e Suporte \ Equipamentos,6,3,2,2024-06-27 12:47:07+00:00,2024-07-04 10:34:38+00:00,,,DTIC > EQUIPAMENTOS > MANUTENÇÃO,Entidade raiz > PIRATINI > CENTRAL DE ATENDIMENTOS > CASA CIVIL,R. Duque de Caxias 951 (Banrisul),"anderson-oliveira, leonardo-riela",juliana-lima
4601,4713,OUTLOOK // ADICIONAR/EXCLUIR USUÁRIO DE CAIXA COMPARTILHADA - Subchefia Jurídica,6,3,2,2024-06-27 14:45:00+00:00,2024-06-27 16:47:19+00:00,,,ACESSO A SISTEMAS > OFFICE 365 > EMAIL > CAIXA COMPARTILHADA,Entidade raiz > PIRATINI > CENTRAL DE ATENDIMENTOS > CASA CIVIL,,anderson-oliveira,cristiane-dias
4602,4714,Ajuda e Suporte \ Equipamentos Manutenção,6,3,2,2024-06-27 17:14:11+00:00,2024-06-27 17:18:13+00:00,,,DTIC > EQUIPAMENTOS > MANUTENÇÃO,Entidade raiz > PIRATINI > CENTRAL DE ATENDIMENTOS > CASA CIVIL,,anderson-oliveira,anderson-oliveira
4603,4715,Acesso a Sistemas  - SOE Web - OUTRO,6,3,2,2024-06-27 17:45:12+00:00,2024-06-27 20:11:35+00:00,,,ACESSO A SISTEMAS > SOE,Entidade raiz > PIRATINI > CENTRAL DE ATENDIMENTOS > CASA MILITAR,,pablo-guimaraes,paulo-vogt
4604,4716,Acesso a Sistemas Rede Piratini,6,3,2,2024-06-28 10:14:16+00:00,2024-06-28 10:18:31+00:00,,,ACESSO A SISTEMAS > REDE > RESET DE SENHA,Entidade raiz > PIRATINI > CENTRAL DE ATENDIMENTOS > CASA MILITAR,,,marilei-teloken
4605,4717,Acesso a Sistemas / Caixa compartilhada,6,3,2,2024-06-28 11:05:47+00:00,2024-06-28 11:37:42+00:00,,,ACESSO A SISTEMAS > OFFICE 365 > EMAIL > CAIXA COMPARTILHADA,Entidade raiz > PIRATINI > CENTRAL DE ATENDIMENTOS > CASA CIVIL,,anderson-oliveira,barbara-zucchetti
4606,4718,Acesso a Sistemas Rede Piratini,6,3,2,2024-06-28 11:22:34+00:00,2024-06-28 12:48:45+00:00,,,DTIC > EQUIPAMENTOS > CONFIGURAÇÃO,Entidade raiz > PIRATINI > CENTRAL DE ATENDIMENTOS > CASA CIVIL,,jorge-vicente,jorge-sari
4607,4719,Reunião Cisco Teletex // CC - DTIC // Lucas Sergio ,6,3,1,2024-06-28 12:18:37+00:00,2024-06-28 12:19:26+00:00,,,DTIC > INFRAESTRUTURA > WI-FI,Entidade raiz > PIRATINI > CENTRAL DE ATENDIMENTOS,,,
4608,4720,Ajuda e Suporte \ Requisição Equipamentos,6,3,2,2024-06-28 13:51:34+00:00,2024-07-02 15:14:08+00:00,,,AJUDA E SUPORTE > MOVIMENTO DE EQUIPAMENTOS DE TI > REQUISIÇÃO,Entidade raiz > PIRATINI > CENTRAL DE ATENDIMENTOS > CASA CIVIL,,"silvio-valim, anderson-oliveira, thales-leite, leonardo-riela",alba-santos
4610,4722,Atendimento ao usuário Suporte - administrativo SECOM_VÂNIA,6,3,2,2024-06-28 15:51:20+00:00,2024-06-28 16:06:30+00:00,,,AJUDA E SUPORTE > ATENDIMENTO AO USUÁRIO,Entidade raiz > PIRATINI > CENTRAL DE ATENDIMENTOS > SECOM,,thales-leite,vania-pinto
4611,4723,Solicitação de Toner // CC - Escritório de Representação em Brasília (A4 Color) // HP E57540c,6,3,1,2024-06-28 16:25:20+00:00,2024-07-10 09:04:05+00:00,,,IMPRESSORA,Entidade raiz > PIRATINI > CENTRAL DE ATENDIMENTOS > CASA CIVIL,,jorge-vicente,escritorio-rs
4612,4724,Suporte para assinar digitalmente // GG - Gabinete // Ester Gazalle,6,3,1,2024-06-28 16:25:57+00:00,2024-06-28 16:26:05+00:00,,,AJUDA E SUPORTE > ATENDIMENTO AO USUÁRIO,Entidade raiz > PIRATINI > CENTRAL DE ATENDIMENTOS > GG,,,ester-rodrigues
4613,4725,Reset de Senha // CC - Divisão de Conservação // Jesse Pereira Ribeiro,6,3,1,2024-07-01 08:46:07+00:00,2024-07-01 08:46:29+00:00,,,ACESSO A SISTEMAS > REDE > RESET DE SENHA,Entidade raiz > PIRATINI > CENTRAL DE ATENDIMENTOS > CASA CIVIL,,jorge-vicente,jesse-ribeiro
4614,4726,Acesso a Sistemas\Reset de Senha de Rede,6,3,2,2024-07-01 08:57:12+00:00,2024-07-01 08:57:40+00:00,,,ACESSO A SISTEMAS > REDE > RESET DE SENHA,Entidade raiz > PIRATINI > CENTRAL DE ATENDIMENTOS > CASA CIVIL,,anderson-oliveira,silvia-leopoldino
4615,4727,Infraestrutura - Problema de rede,6,3,1,2024-07-01 09:03:30+00:00,2024-07-01 14:58:18+00:00,,,DTIC > INFRAESTRUTURA > PROBLEMA DE REDE,Entidade raiz > PIRATINI > CENTRAL DE ATENDIMENTOS > CASA CIVIL,,anderson-oliveira,abigail-correa
4616,4728,Atendimento ao usuário Suporte - Recepção do Palácio,6,3,2,2024-07-01 09:40:23+00:00,2024-07-02 15:11:44+00:00,,,DTIC > INFRAESTRUTURA > PROBLEMA DE REDE,Entidade raiz > PIRATINI > CENTRAL DE ATENDIMENTOS > CASA MILITAR,,"anderson-oliveira, leonardo-riela",debora-aparecida
4617,4729,Acesso a Sistemas  - PROA - DESBLOQUEAR USUÁRIO,6,3,2,2024-07-01 10:13:39+00:00,2024-07-01 12:18:24+00:00,,,ACESSO A SISTEMAS > SOE > PROA,Entidade raiz > PIRATINI > CENTRAL DE ATENDIMENTOS > GG,,miguelangelo,jovana-fonseca
4618,4730,Conectividade // PROCERGS // Rede Visitante,6,3,1,2024-07-01 10:19:47+00:00,2024-07-03 13:22:26+00:00,,,DTIC > INFRAESTRUTURA > PROBLEMA DE REDE,Entidade raiz > PIRATINI > CENTRAL DE ATENDIMENTOS,,jorge-vicente,
4619,4731,Conectividade // PROCERGS // Rede Privada - Sala do Governador,6,3,1,2024-07-01 10:32:29+00:00,2024-07-03 11:30:20+00:00,,,DTIC > INFRAESTRUTURA > PROBLEMA DE REDE,Entidade raiz > PIRATINI > CENTRAL DE ATENDIMENTOS > CASA MILITAR,,jorge-vicente,luciano-verissimo
4620,4732,Atendimento ao usuário Suporte - Duque 951,6,3,2,2024-07-01 10:54:44+00:00,2024-07-01 11:45:01+00:00,,,AJUDA E SUPORTE > ATENDIMENTO AO USUÁRIO,Entidade raiz > PIRATINI > CENTRAL DE ATENDIMENTOS > CASA CIVIL,,jorge-vicente,maristela-kaminski
4621,4733,Atendimento ao usuário Suporte - Jornalismo,6,3,2,2024-07-01 11:08:50+00:00,2024-07-01 12:04:05+00:00,,,DTIC > EQUIPAMENTOS > MANUTENÇÃO,Entidade raiz > PIRATINI > CENTRAL DE ATENDIMENTOS > SECOM,,jorge-vicente,andre-graminho
4622,4734,Atendimento ao usuário Suporte - Secretaria da Casa Civil /DGP,6,3,2,2024-07-01 12:54:42+00:00,2024-07-09 14:10:58+00:00,,,AJUDA E SUPORTE > MOVIMENTO DE EQUIPAMENTOS DE TI > REQUISIÇÃO,Entidade raiz > PIRATINI > CENTRAL DE ATENDIMENTOS > CASA CIVIL > Secretaria-Executiva > Subchefia Administrativa > Departamento de Gestão de Atos e Pessoal > Divisão de Gestão de Pessoas,R. Duque de Caxias 951 (Banrisul),"anderson-oliveira, leonardo-riela",silvia-leopoldino
4623,4735,Infraestrutura - Problema de rede,6,3,1,2024-07-01 09:00:00+00:00,2024-07-02 15:12:28+00:00,,,DTIC > INFRAESTRUTURA > PROBLEMA DE REDE,Entidade raiz > PIRATINI > CENTRAL DE ATENDIMENTOS > GG,,"jorge-vicente, anderson-oliveira",
4624,4736,Relatório mensal computadores AD // CC - DTI // Lucas Sergio,6,3,2,2024-07-01 14:51:42+00:00,2024-07-01 14:51:55+00:00,,,DTIC > INFRAESTRUTURA,Entidade raiz > PIRATINI > CENTRAL DE ATENDIMENTOS,,,
4625,4737,Relatório mensal usuários Mcfee // CC - DTI // Lucas Sergio,6,3,2,2024-07-01 14:52:39+00:00,2024-07-01 14:52:47+00:00,,,DTIC > INFRAESTRUTURA,Entidade raiz > PIRATINI > CENTRAL DE ATENDIMENTOS,,,
4626,4738,Relatório mensal computadores inativos AD // CC - DTI // Lucas Sergio,6,3,2,2024-07-01 14:53:31+00:00,2024-07-01 14:53:57+00:00,,,DTIC > INFRAESTRUTURA,Entidade raiz > PIRATINI > CENTRAL DE ATENDIMENTOS,,,
4628,4740,Verificação de arquivo alterado // CC - Legislativo // Roberta Melgar,6,3,2,2024-07-01 14:57:26+00:00,2024-07-01 14:58:37+00:00,,,AJUDA E SUPORTE > ATENDIMENTO AO USUÁRIO,Entidade raiz > PIRATINI > CENTRAL DE ATENDIMENTOS > CASA CIVIL,,,roberta-melgar
4629,4741,Atendimento ao usuário Suporte - Ala Residencial - Espaço da Assessoria,6,3,2,2024-07-01 14:57:44+00:00,2024-07-01 15:00:05+00:00,,,ACESSO A SISTEMAS > REDE > RESET DE SENHA,Entidade raiz > PIRATINI > CENTRAL DE ATENDIMENTOS > GG,,jorge-vicente,luciana-conca
4630,4742,Reunião Digifort // CM - Operações // Marcelo Antunes,6,3,2,2024-07-01 15:00:12+00:00,2024-07-01 15:00:31+00:00,,,DTIC > INFRAESTRUTURA,Entidade raiz > PIRATINI > CENTRAL DE ATENDIMENTOS,,,
4631,4743,Atendimento ao usuário Suporte - Antessala Gabinete Governador,6,3,2,2024-07-01 15:07:30+00:00,2024-07-01 15:08:54+00:00,,,ACESSO A SISTEMAS > REDE > RESET DE SENHA,Entidade raiz > PIRATINI > CENTRAL DE ATENDIMENTOS > GG,,jorge-vicente,andre-furtado
4632,4744,Atendimento ao usuário Suporte - ADMINISTRATIVO,6,3,2,2024-07-01 15:29:13+00:00,2024-07-01 16:00:23+00:00,,,DTIC > EQUIPAMENTOS > MANUTENÇÃO,Entidade raiz > PIRATINI > CENTRAL DE ATENDIMENTOS > SECOM,,jorge-vicente,andre-graminho
4633,4745,Atendimento ao usuário Suporte - Procuradoria Setorial,6,3,2,2024-07-01 15:31:33+00:00,2024-07-01 16:50:59+00:00,,,ACESSO A SISTEMAS > SOE > PROA,Entidade raiz > PIRATINI > CENTRAL DE ATENDIMENTOS > SECOM,,miguelangelo,andre-graminho
4634,4746,PROA LIBERAR ACESSO A GRUPO,6,3,2,2024-07-01 16:39:17+00:00,2024-07-03 10:37:27+00:00,,,ACESSO A SISTEMAS > SOE > PROA,Entidade raiz > PIRATINI > CENTRAL DE ATENDIMENTOS > SECOM,,miguelangelo,cristiano-tavares
4635,4747,Atendimento ao usuário Suporte - Duque 951,6,3,2,2024-07-01 16:47:56+00:00,2024-07-01 16:59:53+00:00,,,AJUDA E SUPORTE > ATENDIMENTO AO USUÁRIO,Entidade raiz > PIRATINI > CENTRAL DE ATENDIMENTOS > CASA CIVIL,,anderson-oliveira,maristela-kaminski
4636,4748,Suporte para assinar digitalmente // GG - Gabinete // Ester Gazalle,6,3,2,2024-07-01 17:04:27+00:00,2024-07-01 17:04:37+00:00,,,AJUDA E SUPORTE > ATENDIMENTO AO USUÁRIO,Entidade raiz > PIRATINI > CENTRAL DE ATENDIMENTOS > GG,,,ester-rodrigues
4637,4749,Acesso a Sistemas\Novo usuário,6,3,2,2024-07-02 09:15:15+00:00,2024-07-03 11:45:18+00:00,,,ACESSO A SISTEMAS > REDE > LIBERAÇÃO DE ACESSO > NOVO USUÁRIO,Entidade raiz > PIRATINI > CENTRAL DE ATENDIMENTOS > GVG,,"miguelangelo, anderson-oliveira",larissa-winckler
4638,4750,Não é possível scanear // CC - Protocolo // Maristela Kaminski,6,3,2,2024-07-02 09:15:52+00:00,2024-07-02 09:16:19+00:00,,,DTIC > EQUIPAMENTOS > INSTALAÇÃO > IMPRESSORA,Entidade raiz > PIRATINI > CENTRAL DE ATENDIMENTOS > CASA CIVIL,,silvio-valim,maristela-kaminski
4639,4751,Acesso ao Túnel Procergs // CC - Patrimônio // Dickson Santos,6,3,2,2024-07-02 09:19:53+00:00,2024-07-02 09:19:59+00:00,,,ACESSO A SISTEMAS > REDE > TÚNEL PROCERGS,Entidade raiz > PIRATINI > CENTRAL DE ATENDIMENTOS > CASA CIVIL,,silvio-valim,dickson-santos
4640,4752,Acesso ao Wi-fi // CC - Protocolo // Daura Rosa,6,3,2,2024-07-02 10:03:31+00:00,2024-07-02 10:06:08+00:00,,,ACESSO A SISTEMAS > REDE > WIFI,Entidade raiz > PIRATINI > CENTRAL DE ATENDIMENTOS > CASA CIVIL,,silvio-valim,daura-rosa
4641,4753,Atendimento ao usuário Suporte - 951,6,3,2,2024-07-02 10:06:42+00:00,2024-07-04 08:53:11+00:00,,,AJUDA E SUPORTE > MOVIMENTO DE EQUIPAMENTOS DE TI > REQUISIÇÃO,Entidade raiz > PIRATINI > CENTRAL DE ATENDIMENTOS > CASA CIVIL,R. Duque de Caxias 951 (Banrisul),"anderson-oliveira, thales-leite",clarissa-avila
4644,4756,Acesso a Sistemas Rede Piratini,6,3,2,2024-07-02 10:42:40+00:00,2024-07-03 14:14:41+00:00,,,ACESSO A SISTEMAS > REDE > LIBERAÇÃO DE ACESSO > NOVO USUÁRIO,Entidade raiz > PIRATINI > CENTRAL DE ATENDIMENTOS > CASA MILITAR,,anderson-oliveira,debora-aparecida
4645,4757,Atendimento ao Usuário / Ajuda e Suporte - Gabinete Gov 2º,6,3,1,2024-07-02 11:40:48+00:00,2024-07-02 11:42:22+00:00,,,,Entidade raiz > PIRATINI > CENTRAL DE ATENDIMENTOS > GG,,thales-leite,danusa-flesch
4646,4758,Atendimento ao Usuário / Ajuda e Suporte - Posto 1,6,3,1,2024-07-02 11:44:32+00:00,2024-07-02 11:45:04+00:00,,,,Entidade raiz > PIRATINI > CENTRAL DE ATENDIMENTOS > CASA MILITAR,,thales-leite,julio-pinto
4647,4759,Atendimento ao usuário Suporte - Procuradoria Setorial,6,3,2,2024-07-02 11:49:06+00:00,2024-07-03 10:40:00+00:00,,,AJUDA E SUPORTE > ATENDIMENTO AO USUÁRIO,Entidade raiz > PIRATINI > CENTRAL DE ATENDIMENTOS > SECOM,,"thales-leite, leonardo-riela",andre-graminho
4648,4760,Criação de VPN // CC - DTIC // Marcelo Antunes,6,3,2,2024-07-02 13:33:07+00:00,2024-07-09 15:57:46+00:00,,,ACESSO A SISTEMAS > REDE > TÚNEL PROCERGS,Entidade raiz > PIRATINI > CENTRAL DE ATENDIMENTOS,,,
4649,4761,Site com problema // GG - Gabinete // Ester Gazalle,6,3,1,2024-07-02 13:44:30+00:00,2024-07-03 11:29:36+00:00,,,ACESSO A SISTEMAS > REDE > LIBERAÇÃO DE ACESSO,Entidade raiz > PIRATINI > CENTRAL DE ATENDIMENTOS,,,
4650,4762,Atendimento ao usuário Suporte - SECOM,6,3,2,2024-07-02 14:53:12+00:00,2024-07-03 11:52:34+00:00,,,DTIC > EQUIPAMENTOS > MANUTENÇÃO,Entidade raiz > PIRATINI > CENTRAL DE ATENDIMENTOS > SECOM,,leonardo-riela,jorge-diene
4651,4763,Atendimento ao usuário Suporte - REDES,6,3,2,2024-07-02 17:30:34+00:00,2024-07-17 14:45:54+00:00,,,DTIC > EQUIPAMENTOS > MANUTENÇÃO,Entidade raiz > PIRATINI > CENTRAL DE ATENDIMENTOS > SECOM,Palácio do Piratini,"thales-leite, leonardo-riela",andre-graminho
4652,4764,INCIDENTE  - Administrativo da SECOM,6,3,2,2024-07-03 09:48:12+00:00,2024-07-04 13:45:06+00:00,,,DTIC > INFRAESTRUTURA > OUTROS,Entidade raiz > PIRATINI > CENTRAL DE ATENDIMENTOS > SECOM,,"anderson-oliveira, thales-leite",cristiano-tavares
4653,4765,Atendimento ao usuário Suporte - secom,6,3,2,2024-07-03 10:25:31+00:00,2024-07-11 10:49:53+00:00,,,DTIC > EQUIPAMENTOS > MANUTENÇÃO,Entidade raiz > PIRATINI > CENTRAL DE ATENDIMENTOS > SECOM,Palácio do Piratini,"thales-leite, leonardo-riela",jean-rangel
4654,4766,INGRESSO DE SERVIDOR,6,4,2,2024-07-03 10:56:12+00:00,2024-07-03 12:24:34+00:00,,,ACESSO A SISTEMAS > REDE > LIBERAÇÃO DE ACESSO > NOVO USUÁRIO,Entidade raiz > PIRATINI > CENTRAL DE ATENDIMENTOS > CASA CIVIL > Secretaria-Executiva > Subchefia Administrativa > Departamento de Gestão de Atos e Pessoal > Divisão de Gestão de Pessoas,,"miguelangelo, anderson-oliveira",silvia-leopoldino
4655,4767,"OFFICE 365 // NOVA CONTA DE EMAIL - Duque de Caxias, 951",6,3,2,2024-07-03 11:24:37+00:00,2024-07-03 15:57:03+00:00,,,ACESSO A SISTEMAS > OFFICE 365 > EMAIL > NOVO USUÁRIO,Entidade raiz > PIRATINI > CENTRAL DE ATENDIMENTOS > CASA CIVIL,R. Duque de Caxias 951 (Banrisul),anderson-oliveira,maristela-kaminski
4656,4768,PROA LIBERAR ACESSO A GRUPO,6,3,2,2024-07-03 11:25:46+00:00,2024-07-03 11:57:41+00:00,,,ACESSO A SISTEMAS > SOE > PROA > ADICIONAR A GRUPO,Entidade raiz > PIRATINI > CENTRAL DE ATENDIMENTOS > CASA CIVIL,,miguelangelo,maristela-kaminski
4657,4769,Acesso a Sistemas  - GDG - LIBERAR ACESSO,6,3,2,2024-07-03 11:26:46+00:00,2024-07-03 11:58:45+00:00,,,ACESSO A SISTEMAS > SOE,Entidade raiz > PIRATINI > CENTRAL DE ATENDIMENTOS > CASA CIVIL,,miguelangelo,maristela-kaminski
4658,4770,Instalação de novo certificado ISE // CC - DTIC // Lucas Sergio,6,3,1,2024-07-03 11:31:54+00:00,2024-07-03 11:32:23+00:00,,,DTIC > INFRAESTRUTURA > WI-FI,Entidade raiz > PIRATINI > CENTRAL DE ATENDIMENTOS,,,
4659,4771,Suporte técnico // GG - Gabinete // Luciano Verissimo,6,3,2,2024-07-03 11:52:36+00:00,2024-07-03 11:52:45+00:00,,,AJUDA E SUPORTE > ATENDIMENTO AO USUÁRIO,Entidade raiz > PIRATINI > CENTRAL DE ATENDIMENTOS > CASA MILITAR,,,luciano-verissimo
4660,4772,Reset senha de rede // CC - SAA // Alessandro Rozek,6,3,2,2024-07-03 12:05:35+00:00,2024-07-03 12:05:48+00:00,,,ACESSO A SISTEMAS > SOE > RESET DE SENHA,Entidade raiz > PIRATINI > CENTRAL DE ATENDIMENTOS > CASA CIVIL,,,alessandro-rozek
4661,4773,Acesso a Sistemas Rede Piratini,6,3,2,2024-07-03 14:02:49+00:00,2024-07-03 14:08:16+00:00,,,ACESSO A SISTEMAS > REDE > RESET DE SENHA,Entidade raiz > PIRATINI > CENTRAL DE ATENDIMENTOS > SECOM,,anderson-oliveira,cristiano-tavares
4662,4774,Atendimento ao usuário Suporte - Subchefia interior DAMAC,6,3,2,2024-07-03 15:30:26+00:00,2024-07-03 15:32:17+00:00,,,AJUDA E SUPORTE > ATENDIMENTO AO USUÁRIO,Entidade raiz > PIRATINI > CENTRAL DE ATENDIMENTOS > CASA CIVIL,,anderson-oliveira,paulo-speck
4663,4775,Acesso a Sistemas  - FPE - OUTRO,6,3,2,2024-07-03 15:57:37+00:00,2024-07-11 10:11:05+00:00,,,ACESSO A SISTEMAS > SOE > FPE,Entidade raiz > PIRATINI > CENTRAL DE ATENDIMENTOS > CASA MILITAR,,miguelangelo,paulo-vogt
4664,4776,Ajuda e Suporte/ Equipamentos,6,3,2,2024-07-04 09:39:51+00:00,2024-09-02 17:41:03+00:00,,,DTIC > EQUIPAMENTOS > RECOLHIMENTO,Entidade raiz > PIRATINI > CENTRAL DE ATENDIMENTOS > CASA CIVIL,,anderson-oliveira,clarissa-avila
4665,4777,Desativação contas de rede e computadores // CC - DTIC // Lucas Serg,6,3,2,2024-07-04 10:00:47+00:00,2024-07-04 10:01:59+00:00,,,DTIC > INFRAESTRUTURA,Entidade raiz > PIRATINI > CENTRAL DE ATENDIMENTOS,,,
4666,4778,Atendimento ao usuário Suporte - Duque 1005,6,3,2,2024-07-04 10:48:26+00:00,2024-07-05 09:45:19+00:00,,,AJUDA E SUPORTE > ATENDIMENTO AO USUÁRIO,Entidade raiz > PIRATINI > CENTRAL DE ATENDIMENTOS > CASA CIVIL,,"anderson-oliveira, thales-leite, leonardo-riela",maristela-kaminski
4667,4779,Resetar Senha de Rede // CC - Protocolo // Marília Castro,6,3,2,2024-07-04 11:20:26+00:00,2024-07-04 11:20:52+00:00,,,ACESSO A SISTEMAS > REDE > RESET DE SENHA,Entidade raiz > PIRATINI > CENTRAL DE ATENDIMENTOS > CASA CIVIL,,silvio-valim,marilia-castro
4668,4780,PROA LIBERAR ACESSO A GRUPO,6,3,2,2024-07-04 11:56:10+00:00,2024-07-05 10:14:42+00:00,,,ACESSO A SISTEMAS > SOE > PROA > ADICIONAR A GRUPO,Entidade raiz > PIRATINI > CENTRAL DE ATENDIMENTOS > CASA CIVIL,,"silvio-valim, miguelangelo",maristela-kaminski
4669,4781,"Outlook //CAIXA COMPARTILHADA - Duque de Caxias, 951",6,3,2,2024-07-04 11:57:46+00:00,2024-07-04 12:35:12+00:00,,,ACESSO A SISTEMAS > OFFICE 365 > EMAIL > CAIXA COMPARTILHADA,Entidade raiz > PIRATINI > CENTRAL DE ATENDIMENTOS > CASA CIVIL,,anderson-oliveira,maristela-kaminski
4670,4782,Atendimento ao usuário Suporte - Publicidade,6,3,2,2024-07-04 14:26:19+00:00,2024-07-11 10:38:55+00:00,,,DTIC > INFRAESTRUTURA > PROBLEMA DE REDE,Entidade raiz > PIRATINI > CENTRAL DE ATENDIMENTOS > SECOM,,"anderson-oliveira, thales-leite, leonardo-riela",andre-graminho
4753,4865,Excluir Conta Office E Rede // CC - DTIC // Alice Dutra ,6,3,2,2024-07-12 14:17:27+00:00,2024-07-12 15:19:50+00:00,,,ACESSO A SISTEMAS > OFFICE 365 > EMAIL > EXCLUSÃO,Entidade raiz > PIRATINI > CENTRAL DE ATENDIMENTOS,,"silvio-valim, anderson-oliveira",silvio-valim
4671,4783,INCIDENTE  - Administrativo da SECOM,6,3,2,2024-07-04 14:42:51+00:00,2024-07-11 10:39:18+00:00,,,DTIC > INFRAESTRUTURA > PROBLEMA DE REDE,Entidade raiz > PIRATINI > CENTRAL DE ATENDIMENTOS > SECOM,,"anderson-oliveira, thales-leite, leonardo-riela",cristiano-tavares
4672,4784,Atendimento ao usuário Suporte - DCC - Dep. de compras e contratos ,6,3,2,2024-07-04 16:04:01+00:00,2024-07-04 17:10:06+00:00,,,AJUDA E SUPORTE > INSTALAÇÃO DE EQUIPAMENTOS,Entidade raiz > PIRATINI > CENTRAL DE ATENDIMENTOS > CASA CIVIL,R. Duque de Caxias 951 (Banrisul),"silvio-valim, anderson-oliveira",zeni-santos
4673,4785,Configurar WI-fi celular // CC - Protocolo // Patricia Nunes,6,3,2,2024-07-04 16:33:30+00:00,2024-07-04 16:33:42+00:00,,,ACESSO A SISTEMAS > REDE > WIFI,Entidade raiz > PIRATINI > CENTRAL DE ATENDIMENTOS > CASA CIVIL,,silvio-valim,patricia-nunes
4674,4786,"OFFICE 365 // ASSESSORIA ESPECÍFICA  - DINFO - Duque de Caxias, 951",6,3,2,2024-07-05 08:59:02+00:00,2024-07-05 09:20:45+00:00,,,AJUDA E SUPORTE > INSTALAÇÃO DE SOFTWARE,Entidade raiz > PIRATINI > CENTRAL DE ATENDIMENTOS > CASA CIVIL > Secretaria-Executiva > Subchefia Juridica,R. Duque de Caxias 951 (Banrisul),anderson-oliveira,lucas-silva
4675,4787,Acesso a Sistemas  - GDG - LIBERAR ACESSO,6,3,2,2024-07-05 09:11:51+00:00,2024-07-05 10:07:11+00:00,,,ACESSO A SISTEMAS > SOE,Entidade raiz > PIRATINI > CENTRAL DE ATENDIMENTOS > CASA CIVIL,,miguelangelo,maristela-kaminski
4676,4788,Acesso a Sistemas  - GDG - LIBERAR ACESSO,6,3,2,2024-07-05 09:13:00+00:00,2024-07-05 10:08:29+00:00,,,ACESSO A SISTEMAS > SOE,Entidade raiz > PIRATINI > CENTRAL DE ATENDIMENTOS > CASA CIVIL,,miguelangelo,maristela-kaminski
4677,4789,Acesso a Sistemas  - GDG - LIBERAR ACESSO,6,3,2,2024-07-05 09:13:51+00:00,2024-07-05 10:09:27+00:00,,,ACESSO A SISTEMAS > SOE,Entidade raiz > PIRATINI > CENTRAL DE ATENDIMENTOS > CASA CIVIL,,miguelangelo,maristela-kaminski
4678,4790,Acesso a Sistemas  - GDG - LIBERAR ACESSO,6,3,2,2024-07-05 09:14:41+00:00,2024-07-05 10:10:42+00:00,,,ACESSO A SISTEMAS > SOE,Entidade raiz > PIRATINI > CENTRAL DE ATENDIMENTOS > CASA CIVIL,,miguelangelo,maristela-kaminski
4679,4791,Acesso a Sistemas  - GDG - LIBERAR ACESSO,6,3,2,2024-07-05 09:16:26+00:00,2024-07-05 10:13:47+00:00,,,ACESSO A SISTEMAS > SOE,Entidade raiz > PIRATINI > CENTRAL DE ATENDIMENTOS > CASA CIVIL,,miguelangelo,maristela-kaminski
4680,4792,INCIDENTE  - Coordenadoria Estadual de Proteção e Defesa Civil,6,3,2,2024-07-05 10:33:27+00:00,2024-07-05 13:04:06+00:00,,,ACESSO A SISTEMAS > REDE > RESET DE SENHA,Entidade raiz > PIRATINI > CENTRAL DE ATENDIMENTOS > CASA MILITAR,,anderson-oliveira,elisandra-decantam
4681,4793,Atendimento ao usuário Suporte - 951,6,3,2,2024-07-05 13:13:32+00:00,2024-07-08 09:40:54+00:00,,,ACESSO A SISTEMAS > REDE > LIBERAÇÃO DE ACESSO > NOVO USUÁRIO,Entidade raiz > PIRATINI > CENTRAL DE ATENDIMENTOS > CASA CIVIL,R. Duque de Caxias 951 (Banrisul),"miguelangelo, anderson-oliveira",clarissa-avila
4682,4794,Atendimento ao usuário Suporte - ADMINISTRATIVO RIACHUELO,6,3,2,2024-07-05 13:55:16+00:00,2024-07-05 16:10:02+00:00,,,DTIC > INFRAESTRUTURA > PROBLEMA DE REDE,Entidade raiz > PIRATINI > CENTRAL DE ATENDIMENTOS > SECOM,,"anderson-oliveira, thales-leite",andre-graminho
4683,4795,Acesso a Sistemas  - Geral - LIBERAR ACESSO,6,3,2,2024-07-05 13:59:19+00:00,2024-07-05 16:14:02+00:00,,,ACESSO A SISTEMAS > REDE > LIBERAÇÃO DE ACESSO > NOVO USUÁRIO,Entidade raiz > PIRATINI > CENTRAL DE ATENDIMENTOS > CASA CIVIL,,anderson-oliveira,melina-andrade
4684,4796,Atendimento ao usuário Suporte - jornalismo,6,3,2,2024-07-05 14:14:33+00:00,2024-07-08 17:45:34+00:00,,,DTIC > EQUIPAMENTOS > MANUTENÇÃO,Entidade raiz > PIRATINI > CENTRAL DE ATENDIMENTOS > SECOM,,"thales-leite, leonardo-riela",andre-graminho
4685,4797,Troca de Toner // GG - Cerimonial // HP E57540c,6,3,1,2024-07-05 15:15:50+00:00,2024-07-05 15:17:06+00:00,,,IMPRESSORA,Entidade raiz > PIRATINI > CENTRAL DE ATENDIMENTOS,,jorge-vicente,jorge-vicente
4686,4798,Devolução Equipamento,6,3,2,2024-07-05 16:50:50+00:00,2024-07-23 16:33:04+00:00,,,,Entidade raiz > PIRATINI > CENTRAL DE ATENDIMENTOS > CASA CIVIL,,anderson-oliveira,"jonatan-bronstrup, clarissa-avila"
4687,4799,Cadastro GDG // GG - SEHAB // jovana-beck,6,3,2,2024-07-05 12:00:00+00:00,2024-07-05 17:00:06+00:00,,,ACESSO A SISTEMAS > SOE,Entidade raiz > PIRATINI > CENTRAL DE ATENDIMENTOS > GG,,pablo-guimaraes,jovana-fonseca
4688,4800,Ajuda e suporte devolução equipamento,6,3,2,2024-07-05 17:07:04+00:00,2024-07-05 17:07:52+00:00,,,,Entidade raiz > PIRATINI > CENTRAL DE ATENDIMENTOS > CASA CIVIL,,anderson-oliveira,matheus-xavier
4689,4801,Acesso a Sistemas  - Geral - LIBERAR ACESSO,6,3,2,2024-07-08 08:59:24+00:00,2024-07-11 09:15:44+00:00,,,ACESSO A SISTEMAS > SOE > FPE,Entidade raiz > PIRATINI > CENTRAL DE ATENDIMENTOS > CASA CIVIL,,"silvio-valim, pablo-guimaraes",melina-andrade
4690,4802,Acesso a Sistemas  - Túnel PROCERGS - LIBERAR ACESSO,6,3,2,2024-07-08 10:01:06+00:00,2024-07-10 11:30:07+00:00,,,ACESSO A SISTEMAS > TÚNEL PROCERGS,Entidade raiz > PIRATINI > CENTRAL DE ATENDIMENTOS > CASA MILITAR,,pablo-guimaraes,thiago-santos
4691,4803,Substituir cabo de Rede // CC - Protocolo // Catieli Vigne,6,3,2,2024-07-08 10:07:45+00:00,2024-07-08 10:10:28+00:00,,,DTIC > INFRAESTRUTURA,Entidade raiz > PIRATINI > CENTRAL DE ATENDIMENTOS > CASA CIVIL,,thales-leite,catieli-vigne
4692,4804,Ajuda e suporte devolução equipamento,6,3,2,2024-07-08 10:22:20+00:00,2024-08-27 10:46:29+00:00,,,AJUDA E SUPORTE > MOVIMENTO DE EQUIPAMENTOS DE TI > DEVOLUÇÃO,Entidade raiz > PIRATINI > CENTRAL DE ATENDIMENTOS > CASA CIVIL,,anderson-oliveira,patricia-piccoli
4693,4805,Wi-Fi com problema // GG - Residencia // Ester Gazalle,6,3,1,2024-07-08 10:33:09+00:00,2024-07-09 15:58:35+00:00,,,DTIC > INFRAESTRUTURA > WI-FI,Entidade raiz > PIRATINI > CENTRAL DE ATENDIMENTOS > GG,,,ester-rodrigues
4694,4806,"Atendimento ao usuário Suporte - SECOM - Administrativo na Riachuelo, 1098 (Tribuno) ",6,3,2,2024-07-08 10:47:15+00:00,2024-07-10 10:59:52+00:00,,,DTIC > EQUIPAMENTOS > CONFIGURAÇÃO,Entidade raiz > PIRATINI > CENTRAL DE ATENDIMENTOS > SECOM,,thales-leite,cristiano-tavares
4695,4807,"Atendimento ao usuário Suporte - SECOM - Administrativo na Riachuelo, 1098 (Tribuno) - Gabinete sala 1002",6,3,2,2024-07-08 12:24:52+00:00,2024-07-08 17:52:00+00:00,,,AJUDA E SUPORTE > ATENDIMENTO AO USUÁRIO,Entidade raiz > PIRATINI > CENTRAL DE ATENDIMENTOS > SECOM,,thales-leite,cristiano-tavares
4777,4889,Acesso a Sistemas\Reset de Senha de Rede,6,3,2,2024-07-15 14:13:53+00:00,2024-07-15 14:14:45+00:00,,,ACESSO A SISTEMAS > REDE > RESET DE SENHA,Entidade raiz > PIRATINI > CENTRAL DE ATENDIMENTOS > CASA CIVIL,CAFF > 1° Andar - Ouvidoria,anderson-oliveira,regina-costa
4696,4808,Outlook //CAIXA COMPARTILHADA - DIVISÃO DE ASSISTENCIA AS COMUNIDADES ATINGIDAS,6,3,2,2024-07-08 12:50:08+00:00,2024-07-08 15:39:01+00:00,,,ACESSO A SISTEMAS > OFFICE 365 > EMAIL > CAIXA COMPARTILHADA,Entidade raiz > PIRATINI > CENTRAL DE ATENDIMENTOS > CASA MILITAR,,silvio-valim,elisandra-decantam
4697,4809,"OFFICE 365 // ASSESSORIA ESPECÍFICA  - Duque de Caxias, 951",6,3,2,2024-07-08 13:56:38+00:00,2024-07-08 14:41:30+00:00,,,ACESSO A SISTEMAS > OFFICE 365,Entidade raiz > PIRATINI > CENTRAL DE ATENDIMENTOS > CASA CIVIL,,silvio-valim,maristela-kaminski
4698,4810,OFFICE 365 // ASSESSORIA ESPECÍFICA  - Administrativo SECOM,6,3,2,2024-07-08 14:45:26+00:00,2024-07-08 16:50:50+00:00,,,ACESSO A SISTEMAS > OFFICE 365,Entidade raiz > PIRATINI > CENTRAL DE ATENDIMENTOS > SECOM,,anderson-oliveira,cristiano-tavares
4699,4811,Ajuda e Suporte / Atendimento ao Usuário - Movimentação de Duas mesas ,6,3,1,2024-07-08 14:52:17+00:00,2024-07-08 16:46:25+00:00,,,AJUDA E SUPORTE,Entidade raiz > PIRATINI > CENTRAL DE ATENDIMENTOS > CASA CIVIL,,"thales-leite, leonardo-riela",deborah-goes
4700,4812,Atendimento ao usuário Suporte - SECOM,6,3,2,2024-07-08 15:50:21+00:00,2024-07-16 16:24:45+00:00,,,DTIC > EQUIPAMENTOS > MANUTENÇÃO,Entidade raiz > PIRATINI > CENTRAL DE ATENDIMENTOS > SECOM,Palácio do Piratini,"anderson-oliveira, thales-leite, leonardo-riela",jean-rangel
4701,4813,OFFICE 365 // ASSESSORIA ESPECÍFICA  - Duque de Caxias 951,6,3,2,2024-07-08 15:55:31+00:00,2024-07-08 17:55:53+00:00,,,ACESSO A SISTEMAS > OFFICE 365,Entidade raiz > PIRATINI > CENTRAL DE ATENDIMENTOS > CASA CIVIL,,silvio-valim,patricia-nunes
4702,4814,Acesso a Sistemas\Caixa Compartilhada,6,3,2,2024-07-08 16:08:03+00:00,2024-07-08 17:53:47+00:00,,,ACESSO A SISTEMAS > OFFICE 365 > EMAIL > CAIXA COMPARTILHADA,Entidade raiz > PIRATINI > CENTRAL DE ATENDIMENTOS > GVG,,anderson-oliveira,daniela-machado
4703,4815,"Atendimento ao usuário Suporte - SECOM - Administrativo na Riachuelo, 1098 (Tribuno) - Solicitação da Karen Strauss",6,3,2,2024-07-08 16:13:15+00:00,2024-07-08 17:52:59+00:00,,,AJUDA E SUPORTE > ATENDIMENTO AO USUÁRIO,Entidade raiz > PIRATINI > CENTRAL DE ATENDIMENTOS > SECOM,,"anderson-oliveira, thales-leite",cristiano-tavares
4704,4816,Acesso a Sistemas\Caixa Compartilhada,6,3,2,2024-07-08 16:08:03+00:00,2024-07-08 17:53:59+00:00,,,ACESSO A SISTEMAS > OFFICE 365 > EMAIL > CAIXA COMPARTILHADA,Entidade raiz > PIRATINI > CENTRAL DE ATENDIMENTOS > GVG,,anderson-oliveira,daniela-machado
4705,4817,Acesso a Sistemas Rede Piratini,6,3,2,2024-07-08 18:08:32+00:00,2024-07-09 09:05:30+00:00,,,ACESSO A SISTEMAS > REDE > RESET DE SENHA,Entidade raiz > PIRATINI > CENTRAL DE ATENDIMENTOS > CASA MILITAR,,anderson-oliveira,marcel-martins
4897,5009,Atendimento ao usuário Suporte - DMP,6,3,2,2024-07-25 08:43:30+00:00,2024-07-25 09:05:23+00:00,,,AJUDA E SUPORTE > ATENDIMENTO AO USUÁRIO,Entidade raiz > PIRATINI > CENTRAL DE ATENDIMENTOS > CASA CIVIL,,anderson-oliveira,melina-andrade
4706,4818,REMOÇÃO DE ACESSO //RH,6,3,2,2024-07-09 09:09:02+00:00,2024-07-09 15:32:26+00:00,,,DTIC > SISTEMAS > REMOÇÃO DE ACESSO SISTEMA,Entidade raiz > PIRATINI > CENTRAL DE ATENDIMENTOS > CASA CIVIL,,"silvio-valim, miguelangelo, anderson-oliveira",carlos-duarte
4707,4819,REMOÇÃO DE ACESSO //RH,6,3,2,2024-07-09 09:09:02+00:00,2024-07-09 10:56:36+00:00,,,DTIC > SISTEMAS > REMOÇÃO DE ACESSO SISTEMA,Entidade raiz > PIRATINI > CENTRAL DE ATENDIMENTOS > CASA CIVIL,,"silvio-valim, miguelangelo, anderson-oliveira",carlos-duarte
4708,4820,Criação de rede // CM - Operações // Lucas Sergio,6,3,2,2024-07-09 11:05:16+00:00,2024-07-26 11:19:32+00:00,,,DTIC > INFRAESTRUTURA,Entidade raiz > PIRATINI > CENTRAL DE ATENDIMENTOS,Palácio do Piratini,,
4709,4821,Acesso a Sistemas  - GDG - LIBERAR ACESSO,6,3,2,2024-07-09 12:04:48+00:00,2024-07-09 15:02:54+00:00,,,ACESSO A SISTEMAS > SOE,Entidade raiz > PIRATINI > CENTRAL DE ATENDIMENTOS > CASA CIVIL,,miguelangelo,maristela-kaminski
4710,4822,Atendimento ao usuário Suporte - Gabinete do Municípios e Prefeitos,6,3,2,2024-07-09 12:28:48+00:00,2024-07-09 14:36:18+00:00,,,AJUDA E SUPORTE > ATENDIMENTO AO USUÁRIO,Entidade raiz > PIRATINI > CENTRAL DE ATENDIMENTOS > CASA CIVIL,,anderson-oliveira,melissa-costa
4711,4823,Atendimento ao usuário Suporte - Divisão de Protocolo e Gerenciamento de Arquivos,6,3,2,2024-07-09 15:38:48+00:00,2024-07-09 17:05:24+00:00,,,DTIC > SISTEMAS > REMOÇÃO DE ACESSO SISTEMA,Entidade raiz > PIRATINI > CENTRAL DE ATENDIMENTOS > CASA CIVIL,,anderson-oliveira,diego-mattiello
4712,4824,Wi-Fi com problema // GG - Ala Residencial // Ester Gazalle,6,3,1,2024-07-09 15:59:24+00:00,2024-07-09 15:59:37+00:00,,,DTIC > INFRAESTRUTURA > WI-FI,Entidade raiz > PIRATINI > CENTRAL DE ATENDIMENTOS > GG,,,ester-rodrigues
4713,4825,INCIDENTE  - Secom - Riachuelo,6,3,2,2024-07-09 16:01:22+00:00,2024-07-10 13:27:56+00:00,,,DTIC > INFRAESTRUTURA > OUTROS,Entidade raiz > PIRATINI > CENTRAL DE ATENDIMENTOS > SECOM,,thales-leite,luis-zorzan
4714,4826,Atendimento ao usuário Suporte - Eventos,6,3,2,2024-07-09 16:05:32+00:00,2024-07-11 10:40:20+00:00,,,DTIC > INFRAESTRUTURA > PROBLEMA DE REDE,Entidade raiz > PIRATINI > CENTRAL DE ATENDIMENTOS > SECOM,,leonardo-riela,andre-graminho
4715,4827,Atendimento ao usuário Suporte - Gabinete do Municípios e Prefeitos,6,3,2,2024-07-09 17:03:05+00:00,2024-07-10 10:12:22+00:00,,,AJUDA E SUPORTE > ATENDIMENTO AO USUÁRIO,Entidade raiz > PIRATINI > CENTRAL DE ATENDIMENTOS > CASA CIVIL,,thales-leite,melissa-costa
4716,4828,Desativação servidor PFsense // CC - DTIC // Lucas Sergio,6,3,2,2024-07-09 18:31:23+00:00,2024-07-23 13:21:33+00:00,,,DTIC > INFRAESTRUTURA,Entidade raiz > PIRATINI > CENTRAL DE ATENDIMENTOS,,,
4717,4829,Sem acesso ào S Scan // CC - DRH // Noeli Silveira,6,3,2,2024-07-10 09:17:48+00:00,2024-07-10 09:17:54+00:00,,,AJUDA E SUPORTE > ATENDIMENTO AO USUÁRIO,Entidade raiz > PIRATINI > CENTRAL DE ATENDIMENTOS > CASA CIVIL,,silvio-valim,noeli-lima
4718,4830,Atendimento ao usuário Suporte - Conservação e Memória,6,3,2,2024-07-10 09:21:11+00:00,2024-07-10 10:20:50+00:00,,,AJUDA E SUPORTE > ATENDIMENTO AO USUÁRIO,Entidade raiz > PIRATINI > CENTRAL DE ATENDIMENTOS > GG,,thales-leite,bruno-rien
4719,4831,Atendimento ao usuário Suporte - Sala da Subchefia jurídica junto à Sub Legislativa predio 951,6,3,2,2024-07-10 09:45:50+00:00,2024-07-10 13:39:37+00:00,,,AJUDA E SUPORTE > INSTALAÇÃO DE SOFTWARE,Entidade raiz > PIRATINI > CENTRAL DE ATENDIMENTOS > CASA CIVIL,,anderson-oliveira,wagner-araujo
4720,4832,solicitação de Acesso ao Tunel Procergs,6,3,2,2024-07-10 12:00:00+00:00,2024-07-10 12:21:10+00:00,,,ACESSO A SISTEMAS > REDE > TÚNEL PROCERGS,Entidade raiz > PIRATINI > CENTRAL DE ATENDIMENTOS > GVG,CAFF,"silvio-valim, edson-silva, anderson-oliveira",flavia-silva
4721,4833,solicitação de Reset de Senha Rede,6,3,2,2024-07-10 11:09:13+00:00,2024-07-10 11:25:57+00:00,,,ACESSO A SISTEMAS > REDE > RESET DE SENHA,Entidade raiz > PIRATINI > CENTRAL DE ATENDIMENTOS > GVG,,"edson-silva, anderson-oliveira",carla-calero
4722,4834,Atendimento ao usuário Suporte - ADMINISTRATIVO,6,3,2,2024-07-10 11:15:39+00:00,2024-07-10 13:28:38+00:00,,,DTIC > EQUIPAMENTOS > CONFIGURAÇÃO,Entidade raiz > PIRATINI > CENTRAL DE ATENDIMENTOS > SECOM,,thales-leite,andre-graminho
4723,4835,Acesso a Sistemas Rede Piratini,6,3,2,2024-07-10 11:19:11+00:00,2024-07-11 10:05:33+00:00,,,ACESSO A SISTEMAS > REDE > LIBERAÇÃO DE ACESSO > NOVO USUÁRIO,Entidade raiz > PIRATINI > CENTRAL DE ATENDIMENTOS > SECOM,,"miguelangelo, anderson-oliveira",andre-graminho
4724,4836,Acesso a Sistemas  - GDG - OUTRO,6,3,2,2024-07-10 11:21:03+00:00,2024-08-09 16:51:33+00:00,,,,Entidade raiz > PIRATINI > CENTRAL DE ATENDIMENTOS > CASA CIVIL,,pablo-guimaraes,maristela-kaminski
4725,4837,Atendimento ao usuário Suporte - administrativo SECOM_VÂNIA,6,3,2,2024-07-10 11:29:11+00:00,2024-07-12 09:19:33+00:00,,,ACESSO A SISTEMAS > OFFICE 365 > EMAIL > CAIXA COMPARTILHADA,Entidade raiz > PIRATINI > CENTRAL DE ATENDIMENTOS > SECOM,,pablo-guimaraes,vania-pinto
4726,4838,Ajuda e Suporte/ Equipamentos/SUBCHEFIADO INTERIOR,6,3,2,2024-07-10 11:34:35+00:00,2024-07-19 16:42:23+00:00,,,AJUDA E SUPORTE > MOVIMENTO DE EQUIPAMENTOS DE TI > REQUISIÇÃO,Entidade raiz > PIRATINI > CENTRAL DE ATENDIMENTOS > CASA CIVIL,R. Duque de Caxias 951 (Banrisul),anderson-oliveira,janio-junior
4727,4839,solicitação de criação de usuário padrão,6,3,1,2024-07-10 12:00:00+00:00,2024-07-10 12:00:00+00:00,,,,Entidade raiz > PIRATINI > CENTRAL DE ATENDIMENTOS > CASA MILITAR,,edson-silva,edson-silva
4728,4840,Inclusão em Cx Compartilhada // CC - OGE // regina-costa,6,3,2,2024-07-10 12:00:00+00:00,2024-07-11 09:02:05+00:00,,,ACESSO A SISTEMAS > OFFICE 365 > EMAIL > CAIXA COMPARTILHADA,Entidade raiz > PIRATINI > CENTRAL DE ATENDIMENTOS > CASA CIVIL > Secretaria-Executiva > Ouvidoria Geral do Estado,,pablo-guimaraes,regina-costa
4730,4842,OFFICE 365 // ASSESSORIA ESPECÍFICA  - Duque de Caxias 951,6,3,2,2024-07-10 14:33:32+00:00,2024-07-10 15:12:58+00:00,,,AJUDA E SUPORTE > ATENDIMENTO AO USUÁRIO,Entidade raiz > PIRATINI > CENTRAL DE ATENDIMENTOS > CASA CIVIL,R. Duque de Caxias 951 (Banrisul),silvio-valim,patricia-nunes
4731,4843,Falha ao mover e-mails // CC - DINFO // Cristiane Dias,6,3,2,2024-07-10 14:46:44+00:00,2024-07-12 16:28:37+00:00,,,ACESSO A SISTEMAS > OFFICE 365 > EMAIL,Entidade raiz > PIRATINI > CENTRAL DE ATENDIMENTOS > CASA CIVIL,,silvio-valim,cristiane-dias
4732,4844,Acesso a Sistemas / Reset senha de Rede,6,3,2,2024-07-10 15:50:22+00:00,2024-07-10 15:52:19+00:00,,,ACESSO A SISTEMAS > REDE > RESET DE SENHA,Entidade raiz > PIRATINI > CENTRAL DE ATENDIMENTOS > CASA CIVIL,,anderson-oliveira,regina-costa
4733,4845,recolhimento Datashow para Apresentação,6,3,1,2024-07-10 15:53:59+00:00,2024-07-10 15:53:59+00:00,,,,Entidade raiz > PIRATINI > CENTRAL DE ATENDIMENTOS,,edson-silva,edson-silva
4734,4846,Acesso a Sistemas  - Túnel PROCERGS - OUTRO,6,3,2,2024-07-10 16:03:58+00:00,2024-07-16 13:58:27+00:00,,,ACESSO A SISTEMAS > TÚNEL PROCERGS,Entidade raiz > PIRATINI > CENTRAL DE ATENDIMENTOS > SECOM,,jorge-vicente,luis-zorzan
4735,4847,Criação de servidor // CM - Transportes // Alencar,6,3,2,2024-07-10 16:09:38+00:00,2024-07-30 16:10:57+00:00,,,DTIC > INFRAESTRUTURA,Entidade raiz > PIRATINI > CENTRAL DE ATENDIMENTOS > CASA MILITAR,,,rodrigo-alencar
4736,4848,Acesso a Sistemas  - GDG - OUTRO,6,3,2,2024-07-10 16:47:28+00:00,2024-07-11 10:09:36+00:00,,,,Entidade raiz > PIRATINI > CENTRAL DE ATENDIMENTOS > CASA CIVIL,,miguelangelo,maristela-kaminski
4737,4849,Ajuda e Suporte / Atendimento ao Usuário - Renovar config. Impressoras (Bittencourt),6,3,2,2024-07-11 09:08:28+00:00,2024-07-12 13:45:21+00:00,,,DTIC > EQUIPAMENTOS > INSTALAÇÃO > IMPRESSORA,Entidade raiz > PIRATINI > CENTRAL DE ATENDIMENTOS > GG,,"thales-leite, leonardo-riela",luciana-conca
4738,4850,Criar Grupo Teams // CC - DAMAC // Clarissa Àvila,6,3,2,2024-07-11 12:00:00+00:00,2024-07-11 12:00:00+00:00,,,,Entidade raiz > PIRATINI > CENTRAL DE ATENDIMENTOS > CASA CIVIL > Secretaria-Executiva > Subchefia de Assuntos do Interior,,silvio-valim,clarissa-avila
4739,4851,Acesso a Sistemas  - FPE - DESBLOQUEAR USUÁRIO,6,3,2,2024-07-11 10:12:03+00:00,2024-07-11 10:41:19+00:00,,,ACESSO A SISTEMAS > SOE,Entidade raiz > PIRATINI > CENTRAL DE ATENDIMENTOS > CASA CIVIL,,jorge-vicente,ariane-silveira
4740,4852,Atendimento ao usuário Suporte - Subseção de Operações Casa Militar,6,3,2,2024-07-11 10:38:25+00:00,2024-07-11 11:31:21+00:00,,,DTIC > INFRAESTRUTURA > PROBLEMA DE REDE,Entidade raiz > PIRATINI > CENTRAL DE ATENDIMENTOS > CASA MILITAR,,thales-leite,debora-aparecida
4741,4853,Erro ao Instalar Office E3 // PROCERGS // Proxy WebGateway,6,4,1,2024-07-11 11:00:32+00:00,2024-07-25 11:17:54+00:00,,,ACESSO A SISTEMAS > REDE > LIBERAÇÃO DE ACESSO,Entidade raiz > PIRATINI > CENTRAL DE ATENDIMENTOS,,jorge-vicente,
4742,4854,Acesso a Sistemas / Alteração de acesso,6,3,2,2024-07-11 11:53:19+00:00,2024-07-17 10:20:38+00:00,,,ACESSO A SISTEMAS > SOE,Entidade raiz > PIRATINI > CENTRAL DE ATENDIMENTOS > GG,Palácio do Piratini,pablo-guimaraes,luciana-ghiggi
4898,5010,Acesso a Sistemas//Reset de senha,6,3,2,2024-07-25 09:54:19+00:00,2024-07-25 09:54:55+00:00,,,ACESSO A SISTEMAS > REDE > RESET DE SENHA,Entidade raiz > PIRATINI > CENTRAL DE ATENDIMENTOS > CASA MILITAR,Palácio do Piratini,anderson-oliveira,ana-duarte
4743,4855,Atendimento ao usuário Suporte - Redação Secom - Palácio Piratini,6,3,2,2024-07-11 14:24:37+00:00,2024-07-15 11:38:03+00:00,,,AJUDA E SUPORTE > ATENDIMENTO AO USUÁRIO,Entidade raiz > PIRATINI > CENTRAL DE ATENDIMENTOS > SECOM,,"anderson-oliveira, leonardo-riela",mauren-carvalho
4744,4856,Acesso a Sistemas / Novo Usuário,6,3,2,2024-07-11 14:48:05+00:00,2024-07-12 14:17:15+00:00,,,ACESSO A SISTEMAS > REDE > LIBERAÇÃO DE ACESSO > NOVO USUÁRIO,Entidade raiz > PIRATINI > CENTRAL DE ATENDIMENTOS > CASA CIVIL,,"miguelangelo, anderson-oliveira",regina-costa
4745,4857,Acesso a Sistemas / Office 365,6,3,2,2024-07-11 17:12:55+00:00,2024-07-12 14:19:53+00:00,,,ACESSO A SISTEMAS > OFFICE 365 > EMAIL > ALTERAR PLANO / LICENÇA,Entidade raiz > PIRATINI > CENTRAL DE ATENDIMENTOS > CASA MILITAR,,silvio-valim,fabio-rauber
4746,4858,OFFICE 365 // NOVA CONTA DE EMAIL - Coordenadoria Estadual de Proteção e Defesa Civil - Coordenadoria de Pelotas,6,3,2,2024-07-11 18:17:20+00:00,2024-07-12 17:23:58+00:00,,,ACESSO A SISTEMAS > OFFICE 365 > EMAIL > NOVO USUÁRIO,Entidade raiz > PIRATINI > CENTRAL DE ATENDIMENTOS > CASA MILITAR,,silvio-valim,elisandra-decantam
4747,4859,OFFICE 365 // ASSESSORIA ESPECÍFICA  - Subchefia Jurídica - Duque 951,6,3,2,2024-07-12 08:32:59+00:00,2024-07-12 09:27:24+00:00,,,ACESSO A SISTEMAS > OFFICE 365,Entidade raiz > PIRATINI > CENTRAL DE ATENDIMENTOS > CASA CIVIL,,"silvio-valim, pablo-guimaraes",edson-pereira
4748,4860,OFFICE 365 // ASSESSORIA ESPECÍFICA  - Subchefia Jurídica - DINFO,6,3,2,2024-07-12 09:22:23+00:00,2024-07-12 09:43:49+00:00,,,ACESSO A SISTEMAS > OFFICE 365,Entidade raiz > PIRATINI > CENTRAL DE ATENDIMENTOS > CASA CIVIL > Secretaria-Executiva > Subchefia Juridica,,silvio-valim,lucas-silva
4749,4861,Atendimento ao usuário Suporte - DINFO,6,3,2,2024-07-12 10:11:43+00:00,2024-07-12 15:47:26+00:00,,,ACESSO A SISTEMAS,Entidade raiz > PIRATINI > CENTRAL DE ATENDIMENTOS > CASA CIVIL,R. Duque de Caxias 951 (Banrisul),,cristiane-dias
4750,4862,Instalar Office 365 // CC - Sub. Jurídica // Angela Menezes,6,3,2,2024-07-12 10:22:59+00:00,2024-07-12 11:19:00+00:00,,,ACESSO A SISTEMAS > OFFICE 365,Entidade raiz > PIRATINI > CENTRAL DE ATENDIMENTOS > CASA CIVIL,,silvio-valim,angela-menezes
4751,4863,Remoção de Acessos -RH,6,3,2,2024-07-12 11:45:14+00:00,2024-07-15 11:37:17+00:00,,,DTIC > SISTEMAS > REMOÇÃO DE ACESSO SISTEMA,Entidade raiz > PIRATINI > CENTRAL DE ATENDIMENTOS > CASA CIVIL,,"silvio-valim, miguelangelo, anderson-oliveira",carlos-duarte
4752,4864,Atendimento ao usuário Suporte - Conservação e Memória,6,3,2,2024-07-12 11:46:24+00:00,2024-07-16 13:53:59+00:00,,,AJUDA E SUPORTE > INSTALAÇÃO DE SOFTWARE,Entidade raiz > PIRATINI > CENTRAL DE ATENDIMENTOS > GG,Palacio Piratini - Ala Residencial,leonardo-riela,bruno-rien
4754,4866,Acesso SoeWeb // CC - Ouvidoria RS // Regina Rosa Costa,6,3,2,2024-07-12 14:24:14+00:00,2024-07-15 11:14:24+00:00,,,ACESSO A SISTEMAS > SOE,Entidade raiz > PIRATINI > CENTRAL DE ATENDIMENTOS > CASA CIVIL,,miguelangelo,regina-costa
4755,4867,Atendimento ao usuário Suporte - ADMINISTRATIVO,6,3,2,2024-07-12 15:48:29+00:00,2024-07-15 11:36:41+00:00,,,DTIC > INFRAESTRUTURA > PROBLEMA DE REDE,Entidade raiz > PIRATINI > CENTRAL DE ATENDIMENTOS > SECOM,,"anderson-oliveira, thales-leite, leonardo-riela",andre-graminho
4756,4868,Atendimento ao usuário Suporte - Secom - Riachuelo,6,3,2,2024-07-15 09:08:01+00:00,2024-07-15 11:35:12+00:00,,,DTIC > EQUIPAMENTOS > MANUTENÇÃO,Entidade raiz > PIRATINI > CENTRAL DE ATENDIMENTOS > SECOM,,"anderson-oliveira, leonardo-riela",luis-zorzan
4757,4869,Ajuda e Suporte / Atendimento ao Usuário - VOIP Sala Ten Sírio,6,3,1,2024-07-15 09:14:05+00:00,2024-07-15 10:35:20+00:00,,,AJUDA E SUPORTE > ATENDIMENTO AO USUÁRIO,Entidade raiz > PIRATINI > CENTRAL DE ATENDIMENTOS > CASA MILITAR,,thales-leite,julio-pinto
4758,4870,OUTLOOK // ADICIONAR/EXCLUIR USUÁRIO DE CAIXA COMPARTILHADA - Casa Militar - Operações,6,3,2,2024-07-15 09:19:37+00:00,2024-07-15 12:13:18+00:00,,,ACESSO A SISTEMAS > OFFICE 365 > EMAIL > CAIXA COMPARTILHADA,Entidade raiz > PIRATINI > CENTRAL DE ATENDIMENTOS > CASA MILITAR,,jorge-vicente,debora-aparecida
4759,4871,Acesso a Sistemas\Reset de Senha de Rede,6,3,2,2024-07-15 09:29:17+00:00,2024-07-15 09:29:31+00:00,,,ACESSO A SISTEMAS > REDE > RESET DE SENHA,Entidade raiz > PIRATINI > CENTRAL DE ATENDIMENTOS > CASA MILITAR,,anderson-oliveira,camila-santos
4760,4872,Acesso a Sistemas  - Geral - DESBLOQUEAR USUÁRIO,6,3,2,2024-07-15 09:34:43+00:00,2024-07-17 14:36:16+00:00,,,ACESSO A SISTEMAS > REDE > LIBERAÇÃO DE ACESSO > NOVO USUÁRIO,Entidade raiz > PIRATINI > CENTRAL DE ATENDIMENTOS > SECOM,,"miguelangelo, anderson-oliveira",andre-graminho
4761,4873,Atendimento ao usuário Suporte - DAMAC - Subchefia interior Casa Civil,6,3,2,2024-07-15 09:59:20+00:00,2024-07-15 10:02:22+00:00,,,DTIC > EQUIPAMENTOS > CONFIGURAÇÃO,Entidade raiz > PIRATINI > CENTRAL DE ATENDIMENTOS > CASA CIVIL,,anderson-oliveira,roberta-jacinto
4762,4874,Atendimento ao usuário Suporte - Secom - Riachuelo,6,3,2,2024-07-15 10:00:05+00:00,2024-07-15 10:36:51+00:00,,,DTIC > EQUIPAMENTOS > CONFIGURAÇÃO,Entidade raiz > PIRATINI > CENTRAL DE ATENDIMENTOS > SECOM,,thales-leite,andre-graminho
4763,4875,Manutenção servidor WSUS // CC - DTI // Lucas Sergio,6,3,2,2024-07-15 10:39:36+00:00,2024-07-15 10:39:50+00:00,,,DTIC > INFRAESTRUTURA,Entidade raiz > PIRATINI > CENTRAL DE ATENDIMENTOS,,,
4764,4876,Acesso a sistmas /alteração de acsso,6,3,2,2024-07-15 10:40:15+00:00,2024-07-15 11:09:40+00:00,,,DTIC > SISTEMAS > ALTERAÇÃO DE ACESSO,Entidade raiz > PIRATINI > CENTRAL DE ATENDIMENTOS > SECOM,,"miguelangelo, anderson-oliveira",sheila-oliveira
4765,4877,IMPRESSORA,6,3,2,2024-07-15 11:14:14+00:00,2024-07-16 12:57:17+00:00,,,DTIC > EQUIPAMENTOS > MANUTENÇÃO,Entidade raiz > PIRATINI > CENTRAL DE ATENDIMENTOS > CASA CIVIL,,"alessandro-vieira, anderson-oliveira, thales-leite",marcio-proszek
4766,4878,Atendimento ao usuário Suporte - Divisão de Protocolo e Gerenciamento de Arquivos,6,3,2,2024-07-15 11:43:29+00:00,2024-07-19 09:03:04+00:00,,,DTIC > EQUIPAMENTOS > MANUTENÇÃO,Entidade raiz > PIRATINI > CENTRAL DE ATENDIMENTOS > CASA CIVIL,,jorge-vicente,diego-mattiello
4767,4879,Atendimento ao usuário Suporte - Divisão de Protocolo e Gerenciamento de Arquivos,6,3,2,2024-07-15 11:45:23+00:00,2024-07-15 15:46:18+00:00,,,AJUDA E SUPORTE > ATENDIMENTO AO USUÁRIO,Entidade raiz > PIRATINI > CENTRAL DE ATENDIMENTOS > CASA CIVIL,Casa Civil 1005,"anderson-oliveira, thales-leite",diego-mattiello
4768,4880,Atendimento ao usuário Suporte - DMCPP - prédio 1005,6,3,2,2024-07-15 11:54:34+00:00,2024-07-23 18:21:08+00:00,,,DTIC > SISTEMAS > REMOÇÃO DE ACESSO SISTEMA,Entidade raiz > PIRATINI > CENTRAL DE ATENDIMENTOS > CASA CIVIL,,"pablo-guimaraes, miguelangelo, jorge-vicente",gustavo-sehnem
4769,4881,Acesso a Sistemas Rede Piratini,6,3,2,2024-07-15 11:55:38+00:00,2024-07-15 13:12:28+00:00,,,ACESSO A SISTEMAS > REDE > RESET DE SENHA,Entidade raiz > PIRATINI > CENTRAL DE ATENDIMENTOS > CASA CIVIL,,anderson-oliveira,marcio-proszek
4770,4882,PROA LIBERAR ACESSO A GRUPO,6,3,2,2024-07-15 11:55:40+00:00,2024-07-15 15:06:20+00:00,,,ACESSO A SISTEMAS > SOE > PROA > ADICIONAR A GRUPO,Entidade raiz > PIRATINI > CENTRAL DE ATENDIMENTOS > CASA MILITAR,,miguelangelo,elisandra-decantam
4771,4883,Outlook //CAIXA COMPARTILHADA - Coordenadoria Estadual de Proteção e Defesa Civil  - Regional de Pelotas,6,3,2,2024-07-15 12:04:53+00:00,2024-07-15 14:11:10+00:00,,,ACESSO A SISTEMAS > OFFICE 365 > EMAIL > CAIXA COMPARTILHADA,Entidade raiz > PIRATINI > CENTRAL DE ATENDIMENTOS > CASA MILITAR,,jorge-vicente,elisandra-decantam
4772,4884,Outlook //CAIXA COMPARTILHADA - Coordenadoria Estadual de Proteção e Defesa Civil - Regional de Passo Fundo,6,3,2,2024-07-15 12:25:08+00:00,2024-07-15 14:12:35+00:00,,,ACESSO A SISTEMAS > OFFICE 365 > EMAIL > CAIXA COMPARTILHADA,Entidade raiz > PIRATINI > CENTRAL DE ATENDIMENTOS > CASA MILITAR,,jorge-vicente,elisandra-decantam
4773,4885,Office 365 EXCLUSÃO de conta - Coordenadoria Estadual de Proteção e Defesa Civil - Regional de Passo Fundo,6,3,2,2024-07-15 12:27:28+00:00,2024-07-15 14:12:18+00:00,,,ACESSO A SISTEMAS > OFFICE 365 > EMAIL > EXCLUSÃO,Entidade raiz > PIRATINI > CENTRAL DE ATENDIMENTOS > CASA MILITAR,,jorge-vicente,elisandra-decantam
4774,4886,PROA LIBERAR ACESSO A GRUPO,6,3,2,2024-07-15 12:31:27+00:00,2024-07-15 14:56:07+00:00,,,ACESSO A SISTEMAS > SOE > PROA > ADICIONAR A GRUPO,Entidade raiz > PIRATINI > CENTRAL DE ATENDIMENTOS > CASA MILITAR,,miguelangelo,elisandra-decantam
4775,4887,Acesso a Sistemas Rede Piratini,6,3,2,2024-07-15 12:58:49+00:00,2024-07-15 14:24:56+00:00,,,ACESSO A SISTEMAS > REDE > LIBERAÇÃO DE ACESSO > NOVO USUÁRIO,Entidade raiz > PIRATINI > CENTRAL DE ATENDIMENTOS > CASA MILITAR,,"miguelangelo, anderson-oliveira",elisandra-decantam
4776,4888,OFFICE 365 // NOVA CONTA DE EMAIL - ASTEC/GG,6,3,2,2024-07-15 13:15:27+00:00,2024-07-17 14:34:32+00:00,,,ACESSO A SISTEMAS > REDE > LIBERAÇÃO DE ACESSO > NOVO USUÁRIO,Entidade raiz > PIRATINI > CENTRAL DE ATENDIMENTOS > GG,CAFF,"miguelangelo, anderson-oliveira",adriweli-lima
4778,4890,OUTLOOK // ADICIONAR/EXCLUIR USUÁRIO DE CAIXA COMPARTILHADA - Ouvidoria Geral- CAFF,6,3,2,2024-07-15 14:52:34+00:00,2024-07-15 15:48:31+00:00,,,ACESSO A SISTEMAS > OFFICE 365 > EMAIL > CAIXA COMPARTILHADA,Entidade raiz > PIRATINI > CENTRAL DE ATENDIMENTOS > CASA CIVIL,,jorge-vicente,regina-costa
4779,4891,Acesso a Sistemas Rede Piratini,6,3,2,2024-07-15 15:54:11+00:00,2024-07-15 16:00:18+00:00,,,ACESSO A SISTEMAS > REDE > RESET DE SENHA,Entidade raiz > PIRATINI > CENTRAL DE ATENDIMENTOS > CASA CIVIL,CAFF,anderson-oliveira,regina-costa
4780,4892,Acesso a Sistemas  - FPE - LIBERAR ACESSO,6,3,2,2024-07-15 16:16:20+00:00,2024-07-16 08:48:54+00:00,,,ACESSO A SISTEMAS > SOE,Entidade raiz > PIRATINI > CENTRAL DE ATENDIMENTOS > GG,,anderson-oliveira,leandro-hardt
4781,4893,OUTLOOK // ADICIONAR/EXCLUIR USUÁRIO DE CAIXA COMPARTILHADA - Ouvidoria Geral- CAFF,6,3,2,2024-07-15 17:36:34+00:00,2024-07-16 10:01:10+00:00,,,ACESSO A SISTEMAS > OFFICE 365 > EMAIL > CAIXA COMPARTILHADA,Entidade raiz > PIRATINI > CENTRAL DE ATENDIMENTOS > CASA CIVIL,CAFF > 1° Andar - Ouvidoria,anderson-oliveira,regina-costa
4782,4894,INCIDENTE  - \10.72.16.4,6,3,2,2024-07-16 08:42:23+00:00,2024-07-16 08:43:39+00:00,,,DTIC > INFRAESTRUTURA > OUTROS,Entidade raiz > PIRATINI > CENTRAL DE ATENDIMENTOS > CASA MILITAR,,,lucas-fagundes
4783,4895,Atendimento ao usuário Suporte - Gabinete do Governador,6,3,2,2024-07-16 09:10:14+00:00,2024-07-18 11:32:08+00:00,,,AJUDA E SUPORTE > MOVIMENTO DE EQUIPAMENTOS DE TI > REQUISIÇÃO,Entidade raiz > PIRATINI > CENTRAL DE ATENDIMENTOS > GG,Casa Civil 1005,"anderson-oliveira, leonardo-riela",luciana-ghiggi
4784,4896,Acesso a Sistemas Rede Piratini,6,3,2,2024-07-16 09:39:14+00:00,2024-07-16 10:35:39+00:00,,,ACESSO A SISTEMAS > REDE > LIBERAÇÃO DE ACESSO > NOVO USUÁRIO,Entidade raiz > PIRATINI > CENTRAL DE ATENDIMENTOS > CASA MILITAR,Riachuelo 1285,anderson-oliveira,marilei-teloken
4785,4897,Relatório de Usuários SAG // GG - Gabinete // luciana-ghiggi,6,3,2,2024-07-11 12:00:00+00:00,2024-07-16 10:08:15+00:00,,,ACESSO A SISTEMAS > SOE,Entidade raiz > PIRATINI > CENTRAL DE ATENDIMENTOS > GG > Chefia de Gabinete do Governador > Direção-Geral,,pablo-guimaraes,luciana-ghiggi
4786,4898,Acesso a Sistemas\Reset de Senha de Rede,6,3,2,2024-07-16 10:16:56+00:00,2024-07-16 10:19:54+00:00,,,ACESSO A SISTEMAS > REDE > RESET DE SENHA,Entidade raiz > PIRATINI > CENTRAL DE ATENDIMENTOS > CASA CIVIL,,anderson-oliveira,aline-renner
4787,4899,Ajuda e Suporte \ Equipamentos,6,3,1,2024-07-16 10:33:49+00:00,2024-07-16 12:53:09+00:00,,,DTIC > EQUIPAMENTOS > MANUTENÇÃO,Entidade raiz > PIRATINI > CENTRAL DE ATENDIMENTOS > SECOM,Palácio do Piratini,thales-leite,andrea-martins
4788,4900,Ajuda e Suporte / Atendimento ao Usuário - Impressora MP Gab CC,6,3,1,2024-07-16 10:40:05+00:00,2024-07-16 11:53:02+00:00,,,AJUDA E SUPORTE > ATENDIMENTO AO USUÁRIO,Entidade raiz > PIRATINI > CENTRAL DE ATENDIMENTOS > CASA CIVIL,,anderson-oliveira,amanda-bordin
4789,4901,EQUIPAMENTOS IMPRESSORA ATOLAMENTO - Ouvidoria Geral do Estado no CAFF andar térreo ala norte,6,3,2,2024-07-16 10:52:27+00:00,2024-08-02 15:54:22+00:00,,,IMPRESSORA > ATOLAMENTO,Entidade raiz > PIRATINI > CENTRAL DE ATENDIMENTOS > CASA CIVIL,,"jorge-vicente, anderson-oliveira",marcio-proszek
4790,4902,Outlook //ATUALIZAR DADOS DE CONTATO Divisão de Transportes,6,3,2,2024-07-16 11:16:01+00:00,2024-07-18 09:07:23+00:00,,,ACESSO A SISTEMAS > OFFICE 365 > EMAIL > ATUALIZAR DADOS,Entidade raiz > PIRATINI > CENTRAL DE ATENDIMENTOS > CASA MILITAR,,silvio-valim,marilei-teloken
4791,4903,Ajuda e Suporte \ Equipamentos,6,3,1,2024-07-16 11:47:19+00:00,2024-07-16 11:47:59+00:00,,,DTIC > EQUIPAMENTOS > CONFIGURAÇÃO,Entidade raiz > PIRATINI > CENTRAL DE ATENDIMENTOS > CASA CIVIL,Memorial do Ministério Público > Gabinete Casa Civil,anderson-oliveira,michelle-silva
4792,4904,INCIDENTE  - Secom - Riachuelo,6,3,2,2024-07-16 11:48:56+00:00,2024-07-16 16:32:05+00:00,,,DTIC > INFRAESTRUTURA > OUTROS,Entidade raiz > PIRATINI > CENTRAL DE ATENDIMENTOS > SECOM,,"anderson-oliveira, thales-leite",andre-graminho
4793,4905,Atendimento ao usuário Suporte - Damac,6,3,2,2024-07-16 14:16:43+00:00,2024-07-16 14:32:43+00:00,,,AJUDA E SUPORTE > ATENDIMENTO AO USUÁRIO,Entidade raiz > PIRATINI > CENTRAL DE ATENDIMENTOS > CASA CIVIL,,anderson-oliveira,marivete-souza
4794,4906,Acesso a Sistemas / Rede / Reset de Senha - Andrade Neves,6,3,1,2024-07-16 14:29:00+00:00,2024-07-16 16:23:46+00:00,,,ACESSO A SISTEMAS > REDE > RESET DE SENHA,Entidade raiz > PIRATINI > CENTRAL DE ATENDIMENTOS > CASA MILITAR,,"anderson-oliveira, thales-leite",sabrina-ribas
4795,4907,Monitor com tela desconfigurada e travada // CC - Ata// Rosângela ,6,3,2,2024-07-16 14:41:41+00:00,2024-07-16 14:41:47+00:00,,,AJUDA E SUPORTE > ATENDIMENTO AO USUÁRIO,Entidade raiz > PIRATINI > CENTRAL DE ATENDIMENTOS > CASA CIVIL,,silvio-valim,rosangela-flach
4796,4908,Troca de E-mail // GG-CM - Ala Residencial // Junior Bittencourt ,6,3,2,2024-07-16 15:55:01+00:00,2024-07-16 15:55:20+00:00,,,ACESSO A SISTEMAS > OFFICE 365 > EMAIL,Entidade raiz > PIRATINI > CENTRAL DE ATENDIMENTOS > CASA MILITAR,,silvio-valim,junior-bittencourt
4797,4909,Acesso a Sistemas  - PROA - LIBERAR ACESSO,6,3,2,2024-07-16 16:20:33+00:00,2024-07-17 10:23:16+00:00,,,ACESSO A SISTEMAS > SOE > PROA > ADICIONAR A GRUPO,Entidade raiz > PIRATINI > CENTRAL DE ATENDIMENTOS > CASA CIVIL,,miguelangelo,maristela-kaminski
4798,4910,INCIDENTE  - SECOM,6,3,2,2024-07-16 16:39:34+00:00,2024-07-19 09:29:44+00:00,,,DTIC > INFRAESTRUTURA > OUTROS,Entidade raiz > PIRATINI > CENTRAL DE ATENDIMENTOS > SECOM,,leonardo-riela,paulo-cesar
4799,4911,Reset senha de rede // GG - Gabinete // Mateus Gomes,6,3,2,2024-07-16 17:23:30+00:00,2024-07-16 17:23:43+00:00,,,ACESSO A SISTEMAS > REDE > RESET DE SENHA,Entidade raiz > PIRATINI > CENTRAL DE ATENDIMENTOS > GG,,,mateus-gomes
4800,4912,"IMPRESSORA TROCA DE TONNER - ADM/FIN na rua Riachuelo, 1098, 10º andar, sala 1001 (Tribuno) ",6,3,2,2024-07-17 08:56:18+00:00,2024-07-17 12:35:23+00:00,,,DTIC > EQUIPAMENTOS > MANUTENÇÃO,Entidade raiz > PIRATINI > CENTRAL DE ATENDIMENTOS > SECOM,,"jorge-vicente, anderson-oliveira",cristiano-tavares
4801,4913,Acesso a Sistemas Rede Piratini,6,3,2,2024-07-17 09:57:24+00:00,2024-07-31 09:53:04+00:00,,,ACESSO A SISTEMAS > REDE > LIBERAÇÃO DE ACESSO > NOVO USUÁRIO,Entidade raiz > PIRATINI > CENTRAL DE ATENDIMENTOS > CASA CIVIL,,"miguelangelo, anderson-oliveira",melissa-costa
4802,4914,Acesso a Sistemas \Departamento de Gestão de Pessoas e de Atos de Pessoal \ Rua Duque de Caxias 951,6,3,2,2024-07-17 10:37:30+00:00,2024-07-18 09:24:40+00:00,,,ACESSO A SISTEMAS > OFFICE 365 > EMAIL > CAIXA COMPARTILHADA,Entidade raiz > PIRATINI > CENTRAL DE ATENDIMENTOS > CASA CIVIL,R. Duque de Caxias 951 (Banrisul),anderson-oliveira,daniela-cunha
4925,5037,Relatório mensal computadores inativos AD // CC - DTI // Lucas Sergio,6,3,2,2024-07-30 13:04:24+00:00,2024-07-30 13:04:37+00:00,,,DTIC > INFRAESTRUTURA,Entidade raiz > PIRATINI > CENTRAL DE ATENDIMENTOS,,,
4803,4915,Acesso a Sistemas  - PROA - LIBERAR ACESSO,6,3,2,2024-07-17 10:53:59+00:00,2024-07-17 11:52:38+00:00,,,ACESSO A SISTEMAS > SOE > PROA > ADICIONAR A GRUPO,Entidade raiz > PIRATINI > CENTRAL DE ATENDIMENTOS > CASA CIVIL,,miguelangelo,maristela-kaminski
4804,4916,Acesso a Sistemas  - PROA - LIBERAR ACESSO,6,3,2,2024-07-17 10:54:34+00:00,2024-07-17 11:49:58+00:00,,,ACESSO A SISTEMAS > SOE > PROA > ADICIONAR A GRUPO,Entidade raiz > PIRATINI > CENTRAL DE ATENDIMENTOS > CASA CIVIL,,miguelangelo,maristela-kaminski
4805,4917,Acesso a Sistemas  - GDG - REMOVER ACESSO,6,3,2,2024-07-17 10:56:15+00:00,2024-07-17 11:39:07+00:00,,,DTIC > SISTEMAS > ALTERAÇÃO DE ACESSO,Entidade raiz > PIRATINI > CENTRAL DE ATENDIMENTOS > GG,,miguelangelo,joao-ramos
4806,4918,"Atendimento ao usuário Suporte - Rua Duque de Caxias, 951",6,3,2,2024-07-17 11:07:49+00:00,2024-07-18 09:23:31+00:00,,,ACESSO A SISTEMAS > OFFICE 365 > EMAIL > ATUALIZAR DADOS,Entidade raiz > PIRATINI > CENTRAL DE ATENDIMENTOS > CASA CIVIL,,anderson-oliveira,dorinha-jirkowsky
4807,4919,Ajuda e Suporte / SEIDAPE-CAFF ,5,3,2,2024-07-17 12:18:06+00:00,2025-08-14 14:49:48+00:00,,,AJUDA E SUPORTE > MOVIMENTO DE EQUIPAMENTOS DE TI > REQUISIÇÃO,Entidade raiz > PIRATINI > CENTRAL DE ATENDIMENTOS > GG,CAFF,"jonathan-moletta, luciano-marcelino",cristina-viana
4808,4920,Acesso a Sistemas \ Novo usuário,6,3,2,2024-07-17 13:35:12+00:00,2024-08-08 14:10:05+00:00,,,ACESSO A SISTEMAS > REDE > LIBERAÇÃO DE ACESSO > NOVO USUÁRIO,Entidade raiz > PIRATINI > CENTRAL DE ATENDIMENTOS > GG,,"silvio-valim, miguelangelo, anderson-oliveira",cristina-viana
4809,4921,Atendimento ao usuário Suporte - Esquadrão Bm,6,3,2,2024-07-17 14:13:05+00:00,2024-07-18 09:50:34+00:00,,,AJUDA E SUPORTE > ATENDIMENTO AO USUÁRIO,Entidade raiz > PIRATINI > CENTRAL DE ATENDIMENTOS > CASA MILITAR,,thales-leite,antonio-ferreira
4810,4922,PROA LIBERAR ACESSO A GRUPO,6,3,2,2024-07-17 14:20:35+00:00,2024-07-19 10:58:15+00:00,,,ACESSO A SISTEMAS > SOE > PROA > ADICIONAR A GRUPO,Entidade raiz > PIRATINI > CENTRAL DE ATENDIMENTOS > CASA CIVIL,R. Duque de Caxias 951 (Banrisul),miguelangelo,cristiane-dias
4811,4923,IMPRESSORA TROCA DE TONNER - antessala gabinete Governador,6,3,2,2024-07-17 14:55:15+00:00,2024-07-17 15:26:28+00:00,,,DTIC > EQUIPAMENTOS > MANUTENÇÃO,Entidade raiz > PIRATINI > CENTRAL DE ATENDIMENTOS > GG,,jorge-vicente,maria-lermen
4812,4924,Acesso a Sistemas Rede Piratini,6,3,2,2024-07-18 09:27:43+00:00,2024-07-18 09:34:41+00:00,,,ACESSO A SISTEMAS > REDE > RESET DE SENHA,Entidade raiz > PIRATINI > CENTRAL DE ATENDIMENTOS > CASA CIVIL,,silvio-valim,laura-garbin
4813,4925,Emprestar cabo HDMI // CC - DRH // Carlos Duarte,6,3,2,2024-07-18 09:37:25+00:00,2024-07-19 16:06:31+00:00,,,AJUDA E SUPORTE > MOVIMENTO DE EQUIPAMENTOS DE TI > EMPRESTIMO,Entidade raiz > PIRATINI > CENTRAL DE ATENDIMENTOS > CASA CIVIL,,silvio-valim,carlos-duarte
4814,4926,Atendimento ao usuário Suporte - ADMINISTRATIVO,6,3,2,2024-07-18 09:59:08+00:00,2024-07-19 16:42:40+00:00,,,ACESSO A SISTEMAS > SOE,Entidade raiz > PIRATINI > CENTRAL DE ATENDIMENTOS > SECOM,,miguelangelo,andre-graminho
4826,4938,Acesso a Sistemas\Novo usuário,6,3,2,2024-07-19 10:49:04+00:00,2024-07-19 16:35:03+00:00,,,ACESSO A SISTEMAS > REDE > LIBERAÇÃO DE ACESSO > NOVO USUÁRIO,Entidade raiz > PIRATINI > CENTRAL DE ATENDIMENTOS > GVG,Edifício Guaíba,anderson-oliveira,larissa-winckler
4815,4927,Atendimento ao usuário Suporte - Gabinete do Governador,6,3,2,2024-07-18 10:08:28+00:00,2024-07-18 17:01:14+00:00,,,AJUDA E SUPORTE > MOVIMENTO DE EQUIPAMENTOS DE TI > REQUISIÇÃO,Entidade raiz > PIRATINI > CENTRAL DE ATENDIMENTOS > GG,,"anderson-oliveira, thales-leite, leonardo-riela",luciana-ghiggi
4816,4928,Substituir Mouse // CC - Dep Patrimônio // Iris Silveira Neto,6,3,2,2024-07-18 10:48:13+00:00,2024-07-18 10:48:37+00:00,,,AJUDA E SUPORTE > INSTALAÇÃO DE EQUIPAMENTOS,Entidade raiz > PIRATINI > CENTRAL DE ATENDIMENTOS,,silvio-valim,iris-neto
4817,4929,OFFICE 365 //ALIAS DE EMAIL - DEPARTAMENTO DE RESIDÊNCIAS OFICIAIS,6,3,2,2024-07-18 10:54:20+00:00,2024-07-22 09:21:22+00:00,,,ACESSO A SISTEMAS > OFFICE 365 > EMAIL,Entidade raiz > PIRATINI > CENTRAL DE ATENDIMENTOS > CASA MILITAR,,"silvio-valim, anderson-oliveira",junior-bittencourt
4818,4930,Atendimento ao usuário Suporte - 3º Esquadrão - 4º Rpmon,6,3,2,2024-07-18 10:56:11+00:00,2024-07-18 13:21:43+00:00,,,AJUDA E SUPORTE > ATENDIMENTO AO USUÁRIO,Entidade raiz > PIRATINI > CENTRAL DE ATENDIMENTOS > CASA MILITAR,,,antonio-ferreira
4819,4931,Atendimento ao usuário Suporte - ADMINISTRATIVO,6,3,2,2024-07-18 11:45:39+00:00,2024-08-02 15:55:05+00:00,,,DTIC > EQUIPAMENTOS > INSTALAÇÃO > IMPRESSORA,Entidade raiz > PIRATINI > CENTRAL DE ATENDIMENTOS > SECOM,,jorge-vicente,andre-graminho
4820,4932,Atendimento ao usuário Suporte - Secom - Riachuelo,6,3,2,2024-07-18 14:04:03+00:00,2024-07-18 16:50:03+00:00,,,DTIC > EQUIPAMENTOS > MANUTENÇÃO,Entidade raiz > PIRATINI > CENTRAL DE ATENDIMENTOS > SECOM,,anderson-oliveira,luis-zorzan
4821,4933,"OFFICE 365 // ASSESSORIA ESPECÍFICA  - Rua Duque de Caxias, 1005",6,3,2,2024-07-18 14:18:05+00:00,2024-07-19 15:47:21+00:00,,,ACESSO A SISTEMAS > OFFICE 365,Entidade raiz > PIRATINI > CENTRAL DE ATENDIMENTOS > CASA CIVIL,,silvio-valim,gustavo-sehnem
4822,4934,INCIDENTE  - Duque de Caxias 951 - DMA,6,3,2,2024-07-18 14:22:22+00:00,2024-07-18 14:37:33+00:00,,,DTIC > EQUIPAMENTOS > MANUTENÇÃO,Entidade raiz > PIRATINI > CENTRAL DE ATENDIMENTOS > CASA CIVIL,R. Duque de Caxias 951 (Banrisul),silvio-valim,jorge-sari
4823,4935,Acesso a Sistemas  - PROA - DESBLOQUEAR USUÁRIO,6,3,2,2024-07-18 16:45:11+00:00,2024-07-18 16:46:32+00:00,,,AJUDA E SUPORTE > ATENDIMENTO AO USUÁRIO,Entidade raiz > PIRATINI > CENTRAL DE ATENDIMENTOS > CASA CIVIL,,anderson-oliveira,maristela-kaminski
4824,4936,Atendimento ao usuário Suporte - Publicidade,6,3,2,2024-07-18 17:13:19+00:00,2024-07-19 08:49:53+00:00,,,DTIC > INFRAESTRUTURA > PROBLEMA DE REDE,Entidade raiz > PIRATINI > CENTRAL DE ATENDIMENTOS > SECOM,,"anderson-oliveira, thales-leite",andre-graminho
4825,4937,Atendimento ao usuário Suporte - Secom - Riachuelo,6,3,2,2024-07-19 09:16:23+00:00,2024-07-19 16:05:49+00:00,,,DTIC > EQUIPAMENTOS > MANUTENÇÃO,Entidade raiz > PIRATINI > CENTRAL DE ATENDIMENTOS > SECOM,,"thales-leite, leonardo-riela",luis-zorzan
4883,4995,Criação de servidor // CM - Transportes // Rodrigo Alencar,6,3,1,2024-07-23 16:42:35+00:00,2024-07-23 16:43:05+00:00,,,,Entidade raiz > PIRATINI > CENTRAL DE ATENDIMENTOS > CASA MILITAR,,,rodrigo-alencar
4827,4939,IMPRESSORA,6,3,2,2024-07-19 10:52:03+00:00,2024-07-31 17:51:36+00:00,,,IMPRESSORA,Entidade raiz > PIRATINI > CENTRAL DE ATENDIMENTOS > GVG,Edifício Guaíba,"jorge-vicente, anderson-oliveira",carla-calero
4828,4940,OFFICE 365 // NOVA CONTA DE EMAIL - Duque de Caxias 1005,6,3,2,2024-07-19 11:09:12+00:00,2024-07-19 16:09:25+00:00,,,ACESSO A SISTEMAS > OFFICE 365 > EMAIL > NOVO USUÁRIO,Entidade raiz > PIRATINI > CENTRAL DE ATENDIMENTOS > CASA CIVIL,,"silvio-valim, anderson-oliveira",maristela-kaminski
4829,4941,OFFICE 365 // ASSESSORIA ESPECÍFICA  - Duque de Caxias 1005,6,3,2,2024-07-19 11:13:34+00:00,2024-07-19 12:29:09+00:00,,,ACESSO A SISTEMAS > REDE > LIBERAÇÃO DE ACESSO > NOVO USUÁRIO,Entidade raiz > PIRATINI > CENTRAL DE ATENDIMENTOS > CASA CIVIL,,"silvio-valim, anderson-oliveira",maristela-kaminski
4830,4942,Atendimento ao usuário Suporte - redação Secom,6,3,2,2024-07-19 12:25:15+00:00,2024-07-19 14:18:54+00:00,,,DTIC > EQUIPAMENTOS > CONFIGURAÇÃO,Entidade raiz > PIRATINI > CENTRAL DE ATENDIMENTOS > GG,,"anderson-oliveira, thales-leite",bruno-rien
4831,4943,Atendimento ao usuário Suporte - Jornalismo,6,3,2,2024-07-19 14:42:37+00:00,2024-07-19 15:39:10+00:00,,,ACESSO A SISTEMAS > REDE > LIBERAÇÃO DE ACESSO,Entidade raiz > PIRATINI > CENTRAL DE ATENDIMENTOS > SECOM,,anderson-oliveira,andre-graminho
4832,4944,"OFFICE 365 // ASSESSORIA ESPECÍFICA  - Duque de Caxias, 951",6,3,2,2024-07-19 15:02:52+00:00,2024-07-29 13:15:40+00:00,,,ACESSO A SISTEMAS > OFFICE 365,Entidade raiz > PIRATINI > CENTRAL DE ATENDIMENTOS > CASA CIVIL,,silvio-valim,maristela-kaminski
4833,4945,OFFICE 365 // NOVA CONTA DE EMAIL - Coordenadoria Estadual de Proteção e Defesa Civil ,6,3,2,2024-07-19 19:19:23+00:00,2024-07-22 15:46:32+00:00,,,ACESSO A SISTEMAS > REDE > LIBERAÇÃO DE ACESSO > NOVO USUÁRIO,Entidade raiz > PIRATINI > CENTRAL DE ATENDIMENTOS > CASA MILITAR,,"silvio-valim, anderson-oliveira",elisandra-decantam
4834,4946,INCIDENTE  - Coordenadoria Estadual de Proteção e Defesa Civil,6,3,2,2024-07-22 08:02:25+00:00,2024-07-25 17:42:58+00:00,,,DTIC > EQUIPAMENTOS > MANUTENÇÃO,Entidade raiz > PIRATINI > CENTRAL DE ATENDIMENTOS > CASA MILITAR,,leonardo-riela,elisandra-decantam
4835,4947,IMPRESSORA,6,3,2,2024-07-22 08:06:59+00:00,2024-08-06 15:24:46+00:00,,,IMPRESSORA,Entidade raiz > PIRATINI > CENTRAL DE ATENDIMENTOS > CASA MILITAR,,jorge-vicente,elisandra-decantam
4836,4948,Atendimento ao usuário Suporte - Defesa Civil,6,3,2,2024-07-22 08:20:15+00:00,2024-07-22 08:33:48+00:00,,,AJUDA E SUPORTE > ATENDIMENTO AO USUÁRIO,Entidade raiz > PIRATINI > CENTRAL DE ATENDIMENTOS > CASA MILITAR,,jorge-vicente,lucas-fagundes
4837,4949,Reset senha de rede // CC - Atos Pessoal // Everli Wingert,6,3,2,2024-07-22 08:57:39+00:00,2024-07-22 08:57:48+00:00,,,ACESSO A SISTEMAS > REDE > RESET DE SENHA,Entidade raiz > PIRATINI > CENTRAL DE ATENDIMENTOS > CASA CIVIL,,,everli-wingert
4838,4950,Atendimento ao usuário Suporte - Duque 1005 - Sala Serviços Gerais,6,3,2,2024-07-22 08:59:40+00:00,2024-07-22 14:37:41+00:00,,,AJUDA E SUPORTE > ATENDIMENTO AO USUÁRIO,Entidade raiz > PIRATINI > CENTRAL DE ATENDIMENTOS > CASA CIVIL,,,jorge-sari
4839,4951,Office 365 EXCLUSÃO de conta - Coordenadoria Estadual de Proteção e Defesa Civil ,6,3,2,2024-07-22 09:07:32+00:00,2024-07-22 13:57:48+00:00,,,ACESSO A SISTEMAS > OFFICE 365 > EMAIL > EXCLUSÃO,Entidade raiz > PIRATINI > CENTRAL DE ATENDIMENTOS > CASA MILITAR,,"silvio-valim, anderson-oliveira",elisandra-decantam
4840,4952,Office 365 EXCLUSÃO de conta - Coordenadoria Estadual de Proteção e Defesa Civil ,6,3,2,2024-07-22 09:09:18+00:00,2024-07-22 12:32:58+00:00,,,ACESSO A SISTEMAS > OFFICE 365 > EMAIL > EXCLUSÃO,Entidade raiz > PIRATINI > CENTRAL DE ATENDIMENTOS > CASA MILITAR,,"silvio-valim, anderson-oliveira",elisandra-decantam
4841,4953,Office 365 EXCLUSÃO de conta - Coordenadoria Estadual de Proteção e Defesa Civil ,6,3,2,2024-07-22 09:13:54+00:00,2024-07-22 12:31:59+00:00,,,DTIC > SISTEMAS > REMOÇÃO DE ACESSO SISTEMA,Entidade raiz > PIRATINI > CENTRAL DE ATENDIMENTOS > CASA MILITAR,,silvio-valim,elisandra-decantam
4842,4954,Office 365 EXCLUSÃO de conta - Coordenadoria Estadual de Proteção e Defesa Civil ,6,3,2,2024-07-22 09:15:14+00:00,2024-07-22 12:31:40+00:00,,,DTIC > SISTEMAS > REMOÇÃO DE ACESSO SISTEMA,Entidade raiz > PIRATINI > CENTRAL DE ATENDIMENTOS > CASA MILITAR,,"silvio-valim, anderson-oliveira",elisandra-decantam
4843,4955,Office 365 EXCLUSÃO de conta - Coordenadoria Estadual de Proteção e Defesa Civil ,6,3,2,2024-07-22 09:17:29+00:00,2024-07-22 12:01:40+00:00,,,DTIC > SISTEMAS > REMOÇÃO DE ACESSO SISTEMA,Entidade raiz > PIRATINI > CENTRAL DE ATENDIMENTOS > CASA MILITAR,,"silvio-valim, anderson-oliveira",elisandra-decantam
4844,4956,Office 365 EXCLUSÃO de conta - Coordenadoria Estadual de Proteção e Defesa Civil ,6,3,2,2024-07-22 09:20:39+00:00,2024-07-22 11:59:35+00:00,,,DTIC > SISTEMAS > REMOÇÃO DE ACESSO SISTEMA,Entidade raiz > PIRATINI > CENTRAL DE ATENDIMENTOS > CASA MILITAR,,"silvio-valim, anderson-oliveira",elisandra-decantam
4845,4957,Atendimento ao usuário Suporte - DMP,6,3,2,2024-07-22 09:27:54+00:00,2024-07-22 14:36:14+00:00,,,AJUDA E SUPORTE > ATENDIMENTO AO USUÁRIO,Entidade raiz > PIRATINI > CENTRAL DE ATENDIMENTOS > CASA CIVIL,,alessandro-vieira,melina-andrade
4846,4958,PROA REMOVER ACESSO A GRUPO,6,3,2,2024-07-22 09:28:59+00:00,2024-07-22 13:53:51+00:00,,,DTIC > SISTEMAS > REMOÇÃO DE ACESSO SISTEMA,Entidade raiz > PIRATINI > CENTRAL DE ATENDIMENTOS > CASA MILITAR,,"miguelangelo, anderson-oliveira",elisandra-decantam
4847,4959,PROA REMOVER ACESSO A GRUPO,6,3,2,2024-07-22 09:32:02+00:00,2024-07-22 13:53:15+00:00,,,DTIC > SISTEMAS > REMOÇÃO DE ACESSO SISTEMA,Entidade raiz > PIRATINI > CENTRAL DE ATENDIMENTOS > CASA MILITAR,,"miguelangelo, anderson-oliveira",elisandra-decantam
4848,4960,Atendimento ao usuário Suporte - DMP,6,3,2,2024-07-22 09:32:52+00:00,2024-07-22 14:43:44+00:00,,,AJUDA E SUPORTE > ATENDIMENTO AO USUÁRIO,Entidade raiz > PIRATINI > CENTRAL DE ATENDIMENTOS > CASA CIVIL,,"jorge-vicente, alessandro-vieira",melina-andrade
4849,4961,Atendimento ao usuário Suporte - EVENTOS - RIACHUELO,6,3,2,2024-07-22 09:48:10+00:00,2024-07-22 16:00:57+00:00,,,DTIC > INFRAESTRUTURA > PROBLEMA DE REDE,Entidade raiz > PIRATINI > CENTRAL DE ATENDIMENTOS > SECOM,,anderson-oliveira,andre-graminho
4850,4962,IMPRESSORA MENSAGEM DE ERRO - ASTEC GG - CAFF 2º Andar/ Ao lado da EGOV,6,3,1,2024-07-22 09:58:14+00:00,2024-07-31 15:21:38+00:00,,,DTIC > EQUIPAMENTOS > MANUTENÇÃO,Entidade raiz > PIRATINI > CENTRAL DE ATENDIMENTOS > GG,,jorge-vicente,adriweli-lima
4851,4963,Acesso a Sistemas Rede Piratini,6,3,2,2024-07-22 10:01:30+00:00,2024-07-22 15:51:27+00:00,,,ACESSO A SISTEMAS > REDE > LIBERAÇÃO DE ACESSO > NOVO USUÁRIO,Entidade raiz > PIRATINI > CENTRAL DE ATENDIMENTOS > GG,Palacio Piratini - Ala Residencial,anderson-oliveira,patricia-bicoski
4852,4964,Auxílio para Desbloquear senha do Proa // CC - Orçamentos // Renato Mendes,6,3,2,2024-07-22 10:35:59+00:00,2024-07-22 10:36:05+00:00,,,ACESSO A SISTEMAS > SOE,Entidade raiz > PIRATINI > CENTRAL DE ATENDIMENTOS > CASA CIVIL,,silvio-valim,renato-costa
4853,4965,Atendimento ao usuário Suporte - Coordenadoria Estadual de Proteção e defesa Civil,6,3,2,2024-07-22 11:47:58+00:00,2024-07-22 11:57:28+00:00,,,ACESSO A SISTEMAS > REDE > RESET DE SENHA,Entidade raiz > PIRATINI > CENTRAL DE ATENDIMENTOS > CASA MILITAR,,anderson-oliveira,elisandra-decantam
4854,4966,"INCIDENTE  - SECOM, rua riachuelo",6,3,2,2024-07-22 13:50:18+00:00,2024-07-22 16:00:57+00:00,,,DTIC > INFRAESTRUTURA > OUTROS,Entidade raiz > PIRATINI > CENTRAL DE ATENDIMENTOS > SECOM,,anderson-oliveira,manoella-rodrigues
4855,4967,Atendimento ao usuário Suporte - DMP,6,3,2,2024-07-22 14:28:42+00:00,2024-07-22 16:28:44+00:00,,,ACESSO A SISTEMAS > OFFICE 365,Entidade raiz > PIRATINI > CENTRAL DE ATENDIMENTOS > CASA CIVIL,,jorge-vicente,melina-andrade
4856,4968,Ajuda e Suporte / DGAP,6,3,2,2024-07-22 15:13:52+00:00,2024-07-24 08:57:12+00:00,,,AJUDA E SUPORTE > INSTALAÇÃO DE EQUIPAMENTOS,Entidade raiz > PIRATINI > CENTRAL DE ATENDIMENTOS > CASA CIVIL,,anderson-oliveira,daniela-cunha
4857,4969,"Atendimento ao usuário Suporte - Departamento de Planejamento, Orçamento e Finanças",6,3,2,2024-07-22 15:26:26+00:00,2024-07-24 08:56:43+00:00,,,AJUDA E SUPORTE > ATENDIMENTO AO USUÁRIO,Entidade raiz > PIRATINI > CENTRAL DE ATENDIMENTOS > CASA CIVIL,,anderson-oliveira,rita-muller
4884,4996,Instalação Access Point  // GVG - Guaiba // Carla Calero,6,3,2,2024-07-23 16:51:49+00:00,2024-07-30 16:13:26+00:00,,,DTIC > INFRAESTRUTURA > WI-FI,Entidade raiz > PIRATINI > CENTRAL DE ATENDIMENTOS > GVG,Edifício Guaíba,,carla-calero
4858,4970,Atendimento ao usuário Suporte - General Andrade Neves 106 - 11 andar,6,3,2,2024-07-22 15:38:51+00:00,2024-07-22 15:58:23+00:00,,,AJUDA E SUPORTE > ATENDIMENTO AO USUÁRIO,Entidade raiz > PIRATINI > CENTRAL DE ATENDIMENTOS > CASA MILITAR,,anderson-oliveira,camila-santos
4859,4971,Atendimento ao usuário Suporte - Coordenadoria Estadual de Proteção e defesa Civil,6,3,2,2024-07-22 15:43:43+00:00,2024-07-22 16:19:18+00:00,,,ACESSO A SISTEMAS > NDD,Entidade raiz > PIRATINI > CENTRAL DE ATENDIMENTOS > CASA MILITAR,,"silvio-valim, anderson-oliveira",elisandra-decantam
4860,4972,Remoção de Acessos -RH,6,3,2,2024-07-22 16:07:05+00:00,2024-07-23 10:52:16+00:00,,,DTIC > SISTEMAS > REMOÇÃO DE ACESSO SISTEMA,Entidade raiz > PIRATINI > CENTRAL DE ATENDIMENTOS > CASA CIVIL,,"silvio-valim, miguelangelo, anderson-oliveira",carlos-duarte
4861,4973,IMPRESSORA NÃO INSTALADA NA MAQUINA - Coordenadoria Estadual de Proteção e Defesa Civil,6,3,2,2024-07-22 16:11:14+00:00,2024-07-22 16:20:21+00:00,,,DTIC > EQUIPAMENTOS > CONFIGURAÇÃO,Entidade raiz > PIRATINI > CENTRAL DE ATENDIMENTOS > CASA MILITAR,,anderson-oliveira,elisandra-decantam
4862,4974,OFFICE 365 // NOVA CONTA DE EMAIL - Subchefia Parlamentar,6,3,2,2024-07-22 16:34:49+00:00,2024-07-23 14:20:51+00:00,,,ACESSO A SISTEMAS > REDE > LIBERAÇÃO DE ACESSO > NOVO USUÁRIO,Entidade raiz > PIRATINI > CENTRAL DE ATENDIMENTOS > CASA CIVIL,R. Duque de Caxias 951 (Banrisul),"silvio-valim, miguelangelo, anderson-oliveira",paulo-souza
4863,4975,INGRESSO DE SERVIDOR,6,4,2,2024-07-22 16:38:36+00:00,2024-07-23 14:20:51+00:00,,,,Entidade raiz > PIRATINI > CENTRAL DE ATENDIMENTOS > CASA CIVIL > Secretaria-Executiva > Subchefia Administrativa > Departamento de Gestão de Atos e Pessoal > Divisão de Gestão de Pessoas,,"silvio-valim, miguelangelo, anderson-oliveira",silvia-leopoldino
4864,4976,Troca Tonner - Banri Duque de Caxias  951,6,3,2,2024-07-22 16:39:35+00:00,2024-07-22 17:13:00+00:00,,,DTIC > EQUIPAMENTOS > MANUTENÇÃO,Entidade raiz > PIRATINI > CENTRAL DE ATENDIMENTOS > CASA CIVIL,R. Duque de Caxias 951 (Banrisul),"jorge-vicente, anderson-oliveira",
4865,4977,Atendimento ao usuário Suporte - 21º - Gabinete do Vice-Governador ,6,3,2,2024-07-22 17:31:39+00:00,2025-01-17 10:24:50+00:00,,,AJUDA E SUPORTE > MOVIMENTO DE EQUIPAMENTOS DE TI > REQUISIÇÃO,Entidade raiz > PIRATINI > CENTRAL DE ATENDIMENTOS > GVG,Edifício Guaíba,"anderson-oliveira, thales-leite, leonardo-riela",flavia-silva
4866,4978,OUTLOOK // ADICIONAR/EXCLUIR USUÁRIO DE CAIXA COMPARTILHADA - DEFESA CIVIL - DIVISÃO DE RELAÇÕES COMUNITÁRIAS,6,3,2,2024-07-23 07:49:44+00:00,2024-07-23 09:53:51+00:00,,,ACESSO A SISTEMAS > OFFICE 365 > EMAIL > CAIXA COMPARTILHADA,Entidade raiz > PIRATINI > CENTRAL DE ATENDIMENTOS > CASA MILITAR,,anderson-oliveira,elisandra-decantam
4867,4979,Configuração policies Wi-Fi // GVG - Guaiba // Lucas Sergio,6,3,2,2024-07-23 09:36:26+00:00,2024-07-23 09:36:47+00:00,,,DTIC > INFRAESTRUTURA > WI-FI,Entidade raiz > PIRATINI > CENTRAL DE ATENDIMENTOS,,,
4895,5007,Atendimento ao usuário Suporte - ADMINISTRATIVO,6,3,2,2024-07-24 16:26:52+00:00,2024-07-24 17:00:59+00:00,,,DTIC > EQUIPAMENTOS > MANUTENÇÃO,Entidade raiz > PIRATINI > CENTRAL DE ATENDIMENTOS > SECOM,,jorge-vicente,andre-graminho
4868,4980,Atendimento ao usuário Suporte - Coordenadoria Estadual de Proteção e defesa Civil,6,3,2,2024-07-23 09:37:04+00:00,2024-07-25 17:43:35+00:00,,,DTIC > EQUIPAMENTOS > MANUTENÇÃO,Entidade raiz > PIRATINI > CENTRAL DE ATENDIMENTOS > CASA MILITAR,,leonardo-riela,elisandra-decantam
4869,4981,Acesso a Sistemas Rede Piratini,6,3,2,2024-07-23 09:48:01+00:00,2024-07-23 09:48:57+00:00,,,ACESSO A SISTEMAS > REDE > RESET DE SENHA,Entidade raiz > PIRATINI > CENTRAL DE ATENDIMENTOS > CASA MILITAR,,,patrick-senger
4870,4982,Acesso a Sistemas Rede Piratini,6,3,2,2024-07-23 09:56:33+00:00,2024-07-23 10:50:26+00:00,,,DTIC > SISTEMAS > REMOÇÃO DE ACESSO SISTEMA,Entidade raiz > PIRATINI > CENTRAL DE ATENDIMENTOS > CASA CIVIL,Casa Civil 1005,"miguelangelo, anderson-oliveira",gustavo-sehnem
4871,4983,Acesso a Sistemas / SOE / FPE - Dificuldade de acesso,6,3,1,2024-07-23 10:47:48+00:00,2024-07-23 11:28:51+00:00,,,ACESSO A SISTEMAS > SOE > FPE,Entidade raiz > PIRATINI > CENTRAL DE ATENDIMENTOS > CASA MILITAR,,anderson-oliveira,kelen-silva
4872,4984,Acesso a Sistemas\Novo usuário de e-mail,6,3,2,2024-07-23 12:09:42+00:00,2024-07-23 17:45:09+00:00,,,ACESSO A SISTEMAS > OFFICE 365 > EMAIL > NOVO USUÁRIO,Entidade raiz > PIRATINI > CENTRAL DE ATENDIMENTOS > CASA CIVIL,,anderson-oliveira,
4873,4985,Desativação servidor piratinipaepx02 // CC - DTIC // Lucas Sergio,6,3,2,2024-07-23 13:22:31+00:00,2024-07-23 13:22:39+00:00,,,DTIC > INFRAESTRUTURA,Entidade raiz > PIRATINI > CENTRAL DE ATENDIMENTOS,,,
4874,4986,Atendimento ao usuário Suporte - jornalismo,6,3,2,2024-07-23 13:59:36+00:00,2024-07-23 14:09:21+00:00,,,ACESSO A SISTEMAS > REDE > LIBERAÇÃO DE ACESSO,Entidade raiz > PIRATINI > CENTRAL DE ATENDIMENTOS > SECOM,,anderson-oliveira,andre-graminho
4875,4987,Ajuda e Suporte \ Configuração de Software,6,3,2,2024-07-23 14:05:30+00:00,2024-07-23 14:05:43+00:00,,,AJUDA E SUPORTE > ATENDIMENTO AO USUÁRIO,Entidade raiz > PIRATINI > CENTRAL DE ATENDIMENTOS > CASA CIVIL,R. Duque de Caxias 951 (Banrisul),anderson-oliveira,rejane-farias
4876,4988,Remoção de Acessos -RH,6,3,2,2024-07-23 14:15:04+00:00,2024-07-23 16:44:41+00:00,,,DTIC > SISTEMAS > REMOÇÃO DE ACESSO SISTEMA,Entidade raiz > PIRATINI > CENTRAL DE ATENDIMENTOS > CASA CIVIL,,"silvio-valim, pablo-guimaraes, anderson-oliveira",carlos-duarte
4877,4989,Ajuda e Suporte \ Equipamentos,6,3,1,2024-07-23 14:35:30+00:00,2024-07-23 15:00:37+00:00,,,ACESSO A SISTEMAS > OFFICE 365,Entidade raiz > PIRATINI > CENTRAL DE ATENDIMENTOS > GG,Palácio do Piratini,"silvio-valim, anderson-oliveira",jane-aschidamini
4878,4990,Atendimento ao usuário Suporte - Divisão de Protocolo e Gerenciamento de Arquivos,6,3,2,2024-07-23 15:09:09+00:00,2024-07-26 09:40:29+00:00,,,ACESSO A SISTEMAS > OFFICE 365,Entidade raiz > PIRATINI > CENTRAL DE ATENDIMENTOS > CASA CIVIL,,silvio-valim,diego-mattiello
4879,4991,INGRESSO DE SERVIDOR,6,4,2,2024-07-23 15:17:55+00:00,2024-07-23 17:44:43+00:00,,,ACESSO A SISTEMAS > REDE,Entidade raiz > PIRATINI > CENTRAL DE ATENDIMENTOS > CASA CIVIL > Secretaria-Executiva > Subchefia Administrativa > Departamento de Gestão de Atos e Pessoal > Divisão de Gestão de Pessoas,,"pablo-guimaraes, miguelangelo, anderson-oliveira",silvia-leopoldino
4880,4992,Renovação de Certificado Digital // CC - DTIC // pablo-guimaraes,6,3,2,2024-07-23 12:00:00+00:00,2024-08-02 11:05:31+00:00,,,DTIC > SISTEMAS > CONFIGURAÇÃO DE SOFTWARE,Entidade raiz > PIRATINI > CENTRAL DE ATENDIMENTOS > CASA CIVIL > Secretaria-Executiva > Subchefia Administrativa > Departamento de Tecnologia e Informação,,pablo-guimaraes,pablo-guimaraes
4881,4993,Liberação de internet // CC - DTIC // Lucas Sergio,6,3,2,2024-07-23 16:40:36+00:00,2024-07-24 13:43:06+00:00,,,DTIC > INFRAESTRUTURA,Entidade raiz > PIRATINI > CENTRAL DE ATENDIMENTOS,,,
4882,4994,Ajuda e Suporte \ Equipamentos,6,3,2,2024-07-23 16:40:38+00:00,2024-09-02 17:40:20+00:00,,,,Entidade raiz > PIRATINI > CENTRAL DE ATENDIMENTOS > CASA CIVIL,,anderson-oliveira,
4885,4997,Acesso a Sistemas Rede Piratini,6,3,2,2024-07-23 17:08:02+00:00,2024-07-31 10:54:37+00:00,,,ACESSO A SISTEMAS > SOE > FPE,Entidade raiz > PIRATINI > CENTRAL DE ATENDIMENTOS > CASA CIVIL,,"pablo-guimaraes, anderson-oliveira",melissa-costa
4886,4998,Acesso a Sistemas Rede Piratini,6,3,2,2024-07-23 17:15:17+00:00,2024-07-24 08:54:55+00:00,,,ACESSO A SISTEMAS > OFFICE 365 > EMAIL > CAIXA COMPARTILHADA,Entidade raiz > PIRATINI > CENTRAL DE ATENDIMENTOS > CASA CIVIL,,anderson-oliveira,melissa-costa
4887,4999,Atendimento ao usuário Suporte - DMP,6,3,2,2024-07-24 09:47:33+00:00,2024-07-24 09:49:31+00:00,,,AJUDA E SUPORTE > ATENDIMENTO AO USUÁRIO,Entidade raiz > PIRATINI > CENTRAL DE ATENDIMENTOS > CASA CIVIL,,leonardo-riela,melina-andrade
4888,5000,PROA REMOVER ACESSO A GRUPO,6,3,2,2024-07-24 10:31:18+00:00,2024-07-24 15:28:07+00:00,,,ACESSO A SISTEMAS > SOE > PROA > REMOVER DE GRUPO,Entidade raiz > PIRATINI > CENTRAL DE ATENDIMENTOS > SECOM,,silvio-valim,cristiano-tavares
4889,5001,Acesso a Sistemas\Acesso a Sistema\DGAP,6,3,2,2024-07-24 11:14:49+00:00,2024-07-25 09:17:22+00:00,,,ACESSO A SISTEMAS > REDE,Entidade raiz > PIRATINI > CENTRAL DE ATENDIMENTOS > CASA CIVIL,,anderson-oliveira,daniela-cunha
4890,5002,Atendimento ao usuário Suporte - Coordenadoria Estadual de Proteção e defesa Civil,6,3,2,2024-07-24 11:17:26+00:00,2024-08-07 13:38:04+00:00,,,ACESSO A SISTEMAS > REDE > LIBERAÇÃO DE ACESSO,Entidade raiz > PIRATINI > CENTRAL DE ATENDIMENTOS > CASA MILITAR,,jorge-vicente,elisandra-decantam
4891,5003,Atendimento ao usuário Suporte - Divisão de Atos de Pessoal,6,3,2,2024-07-24 11:46:37+00:00,2024-07-24 11:59:47+00:00,,,AJUDA E SUPORTE > INSTALAÇÃO DE SOFTWARE,Entidade raiz > PIRATINI > CENTRAL DE ATENDIMENTOS > CASA CIVIL,,,francisco-barros
4892,5004,PROA REMOVER ACESSO A GRUPO,6,3,2,2024-07-24 13:57:32+00:00,2024-07-25 09:48:18+00:00,,,ACESSO A SISTEMAS > SOE > PROA > REMOVER DE GRUPO,Entidade raiz > PIRATINI > CENTRAL DE ATENDIMENTOS > SECOM,,miguelangelo,cristiano-tavares
4893,5005,OUTLOOK // ADICIONAR/EXCLUIR USUÁRIO DE CAIXA COMPARTILHADA - Gabinete do Governador - Gestão de Documentos,6,3,2,2024-07-24 15:09:39+00:00,2024-07-24 16:46:15+00:00,,,ACESSO A SISTEMAS > OFFICE 365 > EMAIL > CAIXA COMPARTILHADA,Entidade raiz > PIRATINI > CENTRAL DE ATENDIMENTOS > GG,,silvio-valim,luciana-ghiggi
4894,5006,Atendimento ao usuário Suporte - Departamento de Conservacao e Memoria ,6,3,2,2024-07-24 16:11:21+00:00,2024-07-25 15:42:05+00:00,,,DTIC > SISTEMAS > ALTERAÇÃO DE ACESSO,Entidade raiz > PIRATINI > CENTRAL DE ATENDIMENTOS > GG,,,taizi-nunes
4899,5011,Atendimento ao usuário Suporte - DCMPP,6,3,2,2024-07-25 10:42:57+00:00,2024-07-25 15:44:10+00:00,,,DTIC > SISTEMAS > ALTERAÇÃO DE ACESSO,Entidade raiz > PIRATINI > CENTRAL DE ATENDIMENTOS > GG,,,lorena-vieira
4900,5012,"Atendimento ao usuário Suporte - Departamento de Planejamento, Orçamento e Finanças",6,3,2,2024-07-25 17:08:17+00:00,2024-08-02 11:14:39+00:00,,,ACESSO A SISTEMAS > SOE,Entidade raiz > PIRATINI > CENTRAL DE ATENDIMENTOS > CASA CIVIL,,pablo-guimaraes,rita-muller
4901,5013,Ajuda e Suporte / Atendimento ao Usuário - Deslocamento de ramal Coord Def Civil,6,3,2,2024-07-26 10:06:02+00:00,2024-07-26 11:02:55+00:00,,,DTIC > EQUIPAMENTOS > CONFIGURAÇÃO,Entidade raiz > PIRATINI > CENTRAL DE ATENDIMENTOS > CASA MILITAR,,thales-leite,elisandra-decantam
4902,5014,IMPRESSORA,6,3,2,2024-07-26 10:43:40+00:00,2024-07-26 17:48:27+00:00,,,AJUDA E SUPORTE > ATENDIMENTO AO USUÁRIO,Entidade raiz > PIRATINI > CENTRAL DE ATENDIMENTOS > SECOM,,,cristiano-tavares
4903,5015,Atendimento ao usuário Suporte - DMP,6,3,2,2024-07-26 11:30:11+00:00,2024-07-31 09:49:08+00:00,,,AJUDA E SUPORTE > ATENDIMENTO AO USUÁRIO,Entidade raiz > PIRATINI > CENTRAL DE ATENDIMENTOS > CASA CIVIL,Casa Civil 1005,"thales-leite, leonardo-riela",melina-andrade
4904,5016,Atendimento ao usuário Suporte - Departamento de Gestão Documental e de Bens Materiais e Patrimoniais,6,3,2,2024-07-26 14:30:02+00:00,2024-07-26 16:43:12+00:00,,,ACESSO A SISTEMAS > SOE > PROA > ADICIONAR A GRUPO,Entidade raiz > PIRATINI > CENTRAL DE ATENDIMENTOS > CASA CIVIL,,miguelangelo,diego-mattiello
4905,5017,Atendimento ao usuário Suporte - Coordenadoria de Defesa Civil - CREPDEC 4 Pelotas,6,3,2,2024-07-26 15:49:44+00:00,2024-08-08 16:06:39+00:00,,,AJUDA E SUPORTE > ATENDIMENTO AO USUÁRIO,Entidade raiz > PIRATINI > CENTRAL DE ATENDIMENTOS > CASA MILITAR,,"anderson-oliveira, thales-leite",elisandra-decantam
4906,5018,Troca Cabo DisplayPort // CC - Legislativo // Josiane Marmitt,6,3,2,2024-07-26 15:50:37+00:00,2024-07-26 15:50:49+00:00,,,AJUDA E SUPORTE > ATENDIMENTO AO USUÁRIO,Entidade raiz > PIRATINI > CENTRAL DE ATENDIMENTOS > CASA CIVIL,,silvio-valim,josiane-marmitt
4907,5019,Instalar VOIP // CC - DRH // Regina Fraga,6,3,2,2024-07-26 16:29:31+00:00,2024-07-29 13:43:59+00:00,,,AJUDA E SUPORTE > INSTALAÇÃO DE EQUIPAMENTOS,Entidade raiz > PIRATINI > CENTRAL DE ATENDIMENTOS > CASA CIVIL,,thales-leite,regina-fraga
4908,5020,Cadastro GDG // GG - SJCDH // jovana-beck,6,3,2,2024-07-26 12:00:00+00:00,2024-07-26 18:23:44+00:00,,,ACESSO A SISTEMAS > SOE,Entidade raiz > PIRATINI > CENTRAL DE ATENDIMENTOS > GG > Chefia de Gabinete do Governador > Direção-Geral > Departamento de Gestão de Documentos,,pablo-guimaraes,jovana-fonseca
4909,5021,Ajuda e Suporte\ PC sem rede,6,3,1,2024-07-29 08:41:20+00:00,2024-07-29 13:39:36+00:00,,,AJUDA E SUPORTE > ATENDIMENTO AO USUÁRIO,Entidade raiz > PIRATINI > CENTRAL DE ATENDIMENTOS > CASA MILITAR,Riachuelo 1285,"anderson-oliveira, thales-leite",ivo-streb
4910,5022,Acesso a Sistemas / Rede / Reset de Senha - Cerimonial,6,3,1,2024-07-29 08:52:58+00:00,2024-07-29 09:22:39+00:00,,,ACESSO A SISTEMAS > REDE > RESET DE SENHA,Entidade raiz > PIRATINI > CENTRAL DE ATENDIMENTOS > GG,,jorge-vicente,joao-bomfim
4911,5023,Acesso a Sistemas\Reset de Senha de Rede,6,3,2,2024-07-29 09:01:57+00:00,2024-07-29 09:02:59+00:00,,,ACESSO A SISTEMAS > REDE > RESET DE SENHA,Entidade raiz > PIRATINI > CENTRAL DE ATENDIMENTOS > GG,,anderson-oliveira,joao-bomfim
4926,5038,Relatório mensal usuários inativos AD // CC - DTI // Lucas Sergio,6,3,2,2024-07-30 13:05:04+00:00,2024-07-30 13:05:18+00:00,,,DTIC > INFRAESTRUTURA,Entidade raiz > PIRATINI > CENTRAL DE ATENDIMENTOS,,,
4912,5024,EQUIPAMENTOS IMPRESSORA ATOLAMENTO - Gabinete do Governador,6,3,2,2024-07-29 11:02:48+00:00,2024-07-29 11:52:58+00:00,,,IMPRESSORA > ATOLAMENTO,Entidade raiz > PIRATINI > CENTRAL DE ATENDIMENTOS > GG,,jorge-vicente,luciana-ghiggi
4913,5025,Ajuda e Suporte / Atendimento ao Usuário - Cerimonial,6,3,1,2024-07-29 08:52:58+00:00,2024-07-30 09:29:24+00:00,,,AJUDA E SUPORTE > ATENDIMENTO AO USUÁRIO,Entidade raiz > PIRATINI > CENTRAL DE ATENDIMENTOS > GG,,leonardo-riela,joao-bomfim
4914,5026,Atendimento ao usuário Suporte - Gabinete do Governador,6,3,2,2024-07-29 14:42:49+00:00,2024-07-31 10:16:54+00:00,,,AJUDA E SUPORTE > ATENDIMENTO AO USUÁRIO,Entidade raiz > PIRATINI > CENTRAL DE ATENDIMENTOS > GG,,leonardo-riela,luciana-ghiggi
4915,5027,Reset de Senha // CC - Subchefia Jurídica // Maria Patricia Möllmann,6,3,1,2024-07-29 10:03:00+00:00,2024-07-29 15:20:32+00:00,,,ACESSO A SISTEMAS > REDE > RESET DE SENHA,Entidade raiz > PIRATINI > CENTRAL DE ATENDIMENTOS > CASA CIVIL,,jorge-vicente,maria-mollmann
4916,5028,Reset de Senha // CM - Defesa Civil // Sabrina Pereira Ribas,6,3,1,2024-07-29 15:21:50+00:00,2024-07-29 15:22:07+00:00,,,ACESSO A SISTEMAS > REDE > RESET DE SENHA,Entidade raiz > PIRATINI > CENTRAL DE ATENDIMENTOS > CASA MILITAR > Subchefia de Proteção e Defesa Civil,,jorge-vicente,sabrina-ribas
4917,5029,Liberação redes Webgateway // GVG - Guaiba // Lucas Sergio,6,3,2,2024-07-29 16:04:04+00:00,2024-07-29 16:04:50+00:00,,,DTIC > INFRAESTRUTURA > WI-FI,Entidade raiz > PIRATINI > CENTRAL DE ATENDIMENTOS,,,
4918,5030,Criação de rede Wi-Fi // GG - Conservação e Memória // Lucas Sergio,6,3,2,2024-07-29 16:21:14+00:00,2024-07-29 16:21:28+00:00,,,ACESSO A SISTEMAS > REDE > WIFI,Entidade raiz > PIRATINI > CENTRAL DE ATENDIMENTOS,,,
4919,5031,Acesso a Sistemas Rede Piratini,6,3,2,2024-07-29 17:12:14+00:00,2024-07-31 09:46:36+00:00,,,ACESSO A SISTEMAS > REDE > LIBERAÇÃO DE ACESSO > NOVO USUÁRIO,Entidade raiz > PIRATINI > CENTRAL DE ATENDIMENTOS > GG,,"miguelangelo, anderson-oliveira",joao-bomfim
4920,5032,Disco D sem espaço // SECOM // André Graminho,6,3,1,2024-07-30 08:33:12+00:00,2024-07-30 08:33:20+00:00,,,DTIC > INFRAESTRUTURA,Entidade raiz > PIRATINI > CENTRAL DE ATENDIMENTOS > SECOM,,,andre-graminho
4921,5033,Atendimento ao usuário Suporte - RS Seguro - 20o andar CAFF,6,3,2,2024-07-30 10:00:41+00:00,2024-08-01 16:59:33+00:00,,,DTIC > EQUIPAMENTOS > MANUTENÇÃO,Entidade raiz > PIRATINI,CAFF,"thales-leite, leonardo-riela",thais-zeltser
4922,5034,IMPRESSORA,6,3,2,2024-07-30 10:30:30+00:00,2024-07-30 15:52:14+00:00,,,IMPRESSORA,Entidade raiz > PIRATINI > CENTRAL DE ATENDIMENTOS > SECOM,,jorge-vicente,cristiano-tavares
4923,5035,PROA LIBERAR ACESSO A GRUPO,6,3,2,2024-07-30 12:19:50+00:00,2024-07-31 10:01:15+00:00,,,ACESSO A SISTEMAS > SOE > PROA > ADICIONAR A GRUPO,Entidade raiz > PIRATINI > CENTRAL DE ATENDIMENTOS > CASA MILITAR,,miguelangelo,fabio-rauber
4924,5036,Relatório mensal computadores AD // CC - DTI // Lucas Sergio,6,3,2,2024-07-30 13:03:50+00:00,2024-07-30 13:03:58+00:00,,,DTIC > INFRAESTRUTURA,Entidade raiz > PIRATINI > CENTRAL DE ATENDIMENTOS,,,
4927,5039,Exclusão de contas inativas // CC - DTIC // Lucas Sergio,6,3,2,2024-07-30 13:06:22+00:00,2024-07-30 13:06:45+00:00,,,DTIC > INFRAESTRUTURA,Entidade raiz > PIRATINI > CENTRAL DE ATENDIMENTOS,,,
4928,5040,Atendimento ao usuário Suporte - Secom - Riachuelo,6,3,2,2024-07-30 14:00:13+00:00,2024-08-01 09:04:56+00:00,,,ACESSO A SISTEMAS > REDE > LIBERAÇÃO DE ACESSO > NOVO USUÁRIO,Entidade raiz > PIRATINI > CENTRAL DE ATENDIMENTOS > SECOM,,"silvio-valim, pablo-guimaraes, anderson-oliveira",luis-zorzan
4929,5041,Atendimento ao usuário Suporte - Sala RS Seguro - 20º andar CAFF,6,3,2,2024-07-30 14:28:23+00:00,2024-08-01 13:06:17+00:00,,,DTIC > INFRAESTRUTURA > PROBLEMA DE REDE,Entidade raiz > PIRATINI > CENTRAL DE ATENDIMENTOS > GG,,"anderson-oliveira, thales-leite, leonardo-riela",elisangela-silva
4930,5042,Acesso a Sistemas\Reset de Senha de Rede,6,3,2,2024-07-30 14:32:27+00:00,2024-07-30 14:33:14+00:00,,,ACESSO A SISTEMAS > REDE > RESET DE SENHA,Entidade raiz > PIRATINI > CENTRAL DE ATENDIMENTOS > GVG,Edifício Guaíba,anderson-oliveira,melissa-bulegon
4931,5043,Atendimento ao usuário Suporte - Ouvidoria-CAFF,6,3,2,2024-07-30 14:35:03+00:00,2024-08-08 16:34:31+00:00,,,AJUDA E SUPORTE > INSTALAÇÃO DE SOFTWARE,Entidade raiz > PIRATINI > CENTRAL DE ATENDIMENTOS > CASA CIVIL,,,regina-costa
4932,5044,Acesso a Sistemas  - LAI - LIBERAR ACESSO,6,3,2,2024-07-30 14:42:07+00:00,2024-07-31 09:36:26+00:00,,,ACESSO A SISTEMAS > SOE,Entidade raiz > PIRATINI > CENTRAL DE ATENDIMENTOS > CASA CIVIL,,pablo-guimaraes,regina-costa
4933,5045,Configuração switch cameras // CM - Operações 4°Andar // Lucas Sergio,6,3,2,2024-07-30 14:46:38+00:00,2024-07-30 14:46:52+00:00,,,DTIC > INFRAESTRUTURA,Entidade raiz > PIRATINI > CENTRAL DE ATENDIMENTOS,,,
4934,5046,Atendimento ao usuário Suporte - ecom,6,3,2,2024-07-30 14:55:31+00:00,2024-07-30 15:12:45+00:00,,,ACESSO A SISTEMAS > REDE > RESET DE SENHA,Entidade raiz > PIRATINI > CENTRAL DE ATENDIMENTOS > SECOM,,anderson-oliveira,jean-rangel
4935,5047,Acesso a Sistemas  - Geral - OUTRO,6,3,2,2024-07-30 15:42:28+00:00,2024-08-02 11:12:30+00:00,,,,Entidade raiz > PIRATINI > CENTRAL DE ATENDIMENTOS > GVG,Edifício Guaíba,"pablo-guimaraes, miguelangelo, anderson-oliveira",carla-calero
4936,5048,Acesso a Sistemas Rede Piratini,6,3,2,2024-07-30 15:50:11+00:00,2024-07-30 15:54:57+00:00,,,ACESSO A SISTEMAS > REDE > RESET DE SENHA,Entidade raiz > PIRATINI > CENTRAL DE ATENDIMENTOS > CASA MILITAR,,jorge-vicente,debora-aparecida
4937,5049,Movimentação de Impressora // GVG - Edifício Guaíba // HP E52645c,6,3,1,2024-07-30 15:57:51+00:00,2024-07-30 15:59:00+00:00,,,,Entidade raiz > PIRATINI > CENTRAL DE ATENDIMENTOS > GVG,,jorge-vicente,
4938,5050,Movimentação de Impressora // GVG - Edifício Guaíba // HP E52645c ,6,3,1,2024-07-30 16:00:27+00:00,2024-07-30 16:01:16+00:00,,,DTIC > EQUIPAMENTOS > INSTALAÇÃO > IMPRESSORA,Entidade raiz > PIRATINI > CENTRAL DE ATENDIMENTOS > GVG,,jorge-vicente,
4939,5051,Desativação rede South Summit // CC - DTIC // Lucas Sergio,6,3,2,2024-07-30 16:09:18+00:00,2024-08-13 11:27:41+00:00,,,DTIC > INFRAESTRUTURA,Entidade raiz > PIRATINI > CENTRAL DE ATENDIMENTOS,,,
4940,5052,Liberação acesso SSH // CC - DTIC // Lucas Sergio,6,3,2,2024-07-30 16:11:56+00:00,2024-07-31 10:53:55+00:00,,,DTIC > INFRAESTRUTURA,Entidade raiz > PIRATINI > CENTRAL DE ATENDIMENTOS,,,
5056,5169,Aumentar espaço Grupo Teams // GVG - GPE // Bruna Borges,6,3,2,2024-08-09 09:02:17+00:00,2024-08-09 09:10:57+00:00,,,ACESSO A SISTEMAS > OFFICE 365 > EMAIL > ATUALIZAR DADOS,Entidade raiz > PIRATINI > CENTRAL DE ATENDIMENTOS > GVG,,silvio-valim,bruna-borges
4941,5053,Cadastro FPE // SECOM - Administrativo // vania-pinto,6,3,2,2024-07-30 12:00:00+00:00,2024-08-02 11:07:56+00:00,,,ACESSO A SISTEMAS > SOE > FPE,Entidade raiz > PIRATINI > CENTRAL DE ATENDIMENTOS > SECOM > Direção-Geral > Departamento Administrativo,,pablo-guimaraes,vania-pinto
4942,5054,Atendimento ao usuário Suporte - GABINETE,6,3,2,2024-07-30 18:27:20+00:00,2024-08-02 11:07:08+00:00,,,ACESSO A SISTEMAS > SOE,Entidade raiz > PIRATINI > CENTRAL DE ATENDIMENTOS > SECOM,,"pablo-guimaraes, miguelangelo",andre-graminho
4943,5055,Acesso a Sistemas\Reset de Senha de Rede,6,3,2,2024-07-31 08:58:45+00:00,2024-07-31 08:59:21+00:00,,,ACESSO A SISTEMAS > REDE > RESET DE SENHA,Entidade raiz > PIRATINI > CENTRAL DE ATENDIMENTOS > CASA CIVIL,R. Duque de Caxias 951 (Banrisul),anderson-oliveira,jean-goulart
4944,5056,Acesso a Sistemas  - Geral - DESBLOQUEAR USUÁRIO,6,3,2,2024-07-31 09:17:57+00:00,2024-07-31 09:34:31+00:00,,,ACESSO A SISTEMAS > REDE > RESET DE SENHA,Entidade raiz > PIRATINI > CENTRAL DE ATENDIMENTOS > GVG,Edifício Guaíba,anderson-oliveira,melissa-bulegon
4945,5057,Acesso a Sistemas Rede Piratini,6,3,2,2024-07-31 09:39:00+00:00,2024-08-01 09:06:28+00:00,,,ACESSO A SISTEMAS > REDE > LIBERAÇÃO DE ACESSO,Entidade raiz > PIRATINI > CENTRAL DE ATENDIMENTOS > GVG,,"silvio-valim, anderson-oliveira",carla-calero
4946,5058,Acesso a Sistemas Rede Piratini,6,3,2,2024-07-31 09:42:42+00:00,2024-07-31 09:55:30+00:00,,,ACESSO A SISTEMAS > REDE > RESET DE SENHA,Entidade raiz > PIRATINI > CENTRAL DE ATENDIMENTOS > GVG,Edifício Guaíba,,carla-calero
4947,5059,PROA LIBERAR ACESSO A GRUPO,6,3,2,2024-07-31 10:16:11+00:00,2024-07-31 10:49:56+00:00,,,ACESSO A SISTEMAS > SOE > PROA > ADICIONAR A GRUPO,Entidade raiz > PIRATINI > CENTRAL DE ATENDIMENTOS > SECOM,,miguelangelo,cristiano-tavares
4948,5060,Atendimento ao usuário Suporte - Secom,6,3,2,2024-07-31 10:30:27+00:00,2024-08-01 10:12:19+00:00,,,AJUDA E SUPORTE > ATENDIMENTO AO USUÁRIO,Entidade raiz > PIRATINI > CENTRAL DE ATENDIMENTOS > SECOM,,leonardo-riela,jean-rangel
4949,5061,Outlook //ATUALIZAR DADOS DE CONTATO Gabinete do Governador ,6,3,2,2024-07-31 10:32:16+00:00,2024-08-01 09:05:39+00:00,,,ACESSO A SISTEMAS > OFFICE 365 > EMAIL > ATUALIZAR DADOS,Entidade raiz > PIRATINI > CENTRAL DE ATENDIMENTOS > GG,,silvio-valim,jane-aschidamini
4950,5062,Acesso a Sistemas\DGAP\ Novo Usuário,6,3,2,2024-07-31 10:45:08+00:00,2024-07-31 14:12:17+00:00,,,DTIC > SISTEMAS > ALTERAÇÃO DE ACESSO,Entidade raiz > PIRATINI > CENTRAL DE ATENDIMENTOS > CASA CIVIL,R. Duque de Caxias 951 (Banrisul),"miguelangelo, anderson-oliveira",daniela-cunha
4951,5063,Acesso a Sistemas  - Geral - OUTRO,6,3,2,2024-07-31 11:00:41+00:00,2024-07-31 11:05:10+00:00,,,ACESSO A SISTEMAS > REDE > RESET DE SENHA,Entidade raiz > PIRATINI > CENTRAL DE ATENDIMENTOS > GVG,,anderson-oliveira,melissa-bulegon
4952,5064,Acesso a Sistemas Rede Piratini,6,3,2,2024-07-31 11:04:11+00:00,2024-07-31 11:10:36+00:00,,,ACESSO A SISTEMAS > REDE > RESET DE SENHA,Entidade raiz > PIRATINI > CENTRAL DE ATENDIMENTOS > GVG,,jorge-vicente,carla-calero
4953,5065,Acesso a Sistemas Rede Piratini,6,3,2,2024-07-31 11:07:38+00:00,2024-07-31 11:10:49+00:00,,,ACESSO A SISTEMAS > REDE > RESET DE SENHA,Entidade raiz > PIRATINI > CENTRAL DE ATENDIMENTOS > GVG,,jorge-vicente,carla-calero
4954,5066,Acesso a Sistemas Rede Piratini,6,3,2,2024-07-31 11:11:19+00:00,2024-07-31 11:17:21+00:00,,,ACESSO A SISTEMAS > REDE > RESET DE SENHA,Entidade raiz > PIRATINI > CENTRAL DE ATENDIMENTOS > GVG,,anderson-oliveira,carla-calero
4955,5067,Atendimento ao usuário Suporte - DMP,6,3,2,2024-07-31 11:11:27+00:00,2024-08-08 10:07:57+00:00,,,AJUDA E SUPORTE > ATENDIMENTO AO USUÁRIO,Entidade raiz > PIRATINI > CENTRAL DE ATENDIMENTOS > CASA CIVIL,,"pablo-guimaraes, thales-leite, leonardo-riela",melina-andrade
4956,5068,OFFICE 365 // ALTERAR PLANO / LICENÇA - Conselho do Rio Grande ,6,3,2,2024-07-31 12:17:23+00:00,2024-07-31 17:29:56+00:00,,,AJUDA E SUPORTE > INSTALAÇÃO DE SOFTWARE,Entidade raiz > PIRATINI > CENTRAL DE ATENDIMENTOS > GVG,Edifício Guaíba,anderson-oliveira,carla-calero
4957,5069,Atendimento ao usuário Suporte - Gabinete do Vice-Governador,6,3,2,2024-07-31 12:48:37+00:00,2024-07-31 14:07:43+00:00,,,ACESSO A SISTEMAS > REDE > RESET DE SENHA,Entidade raiz > PIRATINI > CENTRAL DE ATENDIMENTOS > GVG,Edifício Guaíba,anderson-oliveira,juliane-soska
4958,5070,Ajuda e Suporte \ Defesa Civil \Equipamentos,6,3,2,2024-07-31 13:52:46+00:00,2024-07-31 15:41:17+00:00,,,DTIC > EQUIPAMENTOS > MANUTENÇÃO,Entidade raiz > PIRATINI > CENTRAL DE ATENDIMENTOS > CASA MILITAR,,thales-leite,fabio-rauber
4959,5071,Atendimento ao usuário Suporte - Gabinete do Vice-Governador,6,3,2,2024-07-31 14:17:48+00:00,2024-07-31 14:31:59+00:00,,,ACESSO A SISTEMAS > REDE > RESET DE SENHA,Entidade raiz > PIRATINI > CENTRAL DE ATENDIMENTOS > GVG,,jorge-vicente,juliane-soska
4960,5072,Configuração de switch Alcatel OS6360-24 // CC - DTI // Lucas Sergio,6,3,2,2024-07-31 14:18:45+00:00,2024-07-31 15:57:34+00:00,,,DTIC > INFRAESTRUTURA,Entidade raiz > PIRATINI > CENTRAL DE ATENDIMENTOS,,,
4961,5073,Acesso a Sistemas Rede Piratini,6,3,2,2024-07-31 14:33:39+00:00,2024-07-31 14:47:00+00:00,,,ACESSO A SISTEMAS > REDE > RESET DE SENHA,Entidade raiz > PIRATINI > CENTRAL DE ATENDIMENTOS > GVG,,jorge-vicente,carla-calero
4962,5074,INGRESSO DE SERVIDOR,6,4,2,2024-07-31 14:36:42+00:00,2024-08-01 10:52:42+00:00,,,ACESSO A SISTEMAS > REDE > LIBERAÇÃO DE ACESSO > NOVO USUÁRIO,Entidade raiz > PIRATINI > CENTRAL DE ATENDIMENTOS > CASA CIVIL > Secretaria-Executiva > Subchefia Administrativa > Departamento de Gestão de Atos e Pessoal > Divisão de Gestão de Pessoas,,"silvio-valim, miguelangelo, anderson-oliveira",silvia-leopoldino
4963,5075,Acesso a Sistemas  - LAI - LIBERAR ACESSO,6,3,2,2024-07-31 15:02:06+00:00,2024-08-02 09:58:38+00:00,,,ACESSO A SISTEMAS > REDE > LIBERAÇÃO DE ACESSO > NOVO USUÁRIO,Entidade raiz > PIRATINI > CENTRAL DE ATENDIMENTOS > CASA CIVIL,,"silvio-valim, pablo-guimaraes, miguelangelo, anderson-oliveira",regina-costa
4964,5076,Acesso a Sistemas  - RHE - LIBERAR ACESSO,6,3,2,2024-07-31 15:09:03+00:00,2024-08-02 10:01:04+00:00,,,AJUDA E SUPORTE > ATENDIMENTO AO USUÁRIO,Entidade raiz > PIRATINI > CENTRAL DE ATENDIMENTOS > CASA CIVIL,,miguelangelo,regina-costa
4965,5077,INCIDENTE  - ouvidoria geral do Estado,5,3,2,2024-07-31 15:28:05+00:00,2024-11-27 10:54:16+00:00,,,DTIC > SISTEMAS > CONFIGURAÇÃO DE SOFTWARE,Entidade raiz > PIRATINI > CENTRAL DE ATENDIMENTOS > CASA CIVIL,CAFF,thales-leite,andre-dorneles
4966,5078,Atendimento ao usuário Suporte - Subchefia Parlamentar,6,3,2,2024-07-31 16:20:48+00:00,2024-08-06 14:45:55+00:00,,,AJUDA E SUPORTE > MOVIMENTO DE EQUIPAMENTOS DE TI > REQUISIÇÃO,Entidade raiz > PIRATINI > CENTRAL DE ATENDIMENTOS > CASA CIVIL,R. Duque de Caxias 951 (Banrisul),leonardo-riela,adriana-bielefeld
4967,5079,OFFICE 365 // ASSESSORIA ESPECÍFICA  - Prédio Banrisul - 951,6,3,2,2024-07-31 16:30:05+00:00,2024-08-08 13:45:46+00:00,,,ACESSO A SISTEMAS > OFFICE 365,Entidade raiz > PIRATINI > CENTRAL DE ATENDIMENTOS > CASA CIVIL,,pablo-guimaraes,marcia-abreu
4968,5080,Acesso a sistmas /Reset de Senha,6,3,2,2024-07-31 16:51:52+00:00,2024-07-31 16:53:12+00:00,,,ACESSO A SISTEMAS > REDE > RESET DE SENHA,Entidade raiz > PIRATINI > CENTRAL DE ATENDIMENTOS > CASA CIVIL,,anderson-oliveira,cleodi-samrsla
4969,5081,OFFICE 365 // ASSESSORIA ESPECÍFICA  - Gabinete do Secretário de Comunicação da SECOM ,6,3,2,2024-07-31 16:53:23+00:00,2024-08-01 13:35:04+00:00,,,ACESSO A SISTEMAS > OFFICE 365,Entidade raiz > PIRATINI > CENTRAL DE ATENDIMENTOS > SECOM,,silvio-valim,cristiano-tavares
4970,5082,Movimentação de Impressora // GVG - Edifício Guaíba // HP E77830z,6,3,1,2024-07-31 17:47:16+00:00,2024-08-16 15:46:15+00:00,,,DTIC > EQUIPAMENTOS > INSTALAÇÃO > IMPRESSORA,Entidade raiz > PIRATINI > CENTRAL DE ATENDIMENTOS > GVG,Edifício Guaíba,jorge-vicente,
4971,5083,Acesso a Sistemas  - PROA - LIBERAR ACESSO,6,3,2,2024-08-01 09:36:32+00:00,2024-08-02 10:03:13+00:00,,,ACESSO A SISTEMAS > SOE,Entidade raiz > PIRATINI > CENTRAL DE ATENDIMENTOS > CASA CIVIL,,miguelangelo,melina-andrade
4972,5084,Atualizar Power BI Desktop // CC - SAEF // Roger Coimbra,6,3,2,2024-08-01 09:56:23+00:00,2024-08-01 09:56:37+00:00,,,AJUDA E SUPORTE > INSTALAÇÃO DE SOFTWARE,Entidade raiz > PIRATINI > CENTRAL DE ATENDIMENTOS > CASA CIVIL,,silvio-valim,roger-goncalves
4973,5085,Atualizar Power BI Desktop // CC - SAEF // Magda Maciel,6,3,2,2024-08-01 09:57:56+00:00,2024-08-01 09:58:12+00:00,,,AJUDA E SUPORTE > INSTALAÇÃO DE SOFTWARE,Entidade raiz > PIRATINI > CENTRAL DE ATENDIMENTOS > CASA CIVIL,,silvio-valim,magda-bueno
4974,5086,Atendimento ao usuário Suporte - Secom - Riachuelo,6,3,2,2024-08-01 11:05:38+00:00,2024-08-02 09:43:02+00:00,,,ACESSO A SISTEMAS > OFFICE 365 > EMAIL > CAIXA COMPARTILHADA,Entidade raiz > PIRATINI > CENTRAL DE ATENDIMENTOS > SECOM,,jorge-vicente,andre-graminho
4975,5087,Acesso a Sistemas  - Túnel PROCERGS - OUTRO,6,3,2,2024-08-01 11:09:55+00:00,2024-08-01 12:47:19+00:00,,,ACESSO A SISTEMAS > TÚNEL PROCERGS,Entidade raiz > PIRATINI > CENTRAL DE ATENDIMENTOS > SECOM,,jorge-vicente,jean-rangel
4976,5088,Acesso a Sistemas  - Túnel PROCERGS - OUTRO,6,3,2,2024-08-01 11:42:41+00:00,2024-08-01 12:50:38+00:00,,,ACESSO A SISTEMAS > TÚNEL PROCERGS,Entidade raiz > PIRATINI > CENTRAL DE ATENDIMENTOS > SECOM,,anderson-oliveira,jean-rangel
4977,5089,Acesso a Sistemas  - Túnel PROCERGS - OUTRO,6,3,2,2024-08-01 11:42:51+00:00,2024-08-01 14:19:23+00:00,,,ACESSO A SISTEMAS > TÚNEL PROCERGS,Entidade raiz > PIRATINI > CENTRAL DE ATENDIMENTOS > SECOM,,anderson-oliveira,jean-rangel
4978,5090,Atendimento ao usuário Suporte - SECRETARIA DA CASA CIVIL,6,3,2,2024-08-01 14:35:25+00:00,2024-08-06 14:44:15+00:00,,,AJUDA E SUPORTE > INSTALAÇÃO DE SOFTWARE,Entidade raiz > PIRATINI > CENTRAL DE ATENDIMENTOS > CASA CIVIL > Secretaria-Executiva > Subchefia Administrativa > Departamento de Gestão de Atos e Pessoal > Divisão de Gestão de Pessoas,,,silvia-leopoldino
4979,5091,Configuração Access Point 1727470 // GG - Conservação e Memória // Bruno Rien,6,3,2,2024-08-01 14:56:09+00:00,2024-08-01 14:56:23+00:00,,,DTIC > INFRAESTRUTURA > WI-FI,Entidade raiz > PIRATINI > CENTRAL DE ATENDIMENTOS > GG,,,bruno-rien
4980,5092,Configuração Access Point 1727471 // GG - Conservação e Memória // Bruno Rien,6,3,2,2024-08-01 14:56:53+00:00,2024-08-01 14:57:08+00:00,,,DTIC > INFRAESTRUTURA > WI-FI,Entidade raiz > PIRATINI > CENTRAL DE ATENDIMENTOS > GG,,,bruno-rien
4981,5093,Instalação de Access Point // GG - Conservação e Memória // Bruno Rien,6,3,2,2024-08-01 14:58:03+00:00,2024-08-01 14:58:28+00:00,,,DTIC > INFRAESTRUTURA > WI-FI,Entidade raiz > PIRATINI > CENTRAL DE ATENDIMENTOS > GG,,,bruno-rien
4982,5094,Configuração Access Point 1727472 // GG - Conservação e Memória // Bruno Rien,6,3,2,2024-08-01 14:59:14+00:00,2024-08-01 14:59:29+00:00,,,DTIC > INFRAESTRUTURA > WI-FI,Entidade raiz > PIRATINI > CENTRAL DE ATENDIMENTOS > GG,,,bruno-rien
4983,5095,Configuração Access Point 1727469 // GG - Conservação e Memória // Bruno Rien,6,3,2,2024-08-01 15:00:33+00:00,2024-08-01 15:00:45+00:00,,,DTIC > INFRAESTRUTURA > WI-FI,Entidade raiz > PIRATINI > CENTRAL DE ATENDIMENTOS > GG,,,bruno-rien
4984,5096,Configuração Access Point 1727468 // GG - Conservação e Memória // Bruno Rien,6,3,2,2024-08-01 15:01:42+00:00,2024-08-01 15:01:55+00:00,,,DTIC > INFRAESTRUTURA > WI-FI,Entidade raiz > PIRATINI > CENTRAL DE ATENDIMENTOS > GG,,,bruno-rien
4985,5097,REMOVER ACESSOS ,6,3,2,2024-08-01 15:58:18+00:00,2024-08-05 13:46:56+00:00,,,DTIC > SISTEMAS > REMOÇÃO DE ACESSO SISTEMA,Entidade raiz > PIRATINI > CENTRAL DE ATENDIMENTOS > SECOM,,"silvio-valim, miguelangelo, anderson-oliveira",cristiano-tavares
4986,5098,Atendimento ao usuário Suporte - SECOM,6,3,2,2024-08-01 16:17:26+00:00,2024-08-01 16:39:16+00:00,,,AJUDA E SUPORTE > INSTALAÇÃO DE SOFTWARE,Entidade raiz > PIRATINI > CENTRAL DE ATENDIMENTOS > SECOM,,anderson-oliveira,karen-strauss
4987,5099,Atendimento ao usuário Suporte - ADMINISTRATIVO,6,3,2,2024-08-01 18:51:16+00:00,2024-08-02 09:24:13+00:00,,,IMPRESSORA,Entidade raiz > PIRATINI > CENTRAL DE ATENDIMENTOS > SECOM,,jorge-vicente,andre-graminho
4988,5100,Atendimento ao usuário Suporte - RS Seguro - 20o andar CAFF,6,3,2,2024-08-02 08:35:36+00:00,2024-08-02 09:06:39+00:00,,,DTIC > EQUIPAMENTOS > CONFIGURAÇÃO,Entidade raiz > PIRATINI,CAFF,anderson-oliveira,thais-zeltser
4989,5101,"IMPRESSORA TROCA DE TONNER - ADM/FIN na rua Riachuelo, 1098, 10º andar, sala 1001 (Tribuno) ",6,3,2,2024-08-02 08:44:22+00:00,2024-08-02 09:24:13+00:00,,,DTIC > EQUIPAMENTOS > MANUTENÇÃO,Entidade raiz > PIRATINI > CENTRAL DE ATENDIMENTOS > SECOM,,jorge-vicente,cristiano-tavares
4990,5102,Atendimento ao usuário Suporte - DMP,6,3,2,2024-08-02 10:11:31+00:00,2024-08-27 10:47:45+00:00,,,AJUDA E SUPORTE > ATENDIMENTO AO USUÁRIO,Entidade raiz > PIRATINI > CENTRAL DE ATENDIMENTOS > CASA CIVIL,,"thales-leite, leonardo-riela",melina-andrade
4991,5103,Acesso a Sistemas  - SOE Web - LIBERAR ACESSO,6,3,2,2024-08-02 10:25:45+00:00,2024-08-06 09:12:39+00:00,,,ACESSO A SISTEMAS > SOE,Entidade raiz > PIRATINI > CENTRAL DE ATENDIMENTOS > SECOM,,pablo-guimaraes,cristiano-tavares
4992,5104,INCIDENTE  - Coordenadoria Estadual de Proteção e Defesa Civil,6,3,2,2024-08-02 12:23:32+00:00,2024-09-04 08:42:00+00:00,,,DTIC > INFRAESTRUTURA > OUTROS,Entidade raiz > PIRATINI > CENTRAL DE ATENDIMENTOS > CASA MILITAR,,jorge-vicente,elisandra-decantam
4993,5105,Atendimento ao usuário Suporte - Departamento de Gestão Documental e de Bens Materiais e Patrimoniais,6,3,2,2024-08-02 14:18:57+00:00,2024-08-06 09:10:23+00:00,,,ACESSO A SISTEMAS > SOE > FPE,Entidade raiz > PIRATINI > CENTRAL DE ATENDIMENTOS > CASA CIVIL,,pablo-guimaraes,diego-mattiello
4994,5106,Ajuda e Suporte \ Equipamentos,6,3,2,2024-08-02 14:29:19+00:00,2024-08-02 17:04:32+00:00,,,AJUDA E SUPORTE > MOVIMENTO DE EQUIPAMENTOS DE TI,Entidade raiz > PIRATINI > CENTRAL DE ATENDIMENTOS > GVG,Casa Civil 1005,"thales-leite, leonardo-riela",
4995,5107,Acesso a Sistemas  - FPE - OUTRO,6,3,2,2024-08-02 16:15:25+00:00,2024-08-08 10:07:06+00:00,,,ACESSO A SISTEMAS > SOE > FPE,Entidade raiz > PIRATINI > CENTRAL DE ATENDIMENTOS > GVG,,pablo-guimaraes,carla-calero
4996,5108,INCIDENTE  - GABINETE DO VICE-GOVERNADOR,6,3,2,2024-08-02 16:40:22+00:00,2024-08-06 09:24:13+00:00,,,DTIC > EQUIPAMENTOS > CONFIGURAÇÃO,Entidade raiz > PIRATINI > CENTRAL DE ATENDIMENTOS > CASA CIVIL,Edifício Guaíba,thales-leite,carla-calero
4997,5109,OFFICE 365 // NOVA CONTA DE EMAIL - Subchefia Parlamentar,6,3,2,2024-08-05 09:26:48+00:00,2024-08-05 13:42:19+00:00,,,ACESSO A SISTEMAS > OFFICE 365 > EMAIL > NOVO USUÁRIO,Entidade raiz > PIRATINI > CENTRAL DE ATENDIMENTOS > CASA CIVIL,,"silvio-valim, anderson-oliveira",paulo-souza
4998,5110,Acesso a Sistemas / Rede / Reset de Senha,6,3,2,2024-08-05 09:29:06+00:00,2024-08-07 10:01:59+00:00,,,ACESSO A SISTEMAS > REDE > RESET DE SENHA,Entidade raiz > PIRATINI > CENTRAL DE ATENDIMENTOS > GVG,CAFF > 20° Andar - RS - SEGURO,"silvio-valim, edson-silva",aline-barcellos
4999,5111,Atendimento ao usuário Suporte - Gabinete do Governador,6,3,2,2024-08-05 09:47:02+00:00,2024-08-05 11:55:08+00:00,,,AJUDA E SUPORTE > INSTALAÇÃO DE EQUIPAMENTOS,Entidade raiz > PIRATINI > CENTRAL DE ATENDIMENTOS > GG,,anderson-oliveira,luciana-ghiggi
5000,5112,Acesso a Sistemas Rede Piratini,6,3,2,2024-08-05 09:57:07+00:00,2024-08-05 13:41:19+00:00,,,ACESSO A SISTEMAS > REDE > LIBERAÇÃO DE ACESSO > NOVO USUÁRIO,Entidade raiz > PIRATINI > CENTRAL DE ATENDIMENTOS > CASA CIVIL,,"silvio-valim, pablo-guimaraes, anderson-oliveira",paulo-souza
5001,5113,Office 365 // PERMISSÃO PARA CRIAR EQUIPES - Conselho do Rio Grande e GPE,6,3,2,2024-08-05 10:07:42+00:00,2024-08-06 09:03:05+00:00,,,ACESSO A SISTEMAS > OFFICE 365 > CRIAR EQUIPE SHAREPOINT,Entidade raiz > PIRATINI > CENTRAL DE ATENDIMENTOS > GVG,,pablo-guimaraes,carla-calero
5002,5114,Atendimento ao usuário Suporte - Gabinete do Vice-Governador,6,3,2,2024-08-05 10:12:57+00:00,2024-08-05 15:33:20+00:00,,,ACESSO A SISTEMAS > REDE > RESET DE SENHA,Entidade raiz > PIRATINI > CENTRAL DE ATENDIMENTOS > GVG,,anderson-oliveira,juliane-soska
5003,5115,Acesso a Sistemas  - RHE - LIBERAR ACESSO,6,3,2,2024-08-05 11:00:52+00:00,2024-08-06 16:12:22+00:00,,,AJUDA E SUPORTE > ATENDIMENTO AO USUÁRIO,Entidade raiz > PIRATINI > CENTRAL DE ATENDIMENTOS > CASA CIVIL,,,maristela-kaminski
5004,5116,Acesso a Sistemas Rede Piratini,6,3,2,2024-08-05 11:52:10+00:00,2024-08-05 13:23:19+00:00,,,ACESSO A SISTEMAS > REDE > RESET DE SENHA,Entidade raiz > PIRATINI > CENTRAL DE ATENDIMENTOS > GVG,,silvio-valim,carla-calero
5005,5117,Configuração Access Point 1727473 // GG - Conservação e Memória // Bruno Rien,6,3,2,2024-08-05 12:52:19+00:00,2024-08-05 12:52:37+00:00,,,DTIC > INFRAESTRUTURA > WI-FI,Entidade raiz > PIRATINI > CENTRAL DE ATENDIMENTOS,,,
5006,5118,Configuração Access Point 1727478 // GG - Conservação e Memória // Bruno Rien,6,3,2,2024-08-05 12:53:05+00:00,2024-08-05 12:53:21+00:00,,,DTIC > INFRAESTRUTURA > WI-FI,Entidade raiz > PIRATINI > CENTRAL DE ATENDIMENTOS,,,
5007,5119,Relatório usuários por órgão // CC - DTIC // Alexandre Rovinski,6,3,2,2024-08-05 12:54:17+00:00,2024-08-05 12:54:31+00:00,,,DTIC > INFRAESTRUTURA,Entidade raiz > PIRATINI > CENTRAL DE ATENDIMENTOS,,,
5008,5120,Ajuda e Suporte \ Equipamentos,6,3,2,2024-08-05 13:49:07+00:00,2024-08-08 16:07:52+00:00,,,AJUDA E SUPORTE > ATENDIMENTO AO USUÁRIO,Entidade raiz > PIRATINI,,,nabor-silva
5009,5121,Acesso a Sistemas  - Geral - REMOVER ACESSO,6,3,2,2024-08-05 14:14:25+00:00,2024-08-06 08:57:09+00:00,,,DTIC > SISTEMAS > REMOÇÃO DE ACESSO SISTEMA,Entidade raiz > PIRATINI > CENTRAL DE ATENDIMENTOS > CASA MILITAR,,"silvio-valim, anderson-oliveira",thiago-santos
5010,5122,Atendimento ao usuário Suporte - Secom - Palácio - Clipagem,6,3,2,2024-08-05 14:26:25+00:00,2024-08-05 15:31:24+00:00,,,ACESSO A SISTEMAS > REDE > LIBERAÇÃO DE ACESSO > NOVO USUÁRIO,Entidade raiz > PIRATINI > CENTRAL DE ATENDIMENTOS > SECOM,,"silvio-valim, anderson-oliveira",andre-graminho
5011,5123,Ajuda e Suporte \ Equipamentos,6,3,2,2024-08-05 15:27:49+00:00,2024-09-06 10:12:49+00:00,,,AJUDA E SUPORTE > MOVIMENTO DE EQUIPAMENTOS DE TI > REQUISIÇÃO,Entidade raiz > PIRATINI > CENTRAL DE ATENDIMENTOS > CASA CIVIL,R. Duque de Caxias 951 (Banrisul),"alessandro-vieira, anderson-oliveira, thales-leite, leonardo-riela",regina-fraga
5012,5124,OFFICE 365 // ASSESSORIA ESPECÍFICA  - Subchefia Parlamentar,6,3,2,2024-08-05 15:29:27+00:00,2024-08-05 15:43:27+00:00,,,AJUDA E SUPORTE > ATENDIMENTO AO USUÁRIO,Entidade raiz > PIRATINI > CENTRAL DE ATENDIMENTOS > CASA CIVIL,,,paulo-souza
5013,5125,Atendimento ao usuário Suporte - Secom - Riachuelo,6,3,2,2024-08-05 15:44:43+00:00,2024-08-09 16:53:03+00:00,,,ACESSO A SISTEMAS > SOE,Entidade raiz > PIRATINI > CENTRAL DE ATENDIMENTOS > SECOM,,"pablo-guimaraes, miguelangelo",andre-graminho
5014,5126,Solicitação DHCP Relay // CC - DTIC // Lucas Sergio,6,3,2,2024-08-05 15:53:39+00:00,2024-08-05 15:53:56+00:00,,,DTIC > INFRAESTRUTURA,Entidade raiz > PIRATINI > CENTRAL DE ATENDIMENTOS,,,
5015,5127,IMPRESSORA,6,3,2,2024-08-05 16:32:08+00:00,2024-08-07 12:26:49+00:00,,,IMPRESSORA,Entidade raiz > PIRATINI > CENTRAL DE ATENDIMENTOS > CASA MILITAR,,jorge-vicente,fabiane-moraes
5016,5128,Acesso a Sistemas  - SPI - DESBLOQUEAR USUÁRIO,6,3,2,2024-08-05 17:16:58+00:00,2024-08-06 09:38:46+00:00,,,,Entidade raiz > PIRATINI > CENTRAL DE ATENDIMENTOS > CASA CIVIL,,miguelangelo,maristela-kaminski
5017,5129,Atendimento ao usuário Suporte - ADMINISTRATIVO,6,3,2,2024-08-05 17:18:56+00:00,2024-08-16 15:52:58+00:00,,,DTIC > EQUIPAMENTOS > INSTALAÇÃO > IMPRESSORA,Entidade raiz > PIRATINI > CENTRAL DE ATENDIMENTOS > SECOM,,"jorge-vicente, thales-leite",andre-graminho
5018,5130,Atendimento ao usuário Suporte - GABINETE,6,3,2,2024-08-05 18:11:54+00:00,2024-08-06 16:09:24+00:00,,,AJUDA E SUPORTE > ATENDIMENTO AO USUÁRIO,Entidade raiz > PIRATINI > CENTRAL DE ATENDIMENTOS > SECOM,,thales-leite,andre-graminho
5019,5131,Atendimento ao usuário Suporte - GABINETE,6,3,2,2024-08-05 18:15:11+00:00,2024-08-08 16:53:11+00:00,,,AJUDA E SUPORTE > INSTALAÇÃO DE SOFTWARE,Entidade raiz > PIRATINI > CENTRAL DE ATENDIMENTOS > SECOM,,"pablo-guimaraes, anderson-oliveira, thales-leite",andre-graminho
5020,5132,Atendimento ao usuário Suporte - Gabinete do Vice-Governador ,6,3,2,2024-08-06 09:50:09+00:00,2024-09-16 09:13:16+00:00,,,AJUDA E SUPORTE > ATENDIMENTO AO USUÁRIO,Entidade raiz > PIRATINI > CENTRAL DE ATENDIMENTOS > GVG,,edson-silva,flavia-silva
5021,5133,Ajuda e Suporte \ Equipamentos,6,3,2,2024-08-06 10:48:41+00:00,2024-08-07 08:50:44+00:00,,,AJUDA E SUPORTE > MOVIMENTO DE EQUIPAMENTOS DE TI > EMPRESTIMO,Entidade raiz > PIRATINI > CENTRAL DE ATENDIMENTOS > CASA CIVIL,R. Duque de Caxias 951 (Banrisul),anderson-oliveira,diego-mattiello
5022,5134,Acesso a Sistemas  - SPI - OUTRO,6,3,2,2024-08-06 10:59:41+00:00,2024-08-06 15:27:10+00:00,,,ACESSO A SISTEMAS > SOE,Entidade raiz > PIRATINI > CENTRAL DE ATENDIMENTOS > CASA CIVIL,Casa Civil 1005,miguelangelo,maristela-kaminski
5023,5135,INGRESSO DE SERVIDOR,6,4,2,2024-08-06 11:39:44+00:00,2024-08-06 16:06:13+00:00,,,ACESSO A SISTEMAS > REDE > LIBERAÇÃO DE ACESSO > NOVO USUÁRIO,Entidade raiz > PIRATINI > CENTRAL DE ATENDIMENTOS > CASA CIVIL > Secretaria-Executiva > Subchefia Administrativa > Departamento de Gestão de Atos e Pessoal > Divisão de Gestão de Pessoas,,"miguelangelo, anderson-oliveira",silvia-leopoldino
5024,5136,Acesso a Sistemas  - FPE - LIBERAR ACESSO,6,3,2,2024-08-06 11:49:31+00:00,2024-08-08 10:06:03+00:00,,,ACESSO A SISTEMAS > SOE > FPE,Entidade raiz > PIRATINI > CENTRAL DE ATENDIMENTOS > GVG,,pablo-guimaraes,carla-calero
5025,5137,Atendimento ao usuário Suporte - GVG - RECEPÇÃO,6,3,2,2024-08-06 12:00:00+00:00,2024-08-07 16:11:38+00:00,,,DTIC > INFRAESTRUTURA > NOVO PONTO DE REDE,Entidade raiz > PIRATINI > CENTRAL DE ATENDIMENTOS > GVG,Edifício Guaíba,"edson-silva, anderson-oliveira",carla-calero
5026,5138,Acesso a Sistemas  - LAI - LIBERAR ACESSO,6,3,2,2024-08-06 13:53:53+00:00,2024-08-06 15:26:41+00:00,,,ACESSO A SISTEMAS > SOE,Entidade raiz > PIRATINI > CENTRAL DE ATENDIMENTOS > CASA CIVIL,,miguelangelo,regina-costa
5027,5139,OFFICE 365 // ASSESSORIA ESPECÍFICA  - Institucional ,6,3,2,2024-08-06 14:46:03+00:00,2024-08-06 16:58:28+00:00,,,ACESSO A SISTEMAS > OFFICE 365,Entidade raiz > PIRATINI > CENTRAL DE ATENDIMENTOS > GVG,,anderson-oliveira,carla-calero
5028,5140,OFFICE 365 // ALTERAR PLANO / LICENÇA - DMP,6,3,2,2024-08-06 14:59:38+00:00,2024-08-07 08:34:35+00:00,,,ACESSO A SISTEMAS > OFFICE 365 > EMAIL > ALTERAR PLANO / LICENÇA,Entidade raiz > PIRATINI > CENTRAL DE ATENDIMENTOS > CASA CIVIL,,silvio-valim,melina-andrade
5029,5141,PROA LIBERAR ACESSO A GRUPO,6,3,2,2024-08-06 15:13:53+00:00,2024-08-08 11:24:11+00:00,,,ACESSO A SISTEMAS > SOE > PROA > ADICIONAR A GRUPO,Entidade raiz > PIRATINI > CENTRAL DE ATENDIMENTOS > CASA MILITAR,,miguelangelo,elisandra-decantam
5030,5142,INCIDENTE  - Coordenadoria Estadual de Proteção e Defesa Civil,6,3,2,2024-08-06 15:52:14+00:00,2024-08-06 15:54:30+00:00,,,ACESSO A SISTEMAS > REDE > RESET DE SENHA,Entidade raiz > PIRATINI > CENTRAL DE ATENDIMENTOS > CASA MILITAR,,jorge-vicente,elisandra-decantam
5031,5143,Acesso a Sistemas  - SPI - DESBLOQUEAR USUÁRIO,6,3,2,2024-08-06 16:00:27+00:00,2024-08-08 11:20:17+00:00,,,ACESSO A SISTEMAS > SOE,Entidade raiz > PIRATINI > CENTRAL DE ATENDIMENTOS > CASA CIVIL,,miguelangelo,maristela-kaminski
5032,5144,Atendimento ao usuário Suporte - Ouvidoria-CAFF,6,3,2,2024-08-06 17:57:44+00:00,2024-08-06 19:15:59+00:00,,,AJUDA E SUPORTE > ATENDIMENTO AO USUÁRIO,Entidade raiz > PIRATINI > CENTRAL DE ATENDIMENTOS > CASA CIVIL,,jorge-vicente,regina-costa
5033,5145,Atendimento ao usuário Suporte - corpo da Guarda do Palacio Piratini,6,3,2,2024-08-07 10:03:01+00:00,2024-08-07 11:43:40+00:00,,,AJUDA E SUPORTE > ATENDIMENTO AO USUÁRIO,Entidade raiz > PIRATINI > CENTRAL DE ATENDIMENTOS > CASA MILITAR,,edson-silva,paulo-pacheco
5034,5146,Remoção de Acessos -RH,6,3,2,2024-08-07 11:23:15+00:00,2024-08-08 15:57:43+00:00,,,DTIC > SISTEMAS > REMOÇÃO DE ACESSO SISTEMA,Entidade raiz > PIRATINI > CENTRAL DE ATENDIMENTOS > CASA CIVIL,R. Duque de Caxias 951 (Banrisul),"silvio-valim, pablo-guimaraes, miguelangelo, anderson-oliveira",carlos-duarte
5035,5147,Atendimento ao usuário Suporte - DMP,6,3,2,2024-08-07 11:27:36+00:00,2024-08-07 16:48:37+00:00,,,ACESSO A SISTEMAS > OFFICE 365 > EMAIL > ALTERAR PLANO / LICENÇA,Entidade raiz > PIRATINI > CENTRAL DE ATENDIMENTOS > CASA CIVIL,,silvio-valim,melina-andrade
5036,5148,Conectar tablet particular no WI-FI // CC - Subchefia Parlamentar // Maurício Santos,6,3,2,2024-08-07 13:34:46+00:00,2024-08-07 13:35:10+00:00,,,ACESSO A SISTEMAS > REDE > WIFI,Entidade raiz > PIRATINI > CENTRAL DE ATENDIMENTOS > CASA CIVIL,,silvio-valim,mauricio-santos
5037,5149,Acesso a Sistemas Rede Piratini,6,3,2,2024-08-07 14:52:03+00:00,2024-08-09 16:39:30+00:00,,,ACESSO A SISTEMAS > REDE > RESET DE SENHA,Entidade raiz > PIRATINI > CENTRAL DE ATENDIMENTOS > GVG,,"jorge-vicente, anderson-oliveira",carla-calero
5038,5151,IMPRESSORA TROCA DE TONNER - antessala gabinete Governador,6,3,2,2024-08-08 09:33:21+00:00,2024-08-13 09:21:36+00:00,,,DTIC > EQUIPAMENTOS > MANUTENÇÃO,Entidade raiz > PIRATINI > CENTRAL DE ATENDIMENTOS > GG,,"jorge-vicente, anderson-oliveira",maria-lermen
5039,5152,Atendimento ao usuário Suporte - secom,6,3,2,2024-08-08 11:03:55+00:00,2024-08-13 11:51:36+00:00,,,DTIC > EQUIPAMENTOS > MANUTENÇÃO,Entidade raiz > PIRATINI > CENTRAL DE ATENDIMENTOS > SECOM,,"thales-leite, leonardo-riela",marcelo-ribeiro
5040,5153,Acesso a Sistemas  - GDG - LIBERAR ACESSO,6,3,2,2024-08-08 11:21:35+00:00,2024-08-08 12:26:18+00:00,,,ACESSO A SISTEMAS > SOE,Entidade raiz > PIRATINI > CENTRAL DE ATENDIMENTOS > GG,,pablo-guimaraes,jovana-fonseca
5041,5154,Acesso a Sistemas Rede Piratini,6,3,2,2024-08-08 13:13:12+00:00,2024-08-08 15:41:56+00:00,,,ACESSO A SISTEMAS > REDE > RESET DE SENHA,Entidade raiz > PIRATINI > CENTRAL DE ATENDIMENTOS > CASA CIVIL,,anderson-oliveira,maristela-kaminski
5082,5195,Ponto de Rede // Secom 1098 - Gabinete // André Gaminho,6,3,1,2024-08-13 10:21:26+00:00,2024-08-28 11:35:49+00:00,,,AJUDA E SUPORTE > ATENDIMENTO AO USUÁRIO,Entidade raiz > PIRATINI > CENTRAL DE ATENDIMENTOS > SECOM,,thales-leite,andre-graminho
5042,5155,Acesso a Sistemas  - PROA - LIBERAR ACESSO,6,3,2,2024-08-08 14:31:40+00:00,2024-08-08 17:29:47+00:00,,,ACESSO A SISTEMAS > OFFICE 365,Entidade raiz > PIRATINI > CENTRAL DE ATENDIMENTOS > SECOM,,anderson-oliveira,jean-rangel
5043,5156,OFFICE 365 // ASSESSORIA ESPECÍFICA  - Secom,6,3,2,2024-08-08 14:32:53+00:00,2024-08-08 16:21:24+00:00,,,ACESSO A SISTEMAS > OFFICE 365,Entidade raiz > PIRATINI > CENTRAL DE ATENDIMENTOS > SECOM,,anderson-oliveira,jean-rangel
5044,5157,Acesso a Sistemas Rede Piratini,6,3,2,2024-08-08 14:33:42+00:00,2024-08-08 15:29:47+00:00,,,ACESSO A SISTEMAS > REDE > RESET DE SENHA,Entidade raiz > PIRATINI > CENTRAL DE ATENDIMENTOS > SECOM,,anderson-oliveira,jean-rangel
5045,5158,Atendimento ao usuário Suporte - ADMINISTRATIVO,6,3,2,2024-08-08 15:02:53+00:00,2024-08-08 16:20:13+00:00,,,ACESSO A SISTEMAS > OFFICE 365 > EMAIL > CAIXA COMPARTILHADA,Entidade raiz > PIRATINI > CENTRAL DE ATENDIMENTOS > SECOM,,anderson-oliveira,andre-graminho
5046,5159,Atendimento ao usuário Suporte - ADMINISTRATIVO,6,3,2,2024-08-08 15:04:48+00:00,2024-08-09 16:43:19+00:00,,,DTIC > INFRAESTRUTURA > NOVO PONTO DE REDE,Entidade raiz > PIRATINI > CENTRAL DE ATENDIMENTOS > SECOM,,anderson-oliveira,andre-graminho
5047,5160,Outlook //CAIXA COMPARTILHADA - casa,6,3,2,2024-08-08 15:45:28+00:00,2024-08-09 10:13:08+00:00,,,ACESSO A SISTEMAS > OFFICE 365 > EMAIL > CAIXA COMPARTILHADA,Entidade raiz > PIRATINI > CENTRAL DE ATENDIMENTOS > CASA CIVIL,,silvio-valim,josiane-freitas
5048,5161,Atendimento ao usuário Suporte - Departamento de Gestão Documental e de Bens Materiais e Patrimoniais,6,3,2,2024-08-08 15:52:51+00:00,2024-08-12 10:43:28+00:00,,,DTIC > SISTEMAS > ALTERAÇÃO DE ACESSO,Entidade raiz > PIRATINI > CENTRAL DE ATENDIMENTOS > CASA CIVIL,,miguelangelo,diego-mattiello
5049,5162,Instalação Access Point // GG - Conservação e Memória // Bruno Rien,6,3,2,2024-08-08 16:02:05+00:00,2024-08-08 16:02:19+00:00,,,DTIC > INFRAESTRUTURA > WI-FI,Entidade raiz > PIRATINI > CENTRAL DE ATENDIMENTOS > GG,,,bruno-rien
5050,5163,Fontes POE Cisco recolhidas // CC - DTIC // Lucas Sergio,6,3,2,2024-08-08 16:04:26+00:00,2024-08-08 16:04:30+00:00,,,DTIC > INFRAESTRUTURA,Entidade raiz > PIRATINI > CENTRAL DE ATENDIMENTOS,,,
5051,5164,Apontamento DNS // CM - Transportes // Maj Alencar,6,3,2,2024-08-08 16:05:07+00:00,2024-08-08 16:05:20+00:00,,,DTIC > INFRAESTRUTURA,Entidade raiz > PIRATINI > CENTRAL DE ATENDIMENTOS,,,
5052,5165,Liberações proxy reverso // CM - Transportes // Lucas Sergio,6,3,2,2024-08-08 16:05:59+00:00,2024-08-08 16:06:11+00:00,,,DTIC > INFRAESTRUTURA,Entidade raiz > PIRATINI > CENTRAL DE ATENDIMENTOS,,,
5053,5166,Configuração de switch Alcatel OS6360-24 // CC - DTI // Lucas Sergio,6,3,2,2024-08-08 16:08:46+00:00,2024-08-08 16:09:25+00:00,,,DTIC > INFRAESTRUTURA,Entidade raiz > PIRATINI > CENTRAL DE ATENDIMENTOS,,,
5054,5167,Configuração de switch Alcatel OS6360-24 // CC - DTI // Lucas Sergio,6,3,2,2024-08-08 16:10:14+00:00,2024-08-08 16:10:45+00:00,,,DTIC > INFRAESTRUTURA,Entidade raiz > PIRATINI > CENTRAL DE ATENDIMENTOS,,,
5055,5168,PROA REMOVER ACESSO A GRUPO,6,3,2,2024-08-09 08:54:22+00:00,2024-08-12 13:24:01+00:00,,,ACESSO A SISTEMAS > SOE > PROA > REMOVER DE GRUPO,Entidade raiz > PIRATINI > CENTRAL DE ATENDIMENTOS > CASA MILITAR,,miguelangelo,elisandra-decantam
5057,5170,Relatório de computadores desaparecidos rede // CC - DTIC // Lucas Sergio,6,3,2,2024-08-09 09:23:59+00:00,2024-08-09 09:24:05+00:00,,,DTIC > INFRAESTRUTURA,Entidade raiz > PIRATINI > CENTRAL DE ATENDIMENTOS,,,
5058,5171,Manutenção servidor DNS // CC - DTI // Lucas Sergio,6,3,2,2024-08-09 09:24:39+00:00,2024-08-09 09:25:08+00:00,,,DTIC > INFRAESTRUTURA,Entidade raiz > PIRATINI > CENTRAL DE ATENDIMENTOS,,,
5059,5172,PROA LIBERAR ACESSO A GRUPO,6,3,2,2024-08-09 09:40:38+00:00,2024-08-12 13:25:28+00:00,,,ACESSO A SISTEMAS > SOE > PROA > ADICIONAR A GRUPO,Entidade raiz > PIRATINI > CENTRAL DE ATENDIMENTOS > CASA MILITAR,,miguelangelo,elisandra-decantam
5060,5173,Verificar Som e Câmera // CC - SAEF // Alba Marquez,6,3,2,2024-08-09 10:04:13+00:00,2024-08-09 10:15:53+00:00,,,DTIC > EQUIPAMENTOS > CONFIGURAÇÃO,Entidade raiz > PIRATINI > CENTRAL DE ATENDIMENTOS > CASA CIVIL,,"silvio-valim, anderson-oliveira",alba-santos
5061,5174,Atendimento ao usuário Suporte - DMP,6,3,2,2024-08-09 11:06:18+00:00,2024-08-09 16:28:56+00:00,,,ACESSO A SISTEMAS > OFFICE 365 > EMAIL > ALTERAR PLANO / LICENÇA,Entidade raiz > PIRATINI > CENTRAL DE ATENDIMENTOS > CASA CIVIL,,silvio-valim,melina-andrade
5062,5175,Acesso a Sistemas  - FPE - OUTRO,6,3,2,2024-08-09 11:42:48+00:00,2024-08-12 17:28:10+00:00,,,ACESSO A SISTEMAS > SOE > FPE,Entidade raiz > PIRATINI > CENTRAL DE ATENDIMENTOS > GVG,,pablo-guimaraes,carla-calero
5063,5176,OFFICE 365 // ASSESSORIA ESPECÍFICA  - Conselho do Plano Rio Grande ,6,3,2,2024-08-09 13:36:55+00:00,2024-08-12 14:19:38+00:00,,,ACESSO A SISTEMAS > OFFICE 365 > EMAIL > ALTERAR PLANO / LICENÇA,Entidade raiz > PIRATINI > CENTRAL DE ATENDIMENTOS > GVG,,silvio-valim,carla-calero
5064,5177,Atendimento ao usuário Suporte - SECOM riachuelo,6,3,2,2024-08-09 15:35:21+00:00,2024-10-03 16:30:20+00:00,,,DTIC > EQUIPAMENTOS > MANUTENÇÃO,Entidade raiz > PIRATINI > CENTRAL DE ATENDIMENTOS > SECOM,,"thales-leite, leonardo-riela, jonathan-moletta",manoella-rodrigues
5065,5178,Configuração de Túnel em Notebook // CC - DRH // noeli-lima,6,3,2,2024-08-09 12:00:00+00:00,2024-08-09 16:55:13+00:00,,,ACESSO A SISTEMAS > REDE > TÚNEL PROCERGS,Entidade raiz > PIRATINI > CENTRAL DE ATENDIMENTOS > CASA CIVIL,,pablo-guimaraes,noeli-lima
5066,5179,Verificação Patrimonial // CC - DTIC // pablo-guimaraes,6,3,2,2024-08-09 12:00:00+00:00,2024-09-03 17:07:03+00:00,,,DTIC > EQUIPAMENTOS,Entidade raiz > PIRATINI > CENTRAL DE ATENDIMENTOS > CASA CIVIL > Secretaria-Executiva > Subchefia Administrativa > Departamento de Tecnologia e Informação,,pablo-guimaraes,"pablo-guimaraes, alessandro-vieira, anderson-oliveira"
5067,5180,Acesso a Sistemas\Reset de Senha de Rede,6,3,2,2024-08-09 17:42:19+00:00,2024-08-09 17:43:02+00:00,,,ACESSO A SISTEMAS > REDE > RESET DE SENHA,Entidade raiz > PIRATINI > CENTRAL DE ATENDIMENTOS > SECOM,,anderson-oliveira,juliana-klaus
5068,5181,Atendimento ao usuário Suporte - Departamento de Gestão Documental e de Bens Materiais e Patrimoniais,6,3,2,2024-08-12 08:49:55+00:00,2024-08-12 17:26:46+00:00,,,ACESSO A SISTEMAS > SOE > FPE,Entidade raiz > PIRATINI > CENTRAL DE ATENDIMENTOS > CASA CIVIL,,pablo-guimaraes,diego-mattiello
5069,5182,Acesso a Sistemas Rede Piratini,6,3,2,2024-08-12 09:40:36+00:00,2024-08-12 09:49:42+00:00,,,ACESSO A SISTEMAS > REDE > LIBERAÇÃO DE ACESSO,Entidade raiz > PIRATINI > CENTRAL DE ATENDIMENTOS > GG,,anderson-oliveira,bruna-linhares
5083,5196,Apoio Resetar senha e-mail // CC - Dinfo // Andreia Brum,6,3,2,2024-08-13 10:43:32+00:00,2024-08-13 10:52:53+00:00,,,ACESSO A SISTEMAS > OFFICE 365 > EMAIL,Entidade raiz > PIRATINI > CENTRAL DE ATENDIMENTOS > CASA CIVIL,,silvio-valim,andreia-brum
5070,5183,Acesso a Sistemas // Redmine da PROCERGS para o projeto do novo DOE-e,6,3,2,2024-08-12 10:37:30+00:00,2024-08-15 09:54:21+00:00,,,ACESSO A SISTEMAS > SOE,Entidade raiz > PIRATINI > CENTRAL DE ATENDIMENTOS > CASA CIVIL,,pablo-guimaraes,maria-mollmann
5071,5184,Atendimento ao usuário Suporte - secom,6,3,2,2024-08-12 10:40:32+00:00,2024-08-12 11:36:41+00:00,,,AJUDA E SUPORTE > ATENDIMENTO AO USUÁRIO,Entidade raiz > PIRATINI > CENTRAL DE ATENDIMENTOS > SECOM,,thales-leite,jean-rangel
5072,5185,Atendimento ao usuário Suporte - ADMINISTRATIVO,6,3,2,2024-08-12 12:36:06+00:00,2024-08-12 14:46:15+00:00,,,ACESSO A SISTEMAS > SOE > PROA,Entidade raiz > PIRATINI > CENTRAL DE ATENDIMENTOS > SECOM,,miguelangelo,andre-graminho
5073,5186,Atendimento ao usuário Suporte - Secom - Riachuelo,6,3,2,2024-08-12 13:58:59+00:00,2024-08-12 14:46:19+00:00,,,AJUDA E SUPORTE > ATENDIMENTO AO USUÁRIO,Entidade raiz > PIRATINI > CENTRAL DE ATENDIMENTOS > SECOM,,pablo-guimaraes,andre-graminho
5074,5187,OFFICE 365 // ASSESSORIA ESPECÍFICA  - GVG,6,3,2,2024-08-12 16:54:35+00:00,2024-09-04 14:43:35+00:00,,,ACESSO A SISTEMAS > OFFICE 365,Entidade raiz > PIRATINI > CENTRAL DE ATENDIMENTOS > GVG,,"silvio-valim, pablo-guimaraes, anderson-oliveira",melissa-bulegon
5075,5188,Acesso a Sistemas  - PROA - DESBLOQUEAR USUÁRIO,6,3,2,2024-08-12 17:15:00+00:00,2024-08-12 17:19:18+00:00,,,AJUDA E SUPORTE > ATENDIMENTO AO USUÁRIO,Entidade raiz > PIRATINI > CENTRAL DE ATENDIMENTOS > SECOM,,anderson-oliveira,jean-rangel
5076,5189,Office 365 // PERMISSÃO PARA CRIAR EQUIPES - Duque de Caxias 951,6,3,2,2024-08-12 17:44:49+00:00,2024-08-13 08:45:44+00:00,,,ACESSO A SISTEMAS > OFFICE 365 > CRIAR EQUIPE SHAREPOINT,Entidade raiz > PIRATINI > CENTRAL DE ATENDIMENTOS > CASA CIVIL,,anderson-oliveira,francisco-barros
5077,5190,INCIDENTE  - Subchefia Parlamentar,6,3,2,2024-08-13 09:10:33+00:00,2024-08-13 09:24:54+00:00,,,DTIC > INFRAESTRUTURA > OUTROS,Entidade raiz > PIRATINI > CENTRAL DE ATENDIMENTOS > CASA CIVIL,R. Duque de Caxias 951 (Banrisul),silvio-valim,paulo-souza
5078,5191,Acesso a Sistemas Rede Piratini,6,3,2,2024-08-13 09:13:29+00:00,2024-08-13 10:06:18+00:00,,,ACESSO A SISTEMAS > OFFICE 365 > EMAIL > CAIXA COMPARTILHADA,Entidade raiz > PIRATINI > CENTRAL DE ATENDIMENTOS > GVG,,silvio-valim,larissa-winckler
5079,5192,OFFICE 365 // ASSESSORIA ESPECÍFICA  - Cerimonial,6,3,2,2024-08-13 09:58:10+00:00,2024-08-13 10:36:09+00:00,,,ACESSO A SISTEMAS > OFFICE 365 > EMAIL > CAIXA COMPARTILHADA,Entidade raiz > PIRATINI > CENTRAL DE ATENDIMENTOS > GG,,jorge-vicente,leandro-hardt
5080,5193,OFFICE 365 // ASSESSORIA ESPECÍFICA  - AGENDA,6,3,2,2024-08-13 10:02:05+00:00,2024-08-13 11:28:11+00:00,,,ACESSO A SISTEMAS > OFFICE 365,Entidade raiz > PIRATINI > CENTRAL DE ATENDIMENTOS > GVG,,anderson-oliveira,carla-calero
5081,5194,Atendimento ao usuário Suporte - GVG - Agenda,6,3,2,2024-08-13 10:06:50+00:00,2024-08-14 10:19:08+00:00,,,AJUDA E SUPORTE > MOVIMENTO DE EQUIPAMENTOS DE TI > REQUISIÇÃO,Entidade raiz > PIRATINI > CENTRAL DE ATENDIMENTOS > GVG,,"edson-silva, anderson-oliveira",carla-calero
5084,5197,Acesso a Sistemas  - PROA - LIBERAR ACESSO,6,3,2,2024-08-13 11:19:50+00:00,2024-08-14 10:10:45+00:00,,,ACESSO A SISTEMAS > SOE > PROA,Entidade raiz > PIRATINI > CENTRAL DE ATENDIMENTOS > SECOM,,miguelangelo,daiane-beck
5085,5198,Atendimento ao usuário Suporte - CAFF,6,3,2,2024-08-13 11:31:01+00:00,2024-08-19 08:58:44+00:00,,,AJUDA E SUPORTE > ATENDIMENTO AO USUÁRIO,Entidade raiz > PIRATINI > CENTRAL DE ATENDIMENTOS > CASA CIVIL,,anderson-oliveira,clarissa-avila
5086,5199,Acesso a Sistemas Rede Piratini,6,3,2,2024-08-13 14:06:20+00:00,2024-08-13 14:08:43+00:00,,,ACESSO A SISTEMAS > REDE > RESET DE SENHA,Entidade raiz > PIRATINI > CENTRAL DE ATENDIMENTOS > CASA CIVIL,,jorge-vicente,regina-costa
5087,5200,Acesso a Sistemas  - Agenda - DESBLOQUEAR USUÁRIO,6,3,2,2024-08-13 14:41:15+00:00,2024-08-14 10:16:26+00:00,,,AJUDA E SUPORTE > ATENDIMENTO AO USUÁRIO,Entidade raiz > PIRATINI > CENTRAL DE ATENDIMENTOS > GG,,edson-silva,fernanda-braga
5088,5201,Outlook //CAIXA COMPARTILHADA - GVG,6,3,2,2024-08-13 14:42:41+00:00,2024-08-13 14:46:55+00:00,,,ACESSO A SISTEMAS > OFFICE 365 > EMAIL > CAIXA COMPARTILHADA,Entidade raiz > PIRATINI > CENTRAL DE ATENDIMENTOS > GVG,,jorge-vicente,larissa-winckler
5089,5202,Atendimento ao usuário Suporte - damac,6,3,2,2024-08-13 15:18:37+00:00,2024-08-13 15:24:44+00:00,,,AJUDA E SUPORTE > ATENDIMENTO AO USUÁRIO,Entidade raiz > PIRATINI > CENTRAL DE ATENDIMENTOS > CASA CIVIL,R. Duque de Caxias 951 (Banrisul),,janio-junior
5090,5203,Ajuda e Suporte / Instalação de Software,6,3,1,2024-08-13 16:21:26+00:00,2024-08-13 16:24:04+00:00,,,AJUDA E SUPORTE > INSTALAÇÃO DE SOFTWARE,Entidade raiz > PIRATINI > CENTRAL DE ATENDIMENTOS > SECOM,Edifício Guaíba,thales-leite,paulo-duarth
5091,5204,Workspace no BI Pró // GVG - Gabinete // Joice Lima,6,3,2,2024-08-13 16:39:45+00:00,2024-08-16 08:55:31+00:00,,,AJUDA E SUPORTE > ATENDIMENTO AO USUÁRIO,Entidade raiz > PIRATINI > CENTRAL DE ATENDIMENTOS > GVG,,"silvio-valim, pablo-guimaraes",joice-lima
5092,5205,Atendimento ao usuário Suporte - ADMINISTRATIVO,6,3,2,2024-08-13 16:48:58+00:00,2024-08-14 10:14:51+00:00,,,DTIC > EQUIPAMENTOS > MANUTENÇÃO,Entidade raiz > PIRATINI > CENTRAL DE ATENDIMENTOS > SECOM,,"anderson-oliveira, jonathan-moletta",andre-graminho
5093,5206,Acesso a Sistemas  - FPE - LIBERAR ACESSO,6,3,2,2024-08-13 17:31:04+00:00,2024-08-16 08:58:47+00:00,,,ACESSO A SISTEMAS > SOE > FPE,Entidade raiz > PIRATINI > CENTRAL DE ATENDIMENTOS > GVG,,pablo-guimaraes,carla-calero
5094,5207,Atendimento ao usuário Suporte - Duque 1005,6,3,2,2024-08-14 08:41:44+00:00,2024-08-14 14:02:50+00:00,,,AJUDA E SUPORTE > ATENDIMENTO AO USUÁRIO,Entidade raiz > PIRATINI > CENTRAL DE ATENDIMENTOS > CASA CIVIL,,thales-leite,maristela-kaminski
5095,5208,Acesso a Sistemas  - RHE - DESBLOQUEAR USUÁRIO,6,3,2,2024-08-14 08:54:58+00:00,2024-08-14 10:56:28+00:00,,,,Entidade raiz > PIRATINI > CENTRAL DE ATENDIMENTOS > CASA CIVIL,,miguelangelo,maristela-kaminski
5096,5209,Acesso a Sistemas  - FPE - LIBERAR ACESSO,6,3,2,2024-08-14 09:36:01+00:00,2024-08-14 10:27:06+00:00,,,ACESSO A SISTEMAS > SOE > FPE,Entidade raiz > PIRATINI > CENTRAL DE ATENDIMENTOS > CASA CIVIL,,"pablo-guimaraes, miguelangelo",Isac-Silveira
5097,5210,Acesso a Sistemas  - GDG - LIBERAR ACESSO,6,3,2,2024-08-14 10:27:28+00:00,2024-08-14 10:34:04+00:00,,,ACESSO A SISTEMAS > SOE,Entidade raiz > PIRATINI > CENTRAL DE ATENDIMENTOS > GG,,miguelangelo,joao-ramos
5098,5211,Atendimento ao usuário Suporte - GVG,6,3,2,2024-08-14 10:58:21+00:00,2024-08-16 16:06:50+00:00,,,AJUDA E SUPORTE > ATENDIMENTO AO USUÁRIO,Entidade raiz > PIRATINI > CENTRAL DE ATENDIMENTOS > GVG,,anderson-oliveira,joel-silva
5099,5212,Atendimento ao usuário Suporte - DEPARTAMENTO DE RESIDÊNCIAS OFICIAIS,6,3,2,2024-08-14 12:48:12+00:00,2024-08-14 12:53:22+00:00,,,AJUDA E SUPORTE > ATENDIMENTO AO USUÁRIO,Entidade raiz > PIRATINI > CENTRAL DE ATENDIMENTOS > CASA MILITAR,,anderson-oliveira,junior-bittencourt
5100,5213,Relatório usuários por órgão // CC - DTIC // Paulo,6,3,2,2024-08-14 13:55:43+00:00,2024-08-14 13:56:07+00:00,,,DTIC > INFRAESTRUTURA,Entidade raiz > PIRATINI > CENTRAL DE ATENDIMENTOS,,,
5101,5214,Manutentção servidor AD // CC - DTI // Lucas Sergio,6,3,2,2024-08-14 13:56:55+00:00,2024-08-14 13:57:14+00:00,,,DTIC > INFRAESTRUTURA,Entidade raiz > PIRATINI > CENTRAL DE ATENDIMENTOS,,,
5102,5215,Acesso a Sistemas Rede Piratini,6,3,2,2024-08-14 14:40:19+00:00,2024-08-14 14:49:50+00:00,,,ACESSO A SISTEMAS > REDE > RESET DE SENHA,Entidade raiz > PIRATINI > CENTRAL DE ATENDIMENTOS > CASA CIVIL,Casa Civil 1005,anderson-oliveira,maristela-kaminski
5103,5216,Atendimento ao usuário Suporte - Secom - Riachuelo,6,3,2,2024-08-14 15:35:50+00:00,2024-08-20 10:11:22+00:00,,,DTIC > EQUIPAMENTOS > MANUTENÇÃO,Entidade raiz > PIRATINI > CENTRAL DE ATENDIMENTOS > SECOM,,"thales-leite, leonardo-riela, jonathan-moletta",andre-graminho
5104,5217,Alterar Plano / Licença / Office 365 - Microsoft Visio,6,3,2,2024-08-14 17:39:07+00:00,2024-08-20 12:06:42+00:00,,,ACESSO A SISTEMAS > OFFICE 365 > EMAIL > ALTERAR PLANO / LICENÇA,Entidade raiz > PIRATINI > CENTRAL DE ATENDIMENTOS > GVG,Edifício Guaíba,silvio-valim,carla-calero
5105,5218,Ajuda e Suporte \ Equipamentos Configuração,6,3,2,2024-08-15 09:44:10+00:00,2024-08-15 09:44:37+00:00,,,DTIC > EQUIPAMENTOS > MANUTENÇÃO,Entidade raiz > PIRATINI > CENTRAL DE ATENDIMENTOS > GG,,anderson-oliveira,alvaro-aguiar
5106,5219,Acesso a Sistemas  - GDG - OUTRO,6,3,2,2024-08-15 09:47:04+00:00,2024-08-16 10:49:05+00:00,,,ACESSO A SISTEMAS > SOE,Entidade raiz > PIRATINI > CENTRAL DE ATENDIMENTOS > CASA CIVIL,,miguelangelo,maristela-kaminski
5107,5220,INCIDENTE  - Gabinete do Vice-Governador - Edifício Guaíba ,6,3,2,2024-08-15 11:03:42+00:00,2024-08-15 11:45:42+00:00,,,DTIC > INFRAESTRUTURA > OUTROS,Entidade raiz > PIRATINI > CENTRAL DE ATENDIMENTOS > GVG,,"anderson-oliveira, thales-leite, jonathan-moletta",flavia-silva
5131,5245,Atendimento ao usuário Suporte - GABINETE,6,3,2,2024-08-16 17:29:44+00:00,2024-08-17 15:50:16+00:00,,,ACESSO A SISTEMAS > SOE > PROA,Entidade raiz > PIRATINI > CENTRAL DE ATENDIMENTOS > SECOM,,"pablo-guimaraes, miguelangelo",andre-graminho
5108,5221,Acesso a Sistemas Rede Piratini,6,3,2,2024-08-15 11:23:03+00:00,2024-08-16 11:46:33+00:00,,,ACESSO A SISTEMAS > REDE > LIBERAÇÃO DE ACESSO > NOVO USUÁRIO,Entidade raiz > PIRATINI > CENTRAL DE ATENDIMENTOS > CASA MILITAR,,jorge-vicente,maicon-oliveira
5109,5222,Erro de Conexão Wi-Fi Celular // CC - DRH // Noeli Lima ,6,3,2,2024-08-15 11:39:11+00:00,2024-08-15 11:39:56+00:00,,,ACESSO A SISTEMAS > REDE > WIFI,Entidade raiz > PIRATINI > CENTRAL DE ATENDIMENTOS > CASA CIVIL,,silvio-valim,noeli-lima
5110,5223,Reset Senha de Rede // CC - DAAP / Marcia Carolina Abreu,6,3,2,2024-08-15 12:45:24+00:00,2024-08-15 12:46:20+00:00,,,ACESSO A SISTEMAS > REDE > RESET DE SENHA,Entidade raiz > PIRATINI > CENTRAL DE ATENDIMENTOS > CASA CIVIL,,silvio-valim,marcia-abreu
5111,5224,Acesso a Sistemas  - Geral - LIBERAR ACESSO,6,3,2,2024-08-15 13:56:10+00:00,2024-08-17 15:56:32+00:00,,,ACESSO A SISTEMAS > REDE > LIBERAÇÃO DE ACESSO > NOVO USUÁRIO,Entidade raiz > PIRATINI > CENTRAL DE ATENDIMENTOS > CASA CIVIL,,"silvio-valim, pablo-guimaraes, anderson-oliveira",almeris-junior
5112,5225,Instalação Access Point // GG - Conservação e Memória // Bruno Rien,6,3,2,2024-08-15 14:03:33+00:00,2024-08-15 14:03:47+00:00,,,DTIC > INFRAESTRUTURA > WI-FI,Entidade raiz > PIRATINI > CENTRAL DE ATENDIMENTOS > GG,,jorge-vicente,bruno-rien
5113,5226,Instalação Access Point // GG - Conservação e Memória // Bruno Rien,6,3,2,2024-08-15 14:04:26+00:00,2024-08-15 14:04:40+00:00,,,DTIC > INFRAESTRUTURA > WI-FI,Entidade raiz > PIRATINI > CENTRAL DE ATENDIMENTOS > GG,,jorge-vicente,bruno-rien
5114,5227,OFFICE 365 // ASSESSORIA ESPECÍFICA  - Cerimonial,6,3,2,2024-08-15 14:09:38+00:00,2024-08-16 15:57:01+00:00,,,ACESSO A SISTEMAS > OFFICE 365,Entidade raiz > PIRATINI > CENTRAL DE ATENDIMENTOS > GG,,silvio-valim,leandro-hardt
5115,5229,Ajuda e Suporte \ Equipamentos ,6,3,2,2024-08-15 14:37:04+00:00,2024-08-19 09:02:04+00:00,,,DTIC > EQUIPAMENTOS > RECOLHIMENTO,Entidade raiz > PIRATINI > CENTRAL DE ATENDIMENTOS > GG,Palácio do Piratini,"alessandro-vieira, anderson-oliveira, thales-leite, jonathan-moletta",fernanda-braga
5116,5230,Atendimento ao usuário Suporte - Gabinete Vice-Governador,6,3,2,2024-08-15 15:02:45+00:00,2024-08-15 16:44:23+00:00,,,ACESSO A SISTEMAS > REDE > LIBERAÇÃO DE ACESSO > NOVO USUÁRIO,Entidade raiz > PIRATINI > CENTRAL DE ATENDIMENTOS > GVG,,anderson-oliveira,larissa-winckler
5117,5231,OUTLOOK // ADICIONAR/EXCLUIR USUÁRIO DE CAIXA COMPARTILHADA - DCC - Departamento de Compras e Contratos,6,3,2,2024-08-15 15:11:01+00:00,2024-08-15 15:40:18+00:00,,,ACESSO A SISTEMAS > OFFICE 365 > EMAIL > CAIXA COMPARTILHADA,Entidade raiz > PIRATINI > CENTRAL DE ATENDIMENTOS > CASA CIVIL,,silvio-valim,almeris-junior
5118,5232,Ajuda e Suporte \ Equipamentos,6,3,1,2024-08-15 15:16:27+00:00,2024-08-15 15:16:46+00:00,,,DTIC > EQUIPAMENTOS > MANUTENÇÃO,Entidade raiz > PIRATINI > CENTRAL DE ATENDIMENTOS > CASA CIVIL,Memorial do Ministério Público,,
5132,5246,Atendimento ao usuário Suporte - Gabinete do Governador,6,3,2,2024-08-19 08:45:24+00:00,2024-08-27 10:56:52+00:00,,,DTIC > EQUIPAMENTOS > MANUTENÇÃO,Entidade raiz > PIRATINI > CENTRAL DE ATENDIMENTOS > GG,Palácio do Piratini,"anderson-oliveira, jonathan-moletta",luciana-ghiggi
5119,5233,OFFICE 365 // NOVA CONTA DE EMAIL - Casa Militar - Operações,6,3,2,2024-08-15 15:21:50+00:00,2024-08-15 15:48:55+00:00,,,ACESSO A SISTEMAS > REDE > LIBERAÇÃO DE ACESSO > NOVO USUÁRIO,Entidade raiz > PIRATINI > CENTRAL DE ATENDIMENTOS > CASA MILITAR,,jorge-vicente,debora-aparecida
5120,5234,Atendimento ao usuário Suporte - Gabinete do Vice-Governador,6,3,2,2024-08-15 15:25:51+00:00,2024-08-20 10:34:33+00:00,,,AJUDA E SUPORTE > ATENDIMENTO AO USUÁRIO,Entidade raiz > PIRATINI > CENTRAL DE ATENDIMENTOS > GVG,,"jorge-vicente, thales-leite",juliane-soska
5121,5235,PROA LIBERAR ACESSO A GRUPO,6,3,2,2024-08-15 15:52:38+00:00,2024-08-16 09:29:10+00:00,,,ACESSO A SISTEMAS > SOE > PROA > ADICIONAR A GRUPO,Entidade raiz > PIRATINI > CENTRAL DE ATENDIMENTOS > GVG,,miguelangelo,larissa-winckler
5122,5236,Acesso a Sistemas Rede Piratini,6,3,2,2024-08-15 16:20:18+00:00,2024-08-15 16:50:57+00:00,,,AJUDA E SUPORTE > ATENDIMENTO AO USUÁRIO,Entidade raiz > PIRATINI > CENTRAL DE ATENDIMENTOS > CASA CIVIL,,anderson-oliveira,almeris-junior
5123,5237,Acesso a Sistemas  - Geral - LIBERAR ACESSO,6,3,2,2024-08-16 09:28:35+00:00,2024-08-16 16:21:25+00:00,,,ACESSO A SISTEMAS > REDE > LIBERAÇÃO DE ACESSO > NOVO USUÁRIO,Entidade raiz > PIRATINI > CENTRAL DE ATENDIMENTOS > SECOM,,"miguelangelo, jorge-vicente",cristiano-tavares
5124,5238,Atendimento ao usuário Suporte - ADMINISTRATIVO,6,3,2,2024-08-16 10:06:21+00:00,2024-08-20 10:29:45+00:00,,,DTIC > SISTEMAS > ALTERAÇÃO DE ACESSO,Entidade raiz > PIRATINI > CENTRAL DE ATENDIMENTOS > SECOM,,jorge-vicente,andre-graminho
5125,5239,Atendimento ao usuário Suporte - ADMINISTRATIVO - RH,6,3,2,2024-08-16 10:40:09+00:00,2024-08-16 13:56:43+00:00,,,DTIC > SISTEMAS > REMOÇÃO DE ACESSO SISTEMA,Entidade raiz > PIRATINI > CENTRAL DE ATENDIMENTOS > SECOM,,"miguelangelo, jorge-vicente",andre-graminho
5126,5240,Acesso a Sistemas Rede Piratini,6,3,2,2024-08-16 14:00:05+00:00,2024-08-16 16:35:24+00:00,,,ACESSO A SISTEMAS > REDE > LIBERAÇÃO DE ACESSO > NOVO USUÁRIO,Entidade raiz > PIRATINI > CENTRAL DE ATENDIMENTOS > SECOM,,anderson-oliveira,andre-graminho
5127,5241,Acesso a Sistemas Rede Piratini,6,3,2,2024-08-16 14:01:26+00:00,2024-08-16 17:03:52+00:00,,,ACESSO A SISTEMAS > REDE > LIBERAÇÃO DE ACESSO > NOVO USUÁRIO,Entidade raiz > PIRATINI > CENTRAL DE ATENDIMENTOS > SECOM,,anderson-oliveira,andre-graminho
5128,5242,Atendimento ao usuário Suporte - ADMINISTRATIVO,6,3,2,2024-08-16 14:43:05+00:00,2024-08-16 15:47:41+00:00,,,ACESSO A SISTEMAS > OFFICE 365 > EMAIL > ALTERAR PLANO / LICENÇA,Entidade raiz > PIRATINI > CENTRAL DE ATENDIMENTOS > SECOM,,anderson-oliveira,andre-graminho
5129,5243,Atendimento ao usuário Suporte - damac,6,3,2,2024-08-16 14:50:31+00:00,2024-08-16 14:55:23+00:00,,,AJUDA E SUPORTE > ATENDIMENTO AO USUÁRIO,Entidade raiz > PIRATINI > CENTRAL DE ATENDIMENTOS > CASA CIVIL,,jorge-vicente,janio-junior
5130,5244,Atendimento ao usuário Suporte - ADMINISTRATIVO,6,3,2,2024-08-16 15:18:51+00:00,2024-08-16 16:33:56+00:00,,,AJUDA E SUPORTE > ATENDIMENTO AO USUÁRIO,Entidade raiz > PIRATINI > CENTRAL DE ATENDIMENTOS > SECOM,,anderson-oliveira,andre-graminho
5133,5247,Atendimento ao usuário Suporte - Subseção de Operações Casa Militar,6,3,2,2024-08-19 09:30:15+00:00,2024-08-19 10:25:30+00:00,,,AJUDA E SUPORTE > ATENDIMENTO AO USUÁRIO,Entidade raiz > PIRATINI > CENTRAL DE ATENDIMENTOS > CASA MILITAR,,thales-leite,debora-aparecida
5134,5248,Excluir conta Office // Secom - Audio e Vídeo // Lauro Alves,6,3,2,2024-08-19 09:45:02+00:00,2024-08-19 09:45:11+00:00,,,ACESSO A SISTEMAS > OFFICE 365 > EMAIL,Entidade raiz > PIRATINI > CENTRAL DE ATENDIMENTOS > SECOM,,silvio-valim,lauro-alves
5135,5249,Pastas e arquivos da Rede não abrem // CC - DRH / Silvoneide Gomes,6,3,2,2024-08-19 09:59:51+00:00,2024-08-19 10:32:30+00:00,,,AJUDA E SUPORTE > ATENDIMENTO AO USUÁRIO,Entidade raiz > PIRATINI > CENTRAL DE ATENDIMENTOS > CASA CIVIL,,silvio-valim,silvia-leopoldino
5136,5250,OFFICE 365 // NOVA CONTA DE EMAIL - Subchefia Jurídica - Departamento de Informações Oficiais / DINFO,6,3,2,2024-08-19 10:01:41+00:00,2024-08-20 08:41:28+00:00,,,ACESSO A SISTEMAS > REDE > LIBERAÇÃO DE ACESSO > NOVO USUÁRIO,Entidade raiz > PIRATINI > CENTRAL DE ATENDIMENTOS > CASA CIVIL,,"silvio-valim, anderson-oliveira",cristiane-dias
5137,5251,Ajuda e Suporte \ Equipamentos Manutenção \ SUB-GERAL,5,3,2,2024-08-19 10:40:26+00:00,2025-04-01 11:00:29+00:00,,,DTIC > EQUIPAMENTOS > MANUTENÇÃO,Entidade raiz > PIRATINI > CENTRAL DE ATENDIMENTOS > CASA CIVIL,Memorial do Ministério Público,"pablo-guimaraes, anderson-oliveira, leonardo-riela, jonathan-moletta",graca-godinho
5138,5252,Outlook //CAIXA COMPARTILHADA - Subchefia de Operações,6,3,2,2024-08-19 10:46:18+00:00,2024-08-19 14:14:30+00:00,,,ACESSO A SISTEMAS > OFFICE 365 > EMAIL > CAIXA COMPARTILHADA,Entidade raiz > PIRATINI > CENTRAL DE ATENDIMENTOS > CASA MILITAR,,silvio-valim,arlindo-oliveira
5139,5253,Atendimento ao usuário Suporte - Jornalismo,6,3,2,2024-08-19 10:57:11+00:00,2024-08-19 11:23:56+00:00,,,DTIC > SISTEMAS > ALTERAÇÃO DE ACESSO,Entidade raiz > PIRATINI > CENTRAL DE ATENDIMENTOS > SECOM,,anderson-oliveira,andre-graminho
5140,5254,Alterar Senha de Rede // CC - Orçamentos // Renato Costa,6,3,2,2024-08-19 11:12:45+00:00,2024-08-19 11:12:58+00:00,,,ACESSO A SISTEMAS > REDE > RESET DE SENHA,Entidade raiz > PIRATINI > CENTRAL DE ATENDIMENTOS > CASA CIVIL,,silvio-valim,renato-costa
5141,5255,Atendimento ao usuário Suporte - Divisão de patrimônio - Casa de apoio na Expointer,6,3,2,2024-08-19 11:23:18+00:00,2024-08-29 13:53:44+00:00,,,AJUDA E SUPORTE > INSTALAÇÃO DE EQUIPAMENTOS,Entidade raiz > PIRATINI > CENTRAL DE ATENDIMENTOS > CASA MILITAR,,"jorge-vicente, alessandro-vieira","leandro-tavares, fabiane-moraes"
5142,5256,Atendimento ao usuário Suporte - DAMAC,6,3,2,2024-08-19 11:29:50+00:00,2024-08-19 11:57:46+00:00,,,AJUDA E SUPORTE > ATENDIMENTO AO USUÁRIO,Entidade raiz > PIRATINI > CENTRAL DE ATENDIMENTOS > CASA CIVIL,,"silvio-valim, thales-leite",alexander-ostroga
5143,5257,Ajuda e Suporte \ Atendimento ao usuário,6,3,2,2024-08-19 11:30:07+00:00,2024-08-19 11:30:39+00:00,,,AJUDA E SUPORTE > ATENDIMENTO AO USUÁRIO,Entidade raiz > PIRATINI > CENTRAL DE ATENDIMENTOS > GG,Palácio do Piratini,jonathan-moletta,daniela-baum
5144,5258,Atendimento ao usuário Suporte - DAMAC,6,3,2,2024-08-19 16:04:22+00:00,2024-08-19 16:50:45+00:00,,,AJUDA E SUPORTE > INSTALAÇÃO DE SOFTWARE,Entidade raiz > PIRATINI > CENTRAL DE ATENDIMENTOS > CASA CIVIL,,silvio-valim,alexander-ostroga
5145,5259,Relatório computadores e usuário de rede GVG // CC - DTIC // Paulo,6,3,2,2024-08-20 08:56:40+00:00,2024-08-20 08:56:52+00:00,,,DTIC > INFRAESTRUTURA,Entidade raiz > PIRATINI > CENTRAL DE ATENDIMENTOS,,,
5146,5260,Licenças Adobe // GG - Assessoria Técnica // Vinicius Lopes,6,3,2,2024-08-20 08:57:56+00:00,2024-08-20 08:58:16+00:00,,,AJUDA E SUPORTE > INSTALAÇÃO DE SOFTWARE,Entidade raiz > PIRATINI > CENTRAL DE ATENDIMENTOS > GG,,,vinicius-lopes
5147,5261,Infraestrutura - Instalar Equipamento de rede,6,3,2,2024-08-20 08:58:59+00:00,2024-08-27 10:58:24+00:00,,,DTIC > INFRAESTRUTURA > WI-FI,Entidade raiz > PIRATINI > CENTRAL DE ATENDIMENTOS > CASA CIVIL,,"anderson-oliveira, thales-leite, luciano-silva",
5148,5262,Atendimento ao usuário Suporte - Defesa Civil - Prédio do Ministério Público,6,3,2,2024-08-20 10:27:03+00:00,2024-08-21 09:56:32+00:00,,,AJUDA E SUPORTE > INSTALAÇÃO DE SOFTWARE,Entidade raiz > PIRATINI > CENTRAL DE ATENDIMENTOS > CASA MILITAR,,"anderson-oliveira, jonathan-moletta",stefano-boeira
5149,5263,Atendimento ao usuário Suporte - jornalismo,6,3,2,2024-08-20 10:50:45+00:00,2024-08-20 12:16:50+00:00,,,DTIC > EQUIPAMENTOS > CONFIGURAÇÃO,Entidade raiz > PIRATINI > CENTRAL DE ATENDIMENTOS > SECOM,,"jorge-vicente, jonathan-moletta",andre-graminho
5150,5264,Acesso a Sistemas  - Geral - LIBERAR ACESSO,6,3,2,2024-08-20 11:01:46+00:00,2024-09-04 14:44:02+00:00,,,AJUDA E SUPORTE > ATENDIMENTO AO USUÁRIO,Entidade raiz > PIRATINI > CENTRAL DE ATENDIMENTOS > GG,,"anderson-oliveira, jonathan-moletta",vinicius-lopes
5151,5265,Atendimento ao usuário Suporte - SECOM,6,3,2,2024-08-20 12:25:45+00:00,2024-08-20 14:21:03+00:00,,,ACESSO A SISTEMAS > REDE > LIBERAÇÃO DE ACESSO,Entidade raiz > PIRATINI > CENTRAL DE ATENDIMENTOS > SECOM,,jorge-vicente,jorge-diene
5152,5266,Acesso a Sistemas Rede Piratini,6,3,2,2024-08-20 13:50:39+00:00,2024-08-20 14:19:47+00:00,,,ACESSO A SISTEMAS > REDE > LIBERAÇÃO DE ACESSO,Entidade raiz > PIRATINI > CENTRAL DE ATENDIMENTOS > SECOM,,jorge-vicente,vitor-alves
5153,5267,EQUIPAMENTOS IMPRESSORA ATOLAMENTO - Ouvidoria-geral,6,3,2,2024-08-20 14:18:29+00:00,2024-09-03 10:04:07+00:00,,,IMPRESSORA > ATOLAMENTO,Entidade raiz > PIRATINI > CENTRAL DE ATENDIMENTOS > CASA CIVIL,,jorge-vicente,regina-costa
5154,5268,Atendimento ao usuário Suporte - Cerimonial,6,3,2,2024-08-20 14:40:22+00:00,2024-08-27 16:12:36+00:00,,,DTIC > EQUIPAMENTOS > MANUTENÇÃO,Entidade raiz > PIRATINI > CENTRAL DE ATENDIMENTOS > GG,,jorge-vicente,joao-bomfim
5155,5269,Reset de senha ,6,3,1,2024-08-20 15:40:06+00:00,2024-08-20 15:42:37+00:00,,,,Entidade raiz > PIRATINI > CENTRAL DE ATENDIMENTOS,,jorge-vicente,
5156,5270,INGRESSO DE SERVIDOR,6,4,2,2024-08-20 15:55:37+00:00,2024-08-21 15:46:38+00:00,,,ACESSO A SISTEMAS > REDE > LIBERAÇÃO DE ACESSO > NOVO USUÁRIO,Entidade raiz > PIRATINI > CENTRAL DE ATENDIMENTOS > CASA CIVIL > Secretaria-Executiva > Subchefia Administrativa > Departamento de Gestão de Atos e Pessoal > Divisão de Gestão de Pessoas,,"pablo-guimaraes, anderson-oliveira",silvia-leopoldino
5157,5271,Empréstimo de Telefone Celular // CC - Gabinete de Articulação aos Municípios e Prefeitos // Salmo Dias de Oliveira,6,3,1,2024-08-20 15:56:43+00:00,2024-08-20 17:19:55+00:00,,,AJUDA E SUPORTE > MOVIMENTO DE EQUIPAMENTOS DE TI > EMPRESTIMO,Entidade raiz > PIRATINI > CENTRAL DE ATENDIMENTOS > CASA CIVIL,,jorge-vicente,salmo-oliveira
5158,5272,Alterar Dados Office // CM - Subchefia Administrativa // Leandro Mauat,6,3,2,2024-08-21 09:11:51+00:00,2024-08-21 09:12:04+00:00,,,ACESSO A SISTEMAS > OFFICE 365 > EMAIL > ATUALIZAR DADOS,Entidade raiz > PIRATINI > CENTRAL DE ATENDIMENTOS > CASA MILITAR,,silvio-valim,"miguelangelo, leandro-mauat"
5159,5273,Acesso a Sistemas Rede Piratini,6,3,2,2024-08-21 09:46:59+00:00,2024-08-23 09:21:29+00:00,,,ACESSO A SISTEMAS > REDE > LIBERAÇÃO DE ACESSO,Entidade raiz > PIRATINI > CENTRAL DE ATENDIMENTOS > CASA MILITAR,,"pablo-guimaraes, anderson-oliveira",karine-teixeira
5208,5322,Caixa Compartilhada // CC - ATA // Francisco Dutra de Barro,6,3,2,2024-08-27 10:33:29+00:00,2024-08-27 10:56:13+00:00,,,ACESSO A SISTEMAS > OFFICE 365 > EMAIL > CAIXA COMPARTILHADA,Entidade raiz > PIRATINI > CENTRAL DE ATENDIMENTOS > CASA CIVIL,,silvio-valim,francisco-barros
5160,5274,Acesso a Sistemas Rede Piratini,6,3,2,2024-08-21 09:48:12+00:00,2024-08-23 09:15:53+00:00,,,ACESSO A SISTEMAS > REDE > LIBERAÇÃO DE ACESSO,Entidade raiz > PIRATINI > CENTRAL DE ATENDIMENTOS > CASA MILITAR,,"pablo-guimaraes, anderson-oliveira",karine-teixeira
5161,5275,Acesso a Sistemas Rede Piratini,6,3,2,2024-08-21 09:49:52+00:00,2024-08-23 09:06:38+00:00,,,ACESSO A SISTEMAS > REDE > LIBERAÇÃO DE ACESSO,Entidade raiz > PIRATINI > CENTRAL DE ATENDIMENTOS > CASA MILITAR,,"pablo-guimaraes, anderson-oliveira",karine-teixeira
5162,5276,Reserva DHCP LinTV // CM - Defesa Civil // Fábio Rauber,6,3,2,2024-08-21 10:32:40+00:00,2024-08-22 12:07:45+00:00,,,DTIC > INFRAESTRUTURA,Entidade raiz > PIRATINI > CENTRAL DE ATENDIMENTOS > CASA MILITAR,,,fabio-rauber
5163,5277,Atendimento ao usuário Suporte - Gabinete Vice-Governador,6,3,2,2024-08-21 13:21:42+00:00,2024-08-22 12:30:38+00:00,,,AJUDA E SUPORTE > ATENDIMENTO AO USUÁRIO,Entidade raiz > PIRATINI > CENTRAL DE ATENDIMENTOS > GVG,,"pablo-guimaraes, jonathan-moletta",larissa-winckler
5164,5278,VPN com problema // CM - Operações // Marcelo Antunes,6,3,1,2024-08-21 13:50:01+00:00,2024-08-21 13:50:17+00:00,,,ACESSO A SISTEMAS > REDE > TÚNEL PROCERGS,Entidade raiz > PIRATINI > CENTRAL DE ATENDIMENTOS,,,
5165,5279,"Atendimento ao usuário Suporte - Av. Joaquim Porto Vila Nova, nº 101, Bairro Jardim Carvalho - Porto Alegre   ",5,3,2,2024-08-21 14:13:47+00:00,2024-12-11 10:46:40+00:00,,,DTIC > EQUIPAMENTOS > INSTALAÇÃO > IMPRESSORA,Entidade raiz > PIRATINI > CENTRAL DE ATENDIMENTOS > CASA MILITAR,,jorge-vicente,karine-teixeira
5166,5280,Atendimento ao usuário Suporte - Departamento de Gestão Documental e de Bens Materiais e Patrimoniais,6,3,2,2024-08-21 14:32:52+00:00,2024-08-23 10:36:37+00:00,,,ACESSO A SISTEMAS > SOE > FPE,Entidade raiz > PIRATINI > CENTRAL DE ATENDIMENTOS > CASA CIVIL,,pablo-guimaraes,diego-mattiello
5167,5281,INGRESSO DE SERVIDOR,6,4,2,2024-08-21 14:57:50+00:00,2024-08-21 17:12:37+00:00,,,ACESSO A SISTEMAS > REDE > LIBERAÇÃO DE ACESSO > NOVO USUÁRIO,Entidade raiz > PIRATINI > CENTRAL DE ATENDIMENTOS > CASA CIVIL > Secretaria-Executiva > Subchefia Administrativa > Departamento de Gestão de Atos e Pessoal > Divisão de Gestão de Pessoas,,"silvio-valim, pablo-guimaraes, anderson-oliveira",silvia-leopoldino
5168,5282,Acesso a Sistemas\Office 365,6,3,1,2024-08-21 16:21:37+00:00,2024-08-21 16:51:23+00:00,,,ACESSO A SISTEMAS > OFFICE 365,Entidade raiz > PIRATINI > CENTRAL DE ATENDIMENTOS > GG,Casa Civil 1005,silvio-valim,leandro-hardt
5169,5283,Atendimento ao usuário Suporte - Casa Militar - Subchefia Administrativa,6,3,2,2024-08-21 17:18:54+00:00,2024-08-23 15:31:44+00:00,,,AJUDA E SUPORTE > ATENDIMENTO AO USUÁRIO,Entidade raiz > PIRATINI > CENTRAL DE ATENDIMENTOS > CASA MILITAR,,anderson-oliveira,thiago-santos
5170,5284,Atendimento ao usuário Suporte - Gabinete - Secom,6,3,2,2024-08-21 17:36:26+00:00,2024-08-23 19:21:48+00:00,,,ACESSO A SISTEMAS > SOE > FPE,Entidade raiz > PIRATINI > CENTRAL DE ATENDIMENTOS > SECOM,,pablo-guimaraes,andre-graminho
5171,5285,Acesso a Sistemas  - GDG - LIBERAR ACESSO,6,3,2,2024-08-22 09:12:47+00:00,2024-08-22 15:00:58+00:00,,,ACESSO A SISTEMAS > SOE,Entidade raiz > PIRATINI > CENTRAL DE ATENDIMENTOS > CASA CIVIL,,"pablo-guimaraes, miguelangelo",marilia-castro
5209,5323,Acesso wi-fi Celular // CC - Subchefia do Interior // Janio Medeiros,6,3,2,2024-08-27 11:42:21+00:00,2024-08-27 11:43:19+00:00,,,DTIC > INFRAESTRUTURA > WI-FI,Entidade raiz > PIRATINI > CENTRAL DE ATENDIMENTOS > CASA CIVIL,,silvio-valim,janio-junior
5172,5286,Ajuda e Suporte \ Equipamentos,6,3,2,2024-08-22 09:18:46+00:00,2024-08-22 10:10:35+00:00,,,AJUDA E SUPORTE > ATENDIMENTO AO USUÁRIO,Entidade raiz > PIRATINI > CENTRAL DE ATENDIMENTOS > CASA CIVIL,Memorial do Ministério Público,jonathan-moletta,graca-godinho
5173,5287,Acesso a Sistemas Rede Piratini,6,3,2,2024-08-22 09:25:18+00:00,2024-09-06 08:53:57+00:00,,,ACESSO A SISTEMAS > REDE > LIBERAÇÃO DE ACESSO,Entidade raiz > PIRATINI > CENTRAL DE ATENDIMENTOS > GVG,,pablo-guimaraes,larissa-winckler
5174,5288,Acesso a Sistemas Rede Piratini,6,3,2,2024-08-22 09:32:59+00:00,2024-08-23 08:52:13+00:00,,,ACESSO A SISTEMAS > REDE > LIBERAÇÃO DE ACESSO > NOVO USUÁRIO,Entidade raiz > PIRATINI > CENTRAL DE ATENDIMENTOS > CASA CIVIL,,"pablo-guimaraes, miguelangelo, anderson-oliveira",melissa-costa
5175,5289,Atendimento ao usuário - CC -Legislativa,6,3,2,2024-08-22 10:01:50+00:00,2024-08-22 10:01:54+00:00,,,AJUDA E SUPORTE > INSTALAÇÃO DE SOFTWARE,Entidade raiz > PIRATINI > CENTRAL DE ATENDIMENTOS > CASA CIVIL,,anderson-oliveira,
5176,5290,Ajuda e Suporte \ Equipamentos,6,3,2,2024-08-22 10:17:14+00:00,2024-08-27 15:58:44+00:00,,,AJUDA E SUPORTE > MOVIMENTO DE EQUIPAMENTOS DE TI > REQUISIÇÃO,Entidade raiz > PIRATINI > CENTRAL DE ATENDIMENTOS > GG,,"anderson-oliveira, leonardo-riela",luciana-conca
5177,5291,Ajuda e Suporte /Equipamentos,6,3,2,2024-08-22 10:44:20+00:00,2024-08-26 09:15:13+00:00,,,AJUDA E SUPORTE > MOVIMENTO DE EQUIPAMENTOS DE TI > REQUISIÇÃO,Entidade raiz > PIRATINI > CENTRAL DE ATENDIMENTOS > CASA CIVIL,,anderson-oliveira,
5178,5292,Ajuda e Suporte /Equipamentos / Expointer,6,3,2,2024-08-22 11:12:21+00:00,2024-08-26 09:15:24+00:00,,,AJUDA E SUPORTE > MOVIMENTO DE EQUIPAMENTOS DE TI > REQUISIÇÃO,Entidade raiz > PIRATINI > CENTRAL DE ATENDIMENTOS > GG,,"alessandro-vieira, thales-leite, jonathan-moletta",
5179,5293,Problema de conectividade // SECOM - Redação // Jean Rangel,6,3,1,2024-08-22 12:14:46+00:00,2024-08-22 12:15:55+00:00,,,DTIC > INFRAESTRUTURA,Entidade raiz > PIRATINI > CENTRAL DE ATENDIMENTOS > SECOM,,,jean-rangel
5180,5294,IMPRESSORA,6,3,2,2024-08-22 12:15:03+00:00,2024-08-22 15:00:57+00:00,,,DTIC > EQUIPAMENTOS > MANUTENÇÃO,Entidade raiz > PIRATINI > CENTRAL DE ATENDIMENTOS > CASA MILITAR,,jorge-vicente,marilei-teloken
5181,5295,Atendimento ao usuário Suporte - SECOM,6,3,2,2024-08-22 14:25:55+00:00,2024-09-16 09:24:12+00:00,,,DTIC > INFRAESTRUTURA > PROBLEMA DE REDE,Entidade raiz > PIRATINI > CENTRAL DE ATENDIMENTOS > SECOM,,,jorge-diene
5182,5296,Acesso a Sistemas Rede Piratini,6,3,2,2024-08-22 14:49:34+00:00,2024-08-22 16:08:23+00:00,,,ACESSO A SISTEMAS > REDE > LIBERAÇÃO DE ACESSO > NOVO USUÁRIO,Entidade raiz > PIRATINI > CENTRAL DE ATENDIMENTOS > CASA MILITAR,,jorge-vicente,arlindo-oliveira
5183,5297,PROA LIBERAR ACESSO A GRUPO,6,3,2,2024-08-22 14:51:47+00:00,2024-08-26 14:15:21+00:00,,,ACESSO A SISTEMAS > SOE > PROA > ADICIONAR A GRUPO,Entidade raiz > PIRATINI > CENTRAL DE ATENDIMENTOS > CASA MILITAR,,miguelangelo,arlindo-oliveira
5184,5298,OFFICE 365 // NOVA CONTA DE EMAIL - Subchefia de Operações,6,3,2,2024-08-22 14:56:00+00:00,2024-08-22 16:08:12+00:00,,,ACESSO A SISTEMAS > OFFICE 365 > EMAIL > NOVO USUÁRIO,Entidade raiz > PIRATINI > CENTRAL DE ATENDIMENTOS > CASA MILITAR,,jorge-vicente,arlindo-oliveira
5185,5299,Acesso a Caixa Compartilhada // SECOM - Cobertura Expointer // Marcelo de Oliveira Kervalt,6,3,1,2024-08-22 15:09:58+00:00,2024-08-22 15:28:21+00:00,,,ACESSO A SISTEMAS > OFFICE 365 > EMAIL > CAIXA COMPARTILHADA,Entidade raiz > PIRATINI > CENTRAL DE ATENDIMENTOS > SECOM > Direção-Geral > Departamento de Jornalismo,,jorge-vicente,vitor-alves
5211,5325,Reset de Senha // CC - Divisão de Manutenção // Fabiano Lenhardt Alves,6,3,1,2024-08-27 14:47:29+00:00,2024-08-27 14:47:49+00:00,,,,Entidade raiz > PIRATINI > CENTRAL DE ATENDIMENTOS > CASA CIVIL,,jorge-vicente,carlos-marques
5186,5300,Acesso a Sistemas  - FPE - OUTRO,6,3,2,2024-08-22 16:24:07+00:00,2024-08-28 14:08:34+00:00,,,ACESSO A SISTEMAS > SOE > FPE,Entidade raiz > PIRATINI > CENTRAL DE ATENDIMENTOS > GVG,,pablo-guimaraes,carla-calero
5187,5301,Alterar Licença Office // CC - Sub. Parlamentar // Silvia Alves,6,3,2,2024-08-23 09:47:00+00:00,2024-08-23 10:21:42+00:00,,,ACESSO A SISTEMAS > OFFICE 365 > EMAIL > ALTERAR PLANO / LICENÇA,Entidade raiz > PIRATINI > CENTRAL DE ATENDIMENTOS > CASA CIVIL,,silvio-valim,silvia-alves
5188,5302,Acesso a Sistemas  - PROA - LIBERAR ACESSO,6,3,2,2024-08-23 10:31:53+00:00,2024-08-26 14:09:39+00:00,,,ACESSO A SISTEMAS > SOE > PROA,Entidade raiz > PIRATINI > CENTRAL DE ATENDIMENTOS > SECOM,,miguelangelo,daiane-beck
5189,5303,Instalação de Certificado Digital // CC - DPO // magali-pereira,6,3,2,2024-08-22 12:00:00+00:00,2024-08-23 10:39:27+00:00,,,AJUDA E SUPORTE > INSTALAÇÃO DE SOFTWARE,Entidade raiz > PIRATINI > CENTRAL DE ATENDIMENTOS > CASA CIVIL > Secretaria-Executiva > Subchefia Administrativa > Departamento de Planejamento Orçamento e Finanças,,pablo-guimaraes,magali-pereira
5190,5304,Acesso a Sistemas  - SPI - OUTRO,6,3,2,2024-08-23 10:43:15+00:00,2024-08-23 14:19:49+00:00,,,DTIC > SISTEMAS > CONFIGURAÇÃO DE SOFTWARE,Entidade raiz > PIRATINI > CENTRAL DE ATENDIMENTOS > CASA CIVIL,,,marilia-castro
5191,5305,Atendimento ao usuário Suporte - Damac,6,3,2,2024-08-23 12:18:50+00:00,2024-09-03 17:05:19+00:00,,,AJUDA E SUPORTE > ATENDIMENTO AO USUÁRIO,Entidade raiz > PIRATINI > CENTRAL DE ATENDIMENTOS > CASA CIVIL,,"silvio-valim, anderson-oliveira",marivete-souza
5192,5306,Atendimento ao usuário Suporte - DPO,6,3,2,2024-08-23 16:42:38+00:00,2024-08-23 17:21:09+00:00,,,AJUDA E SUPORTE > INSTALAÇÃO DE SOFTWARE,Entidade raiz > PIRATINI > CENTRAL DE ATENDIMENTOS > CASA CIVIL,,,vanessa-konrath
5193,5307,Disco D sem espaço // SECOM // André Graminho,6,3,1,2024-08-26 09:40:47+00:00,2024-08-28 11:26:24+00:00,,,DTIC > INFRAESTRUTURA,Entidade raiz > PIRATINI > CENTRAL DE ATENDIMENTOS > SECOM,,,andre-graminho
5194,5308,Disco E sem espaço // GG - Conservação e Memória // Alvaro,6,3,1,2024-08-26 09:45:22+00:00,2024-09-02 13:44:47+00:00,,,DTIC > INFRAESTRUTURA,Entidade raiz > PIRATINI > CENTRAL DE ATENDIMENTOS > GG,,,alvaro-aguiar
5195,5309,Acesso a Sistemas  - SPI - DESBLOQUEAR USUÁRIO,6,3,2,2024-08-26 10:07:10+00:00,2024-08-28 11:14:19+00:00,,,,Entidade raiz > PIRATINI > CENTRAL DE ATENDIMENTOS > CASA CIVIL,,miguelangelo,marilia-castro
5196,5310,Acesso a Sistemas  - Geral - LIBERAR ACESSO,6,3,2,2024-08-26 11:15:08+00:00,2024-08-27 14:12:35+00:00,,,ACESSO A SISTEMAS > REDE > LIBERAÇÃO DE ACESSO > NOVO USUÁRIO,Entidade raiz > PIRATINI > CENTRAL DE ATENDIMENTOS > SECOM,,"pablo-guimaraes, anderson-oliveira",cristiano-tavares
5197,5311,OUTLOOK // ADICIONAR/EXCLUIR USUÁRIO DE CAIXA COMPARTILHADA - Gabinete de Articulação aos Municípios e Prefeitos ,6,3,2,2024-08-26 11:41:12+00:00,2024-08-26 12:40:19+00:00,,,ACESSO A SISTEMAS > OFFICE 365 > EMAIL > CAIXA COMPARTILHADA,Entidade raiz > PIRATINI > CENTRAL DE ATENDIMENTOS > CASA CIVIL,,jorge-vicente,melissa-costa
5210,5324,Acessso ao compartilhamento de pastas de rede,6,3,1,2024-08-27 12:00:00+00:00,2024-08-27 12:00:00+00:00,,,AJUDA E SUPORTE,Entidade raiz > PIRATINI > CENTRAL DE ATENDIMENTOS > GVG,,edson-silva,"edson-silva, angela-oetinger"
5198,5312,MANCHAS NA IMPRESSÃO - Redação do Palácio Piratini,6,3,1,2024-08-26 14:22:52+00:00,2024-08-29 13:52:03+00:00,,,DTIC > EQUIPAMENTOS > MANUTENÇÃO,Entidade raiz > PIRATINI > CENTRAL DE ATENDIMENTOS > SECOM,,jorge-vicente,cristiano-tavares
5199,5313,Acesso a Sistemas  - SOE Web - LIBERAR ACESSO,6,3,2,2024-08-26 16:21:24+00:00,2024-08-27 17:52:08+00:00,,,ACESSO A SISTEMAS > REDE > LIBERAÇÃO DE ACESSO > NOVO USUÁRIO,Entidade raiz > PIRATINI > CENTRAL DE ATENDIMENTOS > CASA CIVIL,,"silvio-valim, pablo-guimaraes, miguelangelo, anderson-oliveira",francisco-barros
5200,5314,Ajuda e Suporte / Atendimento ao Usuário - Solicitação de cabo HDMI,6,3,2,2024-08-26 16:21:11+00:00,2024-08-26 16:51:31+00:00,,,DTIC > EQUIPAMENTOS,Entidade raiz > PIRATINI > CENTRAL DE ATENDIMENTOS > GG,,"thales-leite, leonardo-riela",luciana-ghiggi
5201,5315,Atendimento ao usuário Suporte - CAFF,6,3,2,2024-08-26 16:27:19+00:00,2024-08-27 12:37:29+00:00,,,ACESSO A SISTEMAS > REDE > LIBERAÇÃO DE ACESSO > NOVO USUÁRIO,Entidade raiz > PIRATINI > CENTRAL DE ATENDIMENTOS > CASA CIVIL,,"silvio-valim, pablo-guimaraes, anderson-oliveira",clarissa-avila
5202,5316,Atendimento ao usuário Suporte - 4°pavimento,6,3,2,2024-08-26 16:56:24+00:00,2024-09-17 17:19:01+00:00,,,DTIC > INFRAESTRUTURA > OUTROS,Entidade raiz > PIRATINI > CENTRAL DE ATENDIMENTOS > GG,,,bruno-rien
5203,5317,Atendimento ao usuário Suporte - Gabinete do Governador,6,3,2,2024-08-26 17:13:42+00:00,2024-08-26 17:25:07+00:00,,,AJUDA E SUPORTE > ATENDIMENTO AO USUÁRIO,Entidade raiz > PIRATINI > CENTRAL DE ATENDIMENTOS > GG,,,luciana-ghiggi
5204,5318,Acesso a Sistemas  - FPE - LIBERAR ACESSO,6,3,2,2024-08-27 09:29:24+00:00,2024-08-27 17:48:19+00:00,,,ACESSO A SISTEMAS > SOE > FPE,Entidade raiz > PIRATINI > CENTRAL DE ATENDIMENTOS > SECOM,,pablo-guimaraes,cristiano-tavares
5205,5319,Acesso a Sistemas Rede Piratini,6,3,2,2024-08-27 09:53:54+00:00,2024-09-04 14:45:28+00:00,,,ACESSO A SISTEMAS > REDE > LIBERAÇÃO DE ACESSO,Entidade raiz > PIRATINI > CENTRAL DE ATENDIMENTOS > CASA MILITAR,,"silvio-valim, pablo-guimaraes, anderson-oliveira",karine-teixeira
5206,5320,OFFICE 365 // NOVA CONTA DE EMAIL - General Andrades Neves 106,6,3,2,2024-08-27 09:58:21+00:00,2024-09-03 16:17:09+00:00,,,ACESSO A SISTEMAS > OFFICE 365 > EMAIL > NOVO USUÁRIO,Entidade raiz > PIRATINI > CENTRAL DE ATENDIMENTOS > CASA MILITAR,,anderson-oliveira,karine-teixeira
5207,5321,PROA LIBERAR ACESSO A GRUPO,6,3,2,2024-08-27 10:21:20+00:00,2024-08-27 14:11:30+00:00,,,ACESSO A SISTEMAS > SOE > PROA > ADICIONAR A GRUPO,Entidade raiz > PIRATINI > CENTRAL DE ATENDIMENTOS > SECOM,,"pablo-guimaraes, anderson-oliveira",cristiano-tavares
5212,5326,Atendimento ao usuário Suporte - Gabiente da SECOM - Servidora Giulia ,6,3,2,2024-08-27 16:06:48+00:00,2024-08-28 08:55:10+00:00,,,AJUDA E SUPORTE > ATENDIMENTO AO USUÁRIO,Entidade raiz > PIRATINI > CENTRAL DE ATENDIMENTOS > SECOM,,,cristiano-tavares
5213,5327,OUTLOOK // ADICIONAR/EXCLUIR USUÁRIO DE CAIXA COMPARTILHADA - ouvidoria-geral casa civil,6,3,2,2024-08-27 16:57:28+00:00,2024-08-27 17:27:45+00:00,,,ACESSO A SISTEMAS > OFFICE 365 > EMAIL > CAIXA COMPARTILHADA,Entidade raiz > PIRATINI > CENTRAL DE ATENDIMENTOS > CASA CIVIL,CAFF,anderson-oliveira,carolina-vendruscolo
5214,5328,Atendimento ao usuário Suporte - RS Seguro- Gabinete do Governador ,6,3,2,2024-08-28 08:58:59+00:00,2024-08-28 09:02:24+00:00,,,ACESSO A SISTEMAS > REDE > RESET DE SENHA,Entidade raiz > PIRATINI > CENTRAL DE ATENDIMENTOS > GVG,,anderson-oliveira,carla-cardoso
5215,5329,Acesso a Sistemas  - Geral - LIBERAR ACESSO,6,3,2,2024-08-28 09:22:29+00:00,2024-08-28 09:29:15+00:00,,,,Entidade raiz > PIRATINI > CENTRAL DE ATENDIMENTOS > CASA MILITAR,,,lucas-fagundes
5216,5330,OFFICE 365 // NOVA CONTA DE EMAIL - General Andrades Neves 106,6,3,2,2024-08-28 09:43:45+00:00,2024-09-03 16:18:33+00:00,,,ACESSO A SISTEMAS > OFFICE 365 > EMAIL > NOVO USUÁRIO,Entidade raiz > PIRATINI > CENTRAL DE ATENDIMENTOS > CASA MILITAR,,"silvio-valim, anderson-oliveira",karine-teixeira
5217,5331,OFFICE 365 // NOVA CONTA DE EMAIL - General Andrades Neves 106,6,3,2,2024-08-28 09:45:15+00:00,2024-09-03 16:19:06+00:00,,,ACESSO A SISTEMAS > OFFICE 365 > EMAIL > NOVO USUÁRIO,Entidade raiz > PIRATINI > CENTRAL DE ATENDIMENTOS > CASA MILITAR,,"silvio-valim, anderson-oliveira",karine-teixeira
5218,5332,OFFICE 365 // NOVA CONTA DE EMAIL - General Andrades Neves 106,6,3,2,2024-08-28 09:45:46+00:00,2024-09-03 16:19:34+00:00,,,ACESSO A SISTEMAS > OFFICE 365 > EMAIL > NOVO USUÁRIO,Entidade raiz > PIRATINI > CENTRAL DE ATENDIMENTOS > CASA MILITAR,,"silvio-valim, anderson-oliveira",karine-teixeira
5219,5333,Acesso a Sistemas  - GDG - DESBLOQUEAR USUÁRIO,6,3,2,2024-08-28 10:32:16+00:00,2024-08-28 10:59:14+00:00,,,ACESSO A SISTEMAS > SOE,Entidade raiz > PIRATINI > CENTRAL DE ATENDIMENTOS > GG,,miguelangelo,luciana-ghiggi
5220,5334,Ajuda e Suporte \ Atendimento ao usuário,6,3,2,2024-08-28 10:41:12+00:00,2024-08-28 10:41:24+00:00,,,AJUDA E SUPORTE > INSTALAÇÃO DE SOFTWARE,Entidade raiz > PIRATINI > CENTRAL DE ATENDIMENTOS > CASA CIVIL,R. Duque de Caxias 951 (Banrisul),anderson-oliveira,janice-barbosa
5221,5335,Atendimento ao usuário Suporte - Departamento de Gestão Documental e de Bens Materiais e Patrimoniais,6,3,2,2024-08-28 10:58:27+00:00,2024-08-28 14:51:14+00:00,,,ACESSO A SISTEMAS > SOE > PROA > ADICIONAR A GRUPO,Entidade raiz > PIRATINI > CENTRAL DE ATENDIMENTOS > CASA CIVIL,R. Duque de Caxias 951 (Banrisul),miguelangelo,diego-mattiello
5222,5336,Atendimento ao usuário Suporte - SECOM,6,3,2,2024-08-28 11:45:46+00:00,2024-09-16 09:24:31+00:00,,,DTIC > INFRAESTRUTURA > PROBLEMA DE REDE,Entidade raiz > PIRATINI > CENTRAL DE ATENDIMENTOS > SECOM,,,paulo-cesar
5223,5337,OFFICE 365 // ASSESSORIA ESPECÍFICA  - Apoio Logístico,6,3,2,2024-08-28 12:36:09+00:00,2024-08-29 14:04:47+00:00,,,AJUDA E SUPORTE > ATENDIMENTO AO USUÁRIO,Entidade raiz > PIRATINI > CENTRAL DE ATENDIMENTOS > SECOM,,anderson-oliveira,cristiano-tavares
5224,5338,Atendimento ao usuário Suporte - DAMAC,6,3,2,2024-08-28 16:32:42+00:00,2024-08-28 16:34:21+00:00,,,AJUDA E SUPORTE > ATENDIMENTO AO USUÁRIO,Entidade raiz > PIRATINI > CENTRAL DE ATENDIMENTOS > CASA CIVIL,,,nelci-bock
5225,5339,Solicitação de Equipamentos // CM - Defesa Civil // Mini Switch,6,3,1,2024-08-22 13:38:00+00:00,2024-08-29 11:21:36+00:00,,,AJUDA E SUPORTE > MOVIMENTO DE EQUIPAMENTOS DE TI > EMPRESTIMO,Entidade raiz > PIRATINI > CENTRAL DE ATENDIMENTOS > CASA MILITAR,Palácio do Piratini,"jorge-vicente, thales-leite",angelo-rosa
5226,5340,Solicitação de disco de rede // GG - Conservação e Memória // Mateus Gomes,6,3,2,2024-08-29 10:26:59+00:00,2024-09-02 15:43:29+00:00,,,DTIC > INFRAESTRUTURA,Entidade raiz > PIRATINI > CENTRAL DE ATENDIMENTOS > GG,,,"alexandre-almoarqueg, mateus-gomes, alvaro-aguiar"
5227,5341,Ajuda e Suporte \ Equipamentos,6,3,2,2024-08-29 11:10:09+00:00,2024-08-29 11:14:08+00:00,,,DTIC > EQUIPAMENTOS > CONFIGURAÇÃO,Entidade raiz > PIRATINI > CENTRAL DE ATENDIMENTOS > CASA CIVIL,R. Duque de Caxias 951 (Banrisul),anderson-oliveira,magda-bueno
5228,5342,Atendimento ao usuário Suporte - damac,6,3,2,2024-08-29 11:26:58+00:00,2024-08-29 14:03:52+00:00,,,ACESSO A SISTEMAS > OFFICE 365 > EMAIL > ALTERAR PLANO / LICENÇA,Entidade raiz > PIRATINI > CENTRAL DE ATENDIMENTOS > CASA CIVIL,,anderson-oliveira,janio-junior
5229,5343,MANCHAS NA IMPRESSÃO - Ouvidoria Geral do Estado no CAFF andar térreo ala norte,6,3,1,2024-08-29 11:45:04+00:00,2024-09-03 10:03:55+00:00,,,DTIC > EQUIPAMENTOS > MANUTENÇÃO,Entidade raiz > PIRATINI > CENTRAL DE ATENDIMENTOS > CASA CIVIL,,jorge-vicente,marcio-proszek
5230,5344,Atendimento ao usuário Suporte - salão de verão,6,3,2,2024-08-29 14:23:42+00:00,2024-08-30 10:25:00+00:00,,,DTIC > INFRAESTRUTURA > PROBLEMA DE REDE,Entidade raiz > PIRATINI > CENTRAL DE ATENDIMENTOS > GG,,,bruno-rien
5231,5345,Acesso a Sistemas  - FPE - OUTRO,6,3,2,2024-08-29 16:56:23+00:00,2024-08-30 15:30:27+00:00,,,ACESSO A SISTEMAS > SOE > FPE,Entidade raiz > PIRATINI > CENTRAL DE ATENDIMENTOS > CASA CIVIL,,pablo-guimaraes,yasmine-freitas
5232,5346,Acesso a Sistemas\Reset de Senha de Rede,6,3,2,2024-08-30 09:11:57+00:00,2024-08-30 10:15:43+00:00,,,ACESSO A SISTEMAS > REDE > RESET DE SENHA,Entidade raiz > PIRATINI > CENTRAL DE ATENDIMENTOS > CASA CIVIL,,anderson-oliveira,juliana-lima
5233,5347,Ajuda e Suporte \ Equipamentos,6,3,2,2024-08-30 10:03:06+00:00,2024-08-30 15:08:35+00:00,,,AJUDA E SUPORTE > MOVIMENTO DE EQUIPAMENTOS DE TI > REQUISIÇÃO,Entidade raiz > PIRATINI > CENTRAL DE ATENDIMENTOS > CASA CIVIL,R. Duque de Caxias 951 (Banrisul),"anderson-oliveira, luciano-silva",clarissa-avila
5234,5348,OFFICE 365 // ASSESSORIA ESPECÍFICA  - Defesa Civil Estadual,6,3,2,2024-08-30 10:53:26+00:00,2024-08-30 15:32:40+00:00,,,AJUDA E SUPORTE > INSTALAÇÃO DE SOFTWARE,Entidade raiz > PIRATINI > CENTRAL DE ATENDIMENTOS > CASA MILITAR,,,stefano-boeira
5235,5349,IMPRESSORA,6,3,2,2024-08-30 11:19:19+00:00,2024-09-26 14:07:50+00:00,,,IMPRESSORA,Entidade raiz > PIRATINI > CENTRAL DE ATENDIMENTOS > CASA MILITAR,,jorge-vicente,fabiane-moraes
5236,5350,Retirada de cabos 2° Andar 1005 // CC - DTIC // Lucas Sergio,6,3,2,2024-08-30 15:14:31+00:00,2024-08-30 15:14:39+00:00,,,DTIC > INFRAESTRUTURA,Entidade raiz > PIRATINI > CENTRAL DE ATENDIMENTOS,,,
5237,5351,Ativação de links 1005 1° andar // CC - DTIC // Lucas Sergio,6,3,1,2024-08-30 15:15:39+00:00,2024-08-30 15:15:55+00:00,,,DTIC > INFRAESTRUTURA,Entidade raiz > PIRATINI > CENTRAL DE ATENDIMENTOS,,,
5238,5352,Acesso a Sistemas Rede Piratini,6,3,2,2024-09-02 08:42:52+00:00,2024-09-02 08:44:26+00:00,,,ACESSO A SISTEMAS > REDE > RESET DE SENHA,Entidade raiz > PIRATINI > CENTRAL DE ATENDIMENTOS > GVG,Edifício Guaíba,anderson-oliveira,larissa-winckler
5239,5353,Acesso caixa compartilhada // CC - DRH // Regina Fraga,6,3,2,2024-09-02 09:39:06+00:00,2024-09-02 14:07:29+00:00,,,ACESSO A SISTEMAS > OFFICE 365 > EMAIL > CAIXA COMPARTILHADA,Entidade raiz > PIRATINI > CENTRAL DE ATENDIMENTOS > CASA CIVIL,,silvio-valim,regina-fraga
5240,5354,Acesso a Sistemas  - Geral - LIBERAR ACESSO,6,3,2,2024-09-02 09:40:47+00:00,2024-09-03 17:01:54+00:00,,,,Entidade raiz > PIRATINI > CENTRAL DE ATENDIMENTOS > CASA MILITAR,,anderson-oliveira,lucas-fagundes
5241,5355,Atendimento ao usuário Suporte - Gabiente da SECOM no Tribuno,6,3,2,2024-09-02 09:41:53+00:00,2024-09-03 16:14:00+00:00,,,AJUDA E SUPORTE > ATENDIMENTO AO USUÁRIO,Entidade raiz > PIRATINI > CENTRAL DE ATENDIMENTOS > SECOM,,"anderson-oliveira, jonathan-moletta",cristiano-tavares
5242,5356,Atendimento ao usuário Suporte - CASA MILITAR - OPERAÇÕES,6,3,2,2024-09-02 09:50:07+00:00,2024-09-02 11:28:07+00:00,,,AJUDA E SUPORTE > ATENDIMENTO AO USUÁRIO,Entidade raiz > PIRATINI > CENTRAL DE ATENDIMENTOS > CASA MILITAR,,jonathan-moletta,maicon-oliveira
5243,5357,Acesso a Sistemas Rede Piratini,6,3,2,2024-09-02 10:12:11+00:00,2024-09-02 10:19:05+00:00,,,ACESSO A SISTEMAS > REDE > RESET DE SENHA,Entidade raiz > PIRATINI > CENTRAL DE ATENDIMENTOS > GVG,,,larissa-winckler
5244,5358,"INCIDENTE  - Ouvidoria Geral do Estado, localizada no CAFF Centro Administrativo Fernando Ferrari",6,3,2,2024-09-02 10:29:25+00:00,2024-09-03 16:13:01+00:00,,,DTIC > INFRAESTRUTURA > OUTROS,Entidade raiz > PIRATINI > CENTRAL DE ATENDIMENTOS > CASA CIVIL,,leonardo-riela,marcio-proszek
5245,5359,Atendimento ao usuário Suporte - DAMAC,6,3,2,2024-09-02 10:38:32+00:00,2024-09-02 14:07:50+00:00,,,AJUDA E SUPORTE > ATENDIMENTO AO USUÁRIO,Entidade raiz > PIRATINI > CENTRAL DE ATENDIMENTOS > CASA CIVIL,,,rose-santos
5271,5385,Infraestrutura - Novo Ponto de Rede,6,3,2,2024-09-02 15:00:00+00:00,2024-09-04 14:52:40+00:00,,,DTIC > INFRAESTRUTURA > NOVO PONTO DE REDE,Entidade raiz > PIRATINI > CENTRAL DE ATENDIMENTOS > CASA CIVIL,,anderson-oliveira,felipe-doyle
5246,5360,Acesso a Sistemas Rede Piratini,6,3,2,2024-09-02 10:54:40+00:00,2024-09-02 16:29:02+00:00,,,ACESSO A SISTEMAS > REDE > LIBERAÇÃO DE ACESSO,Entidade raiz > PIRATINI > CENTRAL DE ATENDIMENTOS > GVG,,anderson-oliveira,larissa-winckler
5247,5361,Acesso a Sistemas  - FPE - OUTRO,6,3,2,2024-09-02 11:12:07+00:00,2024-09-04 08:43:28+00:00,,,ACESSO A SISTEMAS > SOE > FPE,Entidade raiz > PIRATINI > CENTRAL DE ATENDIMENTOS > CASA MILITAR,,pablo-guimaraes,debora-silva
5248,5362,Atendimento ao usuário Suporte - Casa Militar,6,3,2,2024-09-02 11:13:55+00:00,2024-09-05 08:55:55+00:00,,,AJUDA E SUPORTE > ATENDIMENTO AO USUÁRIO,Entidade raiz > PIRATINI > CENTRAL DE ATENDIMENTOS > CASA MILITAR,,,debora-silva
5249,5363,OUTLOOK // ADICIONAR/EXCLUIR USUÁRIO DE CAIXA COMPARTILHADA - SECOM,6,3,2,2024-09-02 11:48:29+00:00,2024-09-04 09:00:47+00:00,,,ACESSO A SISTEMAS > OFFICE 365 > EMAIL > CAIXA COMPARTILHADA,Entidade raiz > PIRATINI > CENTRAL DE ATENDIMENTOS > SECOM,,silvio-valim,jean-rangel
5250,5364,Atendimento ao usuário Suporte - Secretaria da Casa Civil - 951,6,3,2,2024-09-02 11:51:31+00:00,2024-09-02 12:33:23+00:00,,,AJUDA E SUPORTE > ATENDIMENTO AO USUÁRIO,Entidade raiz > PIRATINI > CENTRAL DE ATENDIMENTOS > CASA CIVIL,,anderson-oliveira,
5251,5365,Desinstalação de Impressora // CM - Expointer (Casa de Apoio) // HP E57540c,6,3,1,2024-09-02 12:08:06+00:00,2024-09-02 12:08:40+00:00,,,IMPRESSORA,Entidade raiz > PIRATINI > CENTRAL DE ATENDIMENTOS > CASA MILITAR,,jorge-vicente,fabiane-moraes
5252,5366,Instalação de Impressora // GG - Expointer (Casa Branca) // HP E77830z,6,3,1,2024-09-02 12:11:43+00:00,2024-09-02 12:14:27+00:00,,,IMPRESSORA,Entidade raiz > PIRATINI > CENTRAL DE ATENDIMENTOS,,jorge-vicente,
5253,5367,Instalação de Impressora // GG - Expointer (Casa Branca) // HP E57540c,6,3,1,2024-09-02 12:17:02+00:00,2024-09-02 12:19:32+00:00,,,IMPRESSORA,Entidade raiz > PIRATINI > CENTRAL DE ATENDIMENTOS > GG,,"silvio-valim, pablo-guimaraes, jorge-vicente, anderson-oliveira",
5254,5368,Desinstalação de Impressora // GG - Expointer (Casa Branca) // HP E77830z,6,3,1,2024-09-02 12:23:26+00:00,2024-09-02 12:24:56+00:00,,,IMPRESSORA,Entidade raiz > PIRATINI > CENTRAL DE ATENDIMENTOS > CASA CIVIL,,jorge-vicente,
5255,5369,Desinstalação de Impressora // GG - Expointer (Casa Branca) // HP E57540c,6,3,1,2024-09-02 12:26:55+00:00,2024-09-02 12:27:43+00:00,,,IMPRESSORA,Entidade raiz > PIRATINI > CENTRAL DE ATENDIMENTOS > GG,,jorge-vicente,
5256,5370,Configuração GPO novo disco // GG - Conservação e Memória // Lucas Sergio,6,3,2,2024-09-02 13:45:56+00:00,2024-09-02 13:46:31+00:00,,,DTIC > INFRAESTRUTURA,Entidade raiz > PIRATINI > CENTRAL DE ATENDIMENTOS > GG,,,mateus-gomes
5257,5371,PROA LIBERAR ACESSO A GRUPO,6,3,2,2024-09-02 14:46:55+00:00,2024-09-02 15:04:39+00:00,,,ACESSO A SISTEMAS > SOE > PROA > ADICIONAR A GRUPO,Entidade raiz > PIRATINI > CENTRAL DE ATENDIMENTOS > GVG,,anderson-oliveira,larissa-winckler
5258,5372,Não abre site de Pautas ALRS // CC - Sub Parlamentar // Silvia Alves,6,3,2,2024-09-02 15:44:18+00:00,2024-09-02 15:44:42+00:00,,,AJUDA E SUPORTE > ATENDIMENTO AO USUÁRIO,Entidade raiz > PIRATINI > CENTRAL DE ATENDIMENTOS > CASA CIVIL,,silvio-valim,silvia-alves
5272,5386,Atendimento ao usuário Suporte - 951,6,3,2,2024-09-04 10:21:03+00:00,2024-09-26 09:06:43+00:00,,,AJUDA E SUPORTE > MOVIMENTO DE EQUIPAMENTOS DE TI > REQUISIÇÃO,Entidade raiz > PIRATINI > CENTRAL DE ATENDIMENTOS > CASA CIVIL,R. Duque de Caxias 951 (Banrisul),"silvio-valim, anderson-oliveira",clarissa-avila
5259,5373,Acesso a Sistemas  - Geral - LIBERAR ACESSO,6,3,2,2024-09-03 08:39:20+00:00,2024-09-03 09:45:31+00:00,,,AJUDA E SUPORTE > ATENDIMENTO AO USUÁRIO,Entidade raiz > PIRATINI > CENTRAL DE ATENDIMENTOS > CASA MILITAR,,anderson-oliveira,lucas-fagundes
5260,5374,Inclusão de Nova Classe FPE // CC - DPO // Equipe DPO,6,3,2,2024-09-02 12:00:00+00:00,2024-09-03 09:42:41+00:00,,,ACESSO A SISTEMAS > SOE > FPE,Entidade raiz > PIRATINI > CENTRAL DE ATENDIMENTOS > CASA CIVIL > Secretaria-Executiva > Subchefia Administrativa > Departamento de Planejamento Orçamento e Finanças,,pablo-guimaraes,rita-muller
5261,5375,Inclusão de Nova Classe FPE // GVG // carla-calero,6,3,2,2024-09-02 12:00:00+00:00,2024-09-04 08:33:25+00:00,,,ACESSO A SISTEMAS > SOE > FPE,Entidade raiz > PIRATINI > CENTRAL DE ATENDIMENTOS > GVG > Direção-Geral,,pablo-guimaraes,carla-calero
5262,5376,Acesso a Sistemas  - Geral - LIBERAR ACESSO,6,3,2,2024-09-03 10:04:46+00:00,2024-09-06 08:43:42+00:00,,,,Entidade raiz > PIRATINI > CENTRAL DE ATENDIMENTOS > CASA MILITAR,,,lucas-fagundes
5263,5377,Acesso a Sistemas  - RHE - OUTRO,6,3,2,2024-09-03 14:13:16+00:00,2024-09-03 16:49:49+00:00,,,AJUDA E SUPORTE > ATENDIMENTO AO USUÁRIO,Entidade raiz > PIRATINI > CENTRAL DE ATENDIMENTOS > CASA CIVIL,,anderson-oliveira,maristela-kaminski
5264,5378,Inclusão de Classe FPE // SECOM // leonardo-dangel,6,3,2,2024-09-03 12:00:00+00:00,2024-09-04 08:32:00+00:00,,,ACESSO A SISTEMAS > SOE > FPE,Entidade raiz > PIRATINI > CENTRAL DE ATENDIMENTOS > SECOM,,pablo-guimaraes,leonardo-dangel
5265,5379,IMPRESSORA NÃO INSTALADA NA MAQUINA - Gabinete da Secom - Tribuno,6,3,2,2024-09-03 14:43:10+00:00,2024-09-03 16:08:07+00:00,,,DTIC > EQUIPAMENTOS > CONFIGURAÇÃO,Entidade raiz > PIRATINI > CENTRAL DE ATENDIMENTOS > SECOM,,anderson-oliveira,andre-graminho
5266,5380,Acesso a Sistemas  - Túnel PROCERGS - LIBERAR ACESSO,6,3,2,2024-09-03 14:47:13+00:00,2024-09-03 15:08:09+00:00,,,ACESSO A SISTEMAS > TÚNEL PROCERGS,Entidade raiz > PIRATINI > CENTRAL DE ATENDIMENTOS > CASA CIVIL,,jorge-vicente,francisco-barros
5267,5381,Computador Pessoal acessar a rede cabeada,6,3,1,2024-09-03 15:25:57+00:00,2024-09-03 16:09:20+00:00,,,AJUDA E SUPORTE > ATENDIMENTO AO USUÁRIO,Entidade raiz > PIRATINI > CENTRAL DE ATENDIMENTOS > CASA MILITAR,,anderson-oliveira,felipe-stangherlin
5268,5382,Atendimento ao usuário Suporte - Gabinete do Vice-Governador - Edifício Guaíba ,6,3,2,2024-09-03 16:38:20+00:00,2024-09-05 10:23:23+00:00,,,DTIC > EQUIPAMENTOS > CONFIGURAÇÃO,Entidade raiz > PIRATINI > CENTRAL DE ATENDIMENTOS > GVG,,alessandro-vieira,flavia-silva
5269,5383,Atendimento ao usuário Suporte - Conservação e Memória,5,3,2,2024-09-03 17:02:42+00:00,2025-02-12 14:12:10+00:00,,,DTIC > INFRAESTRUTURA > PROJETOS,Entidade raiz > PIRATINI > CENTRAL DE ATENDIMENTOS > GG,,,bruno-rien
5270,5384,Atendimento ao usuário Suporte - CAFF/ASTEC-GG,6,3,2,2024-09-03 17:09:27+00:00,2024-09-11 11:45:23+00:00,,,AJUDA E SUPORTE > INSTALAÇÃO DE SOFTWARE,Entidade raiz > PIRATINI > CENTRAL DE ATENDIMENTOS > GG,,pablo-guimaraes,adriweli-lima
5273,5387,Acesso a Sistemas Rede Piratini,6,3,2,2024-09-04 10:57:20+00:00,2024-09-04 11:09:06+00:00,,,ACESSO A SISTEMAS > REDE > RESET DE SENHA,Entidade raiz > PIRATINI > CENTRAL DE ATENDIMENTOS > SECOM,,anderson-oliveira,andre-graminho
5274,5388,Acesso a Sistemas  - SPI - OUTRO,6,3,2,2024-09-04 11:19:35+00:00,2024-09-04 12:36:11+00:00,,,AJUDA E SUPORTE > INSTALAÇÃO DE SOFTWARE,Entidade raiz > PIRATINI > CENTRAL DE ATENDIMENTOS > CASA CIVIL,,,maristela-kaminski
5275,5389,Excluir Contas Office // CC - DTIC // Wagner Chaves,6,3,2,2024-09-04 13:55:36+00:00,2024-09-04 13:56:01+00:00,,,ACESSO A SISTEMAS > OFFICE 365 > EMAIL > EXCLUSÃO,Entidade raiz > PIRATINI > CENTRAL DE ATENDIMENTOS,,silvio-valim,
5276,5390,Configurar Túnel Procergs Notebook // CC - DAP // Laura Millani,6,3,2,2024-09-04 15:37:13+00:00,2024-09-05 08:52:49+00:00,,,DTIC > SISTEMAS > CONFIGURAÇÃO DE SOFTWARE,Entidade raiz > PIRATINI > CENTRAL DE ATENDIMENTOS > CASA CIVIL,,,francisco-barros
5277,5391,Resetar MFA Outlook // CC - DINFO // Cristiane Dias,6,3,1,2024-09-04 15:46:06+00:00,2024-09-05 08:53:20+00:00,,,ACESSO A SISTEMAS > OFFICE 365 > EMAIL > ATUALIZAR DADOS,Entidade raiz > PIRATINI > CENTRAL DE ATENDIMENTOS > CASA CIVIL,,silvio-valim,cristiane-dias
5278,5392,Acesso a Sistemas  - GDG - LIBERAR ACESSO,6,3,2,2024-09-04 15:55:49+00:00,2024-09-05 10:20:25+00:00,,,ACESSO A SISTEMAS > SOE,Entidade raiz > PIRATINI > CENTRAL DE ATENDIMENTOS > GG,,miguelangelo,jovana-fonseca
5279,5393,Atendimento ao usuário Suporte - 21º - Gabinete do Vice-Governador - CAFF,6,3,2,2024-09-04 16:01:51+00:00,2024-09-27 15:44:58+00:00,,,DTIC > EQUIPAMENTOS > RECOLHIMENTO,Entidade raiz > PIRATINI > CENTRAL DE ATENDIMENTOS > CASA CIVIL,,"pablo-guimaraes, edson-silva, alessandro-vieira, anderson-oliveira, thales-leite",flavia-silva
5280,5394,Acesso a Sistemas  - SOE Web - OUTRO,6,3,2,2024-09-04 17:17:50+00:00,2024-09-05 16:09:16+00:00,,,ACESSO A SISTEMAS > SOE,Entidade raiz > PIRATINI > CENTRAL DE ATENDIMENTOS > CASA MILITAR,,pablo-guimaraes,paulo-vogt
5281,5395,IMPRESSORA MENSAGEM DE ERRO - Gabinete da Secom - Tribuno,6,3,1,2024-09-05 09:30:51+00:00,2024-09-05 10:57:41+00:00,,,DTIC > EQUIPAMENTOS > MANUTENÇÃO,Entidade raiz > PIRATINI > CENTRAL DE ATENDIMENTOS > SECOM,,jorge-vicente,andre-graminho
5282,5396,Atendimento ao usuário Suporte - Ala residencial ,6,3,2,2024-09-05 09:38:47+00:00,2024-09-05 11:08:14+00:00,,,AJUDA E SUPORTE > ATENDIMENTO AO USUÁRIO,Entidade raiz > PIRATINI > CENTRAL DE ATENDIMENTOS > CASA MILITAR,,leonardo-riela,camila-beck
5283,5397,Atendimento ao usuário Suporte - duque 951,6,3,2,2024-09-05 10:05:30+00:00,2024-09-05 13:51:09+00:00,,,ACESSO A SISTEMAS > REDE > LIBERAÇÃO DE ACESSO,Entidade raiz > PIRATINI > CENTRAL DE ATENDIMENTOS > CASA CIVIL,,anderson-oliveira,giovana-rodrigues
5284,5398,Atendimento ao usuário Suporte - GABINETE DO GOVERNADOR - 3 ANDAR Departamento de Gestão e Documentação do Gabinete do Governador,6,3,2,2024-09-05 10:34:36+00:00,2024-09-30 14:28:07+00:00,,,DTIC > EQUIPAMENTOS > RECOLHIMENTO,Entidade raiz > PIRATINI > CENTRAL DE ATENDIMENTOS > GG,,"alessandro-vieira, anderson-oliveira, thales-leite",jovana-fonseca
5295,5409,Ajuda e Suporte/ Equipamentos,6,3,2,2024-09-06 10:15:37+00:00,2024-09-26 09:02:34+00:00,,,AJUDA E SUPORTE > MOVIMENTO DE EQUIPAMENTOS DE TI > REQUISIÇÃO,Entidade raiz > PIRATINI,Maua 1050,anderson-oliveira,"jorge-sari, diego-mattiello"
5296,5410,Desligar Máquinas // CC - DRH // Regina Fraga,6,3,2,2024-09-06 10:23:29+00:00,2024-09-06 10:23:44+00:00,,,AJUDA E SUPORTE > INSTALAÇÃO DE EQUIPAMENTOS,Entidade raiz > PIRATINI > CENTRAL DE ATENDIMENTOS > CASA CIVIL,,silvio-valim,regina-fraga
5285,5399,PROA LIBERAR ACESSO A GRUPO,6,3,2,2024-09-05 11:06:28+00:00,2024-09-05 15:15:43+00:00,,,ACESSO A SISTEMAS > SOE > PROA > ADICIONAR A GRUPO,Entidade raiz > PIRATINI > CENTRAL DE ATENDIMENTOS > SECOM,,miguelangelo,cristiano-tavares
5286,5400,Acesso a Sistemas Rede Piratini,6,3,2,2024-09-05 12:42:37+00:00,2024-09-05 13:29:38+00:00,,,ACESSO A SISTEMAS > REDE > LIBERAÇÃO DE ACESSO,Entidade raiz > PIRATINI > CENTRAL DE ATENDIMENTOS > GVG,,jorge-vicente,carla-calero
5287,5401,Acesso a Sistemas  - GCE - DESBLOQUEAR USUÁRIO,6,3,2,2024-09-05 14:50:14+00:00,2024-09-05 15:12:26+00:00,,,ACESSO A SISTEMAS > SOE,Entidade raiz > PIRATINI > CENTRAL DE ATENDIMENTOS > CASA CIVIL,R. Duque de Caxias 951 (Banrisul),miguelangelo,mario-fleck
5288,5402,REMOÇÃO DE ACESSO //RH,6,3,2,2024-09-05 16:35:11+00:00,2024-09-06 10:13:52+00:00,,,DTIC > SISTEMAS > REMOÇÃO DE ACESSO SISTEMA,Entidade raiz > PIRATINI > CENTRAL DE ATENDIMENTOS > CASA CIVIL,Casa Civil 1005,"silvio-valim, pablo-guimaraes, anderson-oliveira",carlos-duarte
5289,5403,Atendimento ao usuário Suporte - Duque de Caxias 951,6,3,2,2024-09-05 17:17:37+00:00,2024-09-09 16:13:17+00:00,,,AJUDA E SUPORTE > INSTALAÇÃO DE EQUIPAMENTOS,Entidade raiz > PIRATINI,,"alessandro-vieira, anderson-oliveira, luciano-silva",jorge-sari
5290,5404,INCIDENTE  - Subchefia de Operações,6,3,2,2024-09-06 08:57:21+00:00,2024-09-09 09:02:09+00:00,,,DTIC > INFRAESTRUTURA > OUTROS,Entidade raiz > PIRATINI > CENTRAL DE ATENDIMENTOS > CASA MILITAR,,edson-silva,arlindo-oliveira
5291,5405,Atendimento ao usuário Suporte - Subchefia de Operações,6,3,2,2024-09-06 08:58:58+00:00,2024-09-06 15:04:29+00:00,,,AJUDA E SUPORTE > ATENDIMENTO AO USUÁRIO,Entidade raiz > PIRATINI > CENTRAL DE ATENDIMENTOS > CASA MILITAR,,edson-silva,arlindo-oliveira
5292,5406,Acesso a Sistemas  - Geral - LIBERAR ACESSO,5,3,2,2024-09-06 09:03:00+00:00,2024-10-03 17:06:51+00:00,,,DTIC > EQUIPAMENTOS > CONFIGURAÇÃO,Entidade raiz > PIRATINI > CENTRAL DE ATENDIMENTOS > CASA MILITAR,,edson-silva,lucas-fagundes
5293,5407,Atendimento ao usuário Suporte - RS Seguro- Gabinete do Governador ,6,3,2,2024-09-06 09:08:22+00:00,2024-09-06 10:17:49+00:00,,,AJUDA E SUPORTE > ATENDIMENTO AO USUÁRIO,Entidade raiz > PIRATINI > CENTRAL DE ATENDIMENTOS > GVG,,edson-silva,carla-cardoso
5294,5408,Atendimento ao usuário Suporte - Departamento de Conservação e Memória do Patrimônio Cultural,5,3,2,2024-09-06 09:56:19+00:00,2024-09-30 15:26:08+00:00,,,AJUDA E SUPORTE > ATENDIMENTO AO USUÁRIO,Entidade raiz > PIRATINI > CENTRAL DE ATENDIMENTOS > GG,,"pablo-guimaraes, alessandro-vieira, anderson-oliveira",leonardo-oliveira
5297,5411,Acesso a Sistemas  - Geral - OUTRO,6,3,2,2024-09-06 11:57:46+00:00,2024-09-11 15:29:32+00:00,,,,Entidade raiz > PIRATINI > CENTRAL DE ATENDIMENTOS > CASA CIVIL,,pablo-guimaraes,mario-fleck
5298,5412,Ajuda e Suporte/ Equipamentos Recolhimento,6,3,2,2024-09-06 13:33:54+00:00,2024-09-06 14:41:20+00:00,,,DTIC > EQUIPAMENTOS > RECOLHIMENTO,Entidade raiz > PIRATINI,,"edson-silva, anderson-oliveira",
5299,5413,Acesso a Sistemas Rede Piratini,6,3,2,2024-09-06 13:54:42+00:00,2024-09-19 14:52:04+00:00,,,ACESSO A SISTEMAS > REDE > LIBERAÇÃO DE ACESSO,Entidade raiz > PIRATINI > CENTRAL DE ATENDIMENTOS > CASA MILITAR,,,ana-duarte
5300,5414,PROA LIBERAR ACESSO A GRUPO,6,3,2,2024-09-06 14:44:41+00:00,2024-09-06 15:28:51+00:00,,,ACESSO A SISTEMAS > SOE > PROA > ADICIONAR A GRUPO,Entidade raiz > PIRATINI > CENTRAL DE ATENDIMENTOS > SECOM,,pablo-guimaraes,cristiano-tavares
5301,5415,PROA LIBERAR ACESSO A GRUPO,6,3,2,2024-09-06 14:50:03+00:00,2024-09-06 15:26:12+00:00,,,ACESSO A SISTEMAS > SOE > PROA > ADICIONAR A GRUPO,Entidade raiz > PIRATINI > CENTRAL DE ATENDIMENTOS > SECOM,,pablo-guimaraes,cristiano-tavares
5302,5416,Atendimento ao usuário Suporte - Departamento de Compras e Contratos - Cais Mauá 3º andar,6,3,2,2024-09-06 14:54:02+00:00,2024-09-10 14:52:27+00:00,,,AJUDA E SUPORTE > ATENDIMENTO AO USUÁRIO,Entidade raiz > PIRATINI > CENTRAL DE ATENDIMENTOS > CASA CIVIL,,"thales-leite, leonardo-riela",mario-fleck
5303,5417,Atendimento ao usuário Suporte - Gabinete do Vice-Governador ,6,3,2,2024-09-06 16:05:14+00:00,2024-09-27 15:08:33+00:00,,,AJUDA E SUPORTE > ATENDIMENTO AO USUÁRIO,Entidade raiz > PIRATINI > CENTRAL DE ATENDIMENTOS > GVG,,anderson-oliveira,flavia-silva
5304,5418,OUTLOOK // ADICIONAR/EXCLUIR USUÁRIO DE CAIXA COMPARTILHADA - Casa Militar - Operações,6,3,2,2024-09-09 10:06:25+00:00,2024-09-09 15:13:00+00:00,,,ACESSO A SISTEMAS > OFFICE 365 > EMAIL > CAIXA COMPARTILHADA,Entidade raiz > PIRATINI > CENTRAL DE ATENDIMENTOS > CASA MILITAR,,anderson-oliveira,debora-aparecida
5305,5419,Acesso a Sistemas Rede Piratini,6,3,2,2024-09-09 10:10:06+00:00,2024-09-16 09:03:51+00:00,,,AJUDA E SUPORTE > ATENDIMENTO AO USUÁRIO,Entidade raiz > PIRATINI > CENTRAL DE ATENDIMENTOS > CASA MILITAR,,anderson-oliveira,debora-aparecida
5306,5420,Acesso a Sistemas  - PROA - DESBLOQUEAR USUÁRIO,6,3,2,2024-09-09 10:43:54+00:00,2024-09-11 08:56:08+00:00,,,ACESSO A SISTEMAS > SOE > PROA,Entidade raiz > PIRATINI > CENTRAL DE ATENDIMENTOS > CASA CIVIL,,"pablo-guimaraes, anderson-oliveira",daura-rosa
5317,5431,IMPRESSORA TROCA DE TONNER - Subchefia Parlamentar,6,3,2,2024-09-10 10:24:57+00:00,2024-09-10 14:29:03+00:00,,,DTIC > EQUIPAMENTOS > MANUTENÇÃO,Entidade raiz > PIRATINI > CENTRAL DE ATENDIMENTOS > CASA CIVIL,,"jorge-vicente, anderson-oliveira",paulo-souza
5307,5421,Acesso a Sistemas Rede Piratini,6,3,2,2024-09-09 11:05:14+00:00,2024-09-10 14:35:50+00:00,,,ACESSO A SISTEMAS > REDE > LIBERAÇÃO DE ACESSO,Entidade raiz > PIRATINI > CENTRAL DE ATENDIMENTOS > CASA CIVIL,,"anderson-oliveira, leonardo-riela",mario-fleck
5308,5422,INCIDENTE  - Coordenadoria Estadual de Proteção e Defesa Civil,6,3,2,2024-09-09 13:13:50+00:00,2024-09-09 16:14:05+00:00,,,DTIC > INFRAESTRUTURA > OUTROS,Entidade raiz > PIRATINI > CENTRAL DE ATENDIMENTOS > CASA MILITAR,,,elisandra-decantam
5309,5423,"MANCHAS NA IMPRESSÃO - ADM/FIN na rua Riachuelo, 1098, 10º andar, sala 1001 (Tribuno) ",6,3,1,2024-09-09 16:21:51+00:00,2024-09-13 12:20:04+00:00,,,DTIC > EQUIPAMENTOS > MANUTENÇÃO,Entidade raiz > PIRATINI > CENTRAL DE ATENDIMENTOS > SECOM,,jorge-vicente,cristiano-tavares
5310,5424,Atendimento ao usuário Suporte - Subseção de Operações Casa Militar,6,3,2,2024-09-09 17:20:33+00:00,2024-09-10 14:46:08+00:00,,,ACESSO A SISTEMAS > OFFICE 365 > EMAIL > ALTERAR PLANO / LICENÇA,Entidade raiz > PIRATINI > CENTRAL DE ATENDIMENTOS > CASA MILITAR,,anderson-oliveira,debora-aparecida
5311,5425,OFFICE 365 // NOVA CONTA DE EMAIL - CASA MILITAR - OPERAÇÕES - ASSESSORIA MILITAR DO VICE-GOVERNADOR,6,3,2,2024-09-09 18:04:53+00:00,2024-09-10 14:38:02+00:00,,,ACESSO A SISTEMAS > OFFICE 365 > EMAIL > NOVO USUÁRIO,Entidade raiz > PIRATINI > CENTRAL DE ATENDIMENTOS > CASA MILITAR,,jorge-vicente,maicon-oliveira
5312,5426,REMOÇÃO DE ACESSO //RH,6,3,2,2024-09-10 08:48:41+00:00,2024-09-11 08:54:48+00:00,,,DTIC > SISTEMAS > REMOÇÃO DE ACESSO SISTEMA,Entidade raiz > PIRATINI > CENTRAL DE ATENDIMENTOS > CASA CIVIL,,"silvio-valim, pablo-guimaraes, anderson-oliveira",carlos-duarte
5313,5427,Atendimento ao usuário Suporte - DAMAC,6,3,2,2024-09-10 09:36:01+00:00,2024-09-10 10:18:48+00:00,,,AJUDA E SUPORTE > ATENDIMENTO AO USUÁRIO,Entidade raiz > PIRATINI > CENTRAL DE ATENDIMENTOS > CASA CIVIL,,silvio-valim,roberta-jacinto
5314,5428,Acesso a Sistemas  - PROA - LIBERAR ACESSO,6,3,2,2024-09-10 09:48:38+00:00,2024-09-19 10:18:07+00:00,,,ACESSO A SISTEMAS > SOE > PROA > ADICIONAR A GRUPO,Entidade raiz > PIRATINI > CENTRAL DE ATENDIMENTOS > CASA CIVIL,,pablo-guimaraes,maristela-kaminski
5315,5429,Acesso a Sistemas  - FPE - LIBERAR ACESSO,6,3,2,2024-09-10 10:15:52+00:00,2024-09-12 09:11:03+00:00,,,ACESSO A SISTEMAS > SOE,Entidade raiz > PIRATINI > CENTRAL DE ATENDIMENTOS > CASA MILITAR,,pablo-guimaraes,maicon-oliveira
5316,5430,IMPRESSORA MENSAGEM DE ERRO - Subchefia Parlamentar,6,3,1,2024-09-10 10:23:48+00:00,2024-09-12 11:23:09+00:00,,,DTIC > EQUIPAMENTOS > MANUTENÇÃO,Entidade raiz > PIRATINI > CENTRAL DE ATENDIMENTOS > CASA CIVIL,R. Duque de Caxias 951 (Banrisul),"jorge-vicente, anderson-oliveira",paulo-souza
5318,5432,Atendimento ao usuário Suporte - secom,6,3,2,2024-09-10 10:31:45+00:00,2024-10-04 16:12:22+00:00,,,DTIC > EQUIPAMENTOS > CONFIGURAÇÃO,Entidade raiz > PIRATINI > CENTRAL DE ATENDIMENTOS > SECOM,,"edson-silva, leonardo-riela",jean-rangel
5319,5433,Atendimento ao usuário Suporte - SECOM,6,3,2,2024-09-10 10:35:30+00:00,2024-10-02 11:34:53+00:00,,,DTIC > EQUIPAMENTOS > MANUTENÇÃO,Entidade raiz > PIRATINI > CENTRAL DE ATENDIMENTOS > SECOM,,"edson-silva, anderson-oliveira, leonardo-riela",jean-rangel
5320,5434,Atendimento ao usuário Suporte - PROTOCOLO - 951,6,3,2,2024-09-10 10:47:09+00:00,2024-09-10 11:04:55+00:00,,,AJUDA E SUPORTE > ATENDIMENTO AO USUÁRIO,Entidade raiz > PIRATINI > CENTRAL DE ATENDIMENTOS > CASA CIVIL,,anderson-oliveira,daniel-assis
5321,5435,Ajuda e Suporte / Atendimento ao usuário - SPH Retorno - Demandas,6,3,2,2024-09-10 10:45:41+00:00,2024-09-10 11:09:26+00:00,,,AJUDA E SUPORTE,Entidade raiz > PIRATINI > CENTRAL DE ATENDIMENTOS > CASA CIVIL,,"thales-leite, leonardo-riela",thales-leite
5322,5436,Atendimento ao usuário Suporte - Ed. Guaíba,6,3,2,2024-09-10 11:32:16+00:00,2024-09-27 15:18:11+00:00,,,AJUDA E SUPORTE > MOVIMENTO DE EQUIPAMENTOS DE TI > REQUISIÇÃO,Entidade raiz > PIRATINI > CENTRAL DE ATENDIMENTOS > GVG,,anderson-oliveira,carla-calero
5323,5437,Atendimento ao usuário Suporte - Maua 1050,6,3,2,2024-09-10 11:52:10+00:00,2024-09-10 13:51:39+00:00,,,AJUDA E SUPORTE > ATENDIMENTO AO USUÁRIO,Entidade raiz > PIRATINI > CENTRAL DE ATENDIMENTOS > CASA CIVIL,,"thales-leite, leonardo-riela",maristela-kaminski
5324,5438,Outlook //CAIXA COMPARTILHADA - GVG,6,3,2,2024-09-10 12:14:00+00:00,2024-09-12 13:58:53+00:00,,,ACESSO A SISTEMAS > REDE > LIBERAÇÃO DE ACESSO > NOVO USUÁRIO,Entidade raiz > PIRATINI > CENTRAL DE ATENDIMENTOS > GVG,,anderson-oliveira,larissa-winckler
5325,5439,Link não abre // CC - Subchefia Parlamentar // Vanessa Giombelli,6,3,2,2024-09-10 14:22:02+00:00,2024-09-10 14:22:10+00:00,,,AJUDA E SUPORTE > ATENDIMENTO AO USUÁRIO,Entidade raiz > PIRATINI > CENTRAL DE ATENDIMENTOS > CASA CIVIL,,silvio-valim,vanessa-morais
5326,5440,INGRESSO DE SERVIDOR,6,4,2,2024-09-10 15:20:27+00:00,2024-09-11 11:29:49+00:00,,,ACESSO A SISTEMAS > REDE > LIBERAÇÃO DE ACESSO > NOVO USUÁRIO,Entidade raiz > PIRATINI > CENTRAL DE ATENDIMENTOS > CASA CIVIL > Secretaria-Executiva > Subchefia Administrativa > Departamento de Gestão de Atos e Pessoal > Divisão de Gestão de Pessoas,,"miguelangelo, jorge-vicente",silvia-leopoldino
5327,5441,Atendimento ao usuário Suporte - GPE - Ed. Guaíba,6,3,2,2024-09-10 15:28:57+00:00,2024-09-12 16:46:18+00:00,,,AJUDA E SUPORTE > ATENDIMENTO AO USUÁRIO,Entidade raiz > PIRATINI > CENTRAL DE ATENDIMENTOS > GVG,,thales-leite,carla-calero
5328,5442,Atendimento ao usuário Suporte - secom,6,3,2,2024-09-10 15:47:29+00:00,2024-09-11 09:33:02+00:00,,,DTIC > SISTEMAS > ALTERAÇÃO DE ACESSO,Entidade raiz > PIRATINI > CENTRAL DE ATENDIMENTOS > SECOM,,"jorge-vicente, anderson-oliveira",marcelo-ribeiro
5329,5443,Ajuda e Suporte/ Equipamentos,6,3,2,2024-09-11 09:15:58+00:00,2024-09-11 11:27:27+00:00,,,,Entidade raiz > PIRATINI > CENTRAL DE ATENDIMENTOS > CASA CIVIL,,"anderson-oliveira, luciano-silva",cristiane-dias
5330,5444,Acesso a Sistemas / Reset senha de Rede,6,3,2,2024-09-11 09:17:00+00:00,2024-09-11 09:17:12+00:00,,,ACESSO A SISTEMAS > REDE > RESET DE SENHA,Entidade raiz > PIRATINI > CENTRAL DE ATENDIMENTOS > CASA CIVIL,R. Duque de Caxias 951 (Banrisul),anderson-oliveira,ana-avancini
5331,5445,Acesso a Sistemas Rede Piratini,6,3,2,2024-09-11 09:32:55+00:00,2024-09-11 11:29:49+00:00,,,ACESSO A SISTEMAS > REDE > LIBERAÇÃO DE ACESSO > NOVO USUÁRIO,Entidade raiz > PIRATINI > CENTRAL DE ATENDIMENTOS > CASA CIVIL,,"pablo-guimaraes, anderson-oliveira",maristela-kaminski
5333,5447,INCIDENTE  - SECOM,6,3,2,2024-09-11 11:07:48+00:00,2024-09-11 11:27:51+00:00,,,DTIC > INFRAESTRUTURA > OUTROS,Entidade raiz > PIRATINI > CENTRAL DE ATENDIMENTOS > SECOM,,,paulo-cesar
5334,5448,Atendimento ao usuário Suporte - Damac,6,3,2,2024-09-11 11:14:02+00:00,2024-09-26 08:59:35+00:00,,,AJUDA E SUPORTE > MOVIMENTO DE EQUIPAMENTOS DE TI > REQUISIÇÃO,Entidade raiz > PIRATINI > CENTRAL DE ATENDIMENTOS > CASA CIVIL,R. Duque de Caxias 951 (Banrisul),anderson-oliveira,marivete-souza
5335,5449,Devolução de Equipamento // GG - ASTEC - CAFF // vinicius-lopes,6,3,2,2024-09-11 12:00:00+00:00,2024-09-11 12:00:00+00:00,,,DTIC > EQUIPAMENTOS,Entidade raiz > PIRATINI > CENTRAL DE ATENDIMENTOS > GG,,pablo-guimaraes,vinicius-lopes
5336,5450,Ajuda e Suporte/ Equipamentos,6,3,2,2024-09-11 11:39:24+00:00,2024-09-11 11:50:26+00:00,,,AJUDA E SUPORTE > MOVIMENTO DE EQUIPAMENTOS DE TI,Entidade raiz > PIRATINI > CENTRAL DE ATENDIMENTOS > CASA CIVIL,R. Duque de Caxias 951 (Banrisul),"pablo-guimaraes, anderson-oliveira, luciano-silva",dorinha-jirkowsky
5337,5451,Acesso a Sistemas  - PROA - OUTRO,6,3,2,2024-09-11 14:22:42+00:00,2024-09-12 09:08:51+00:00,,,ACESSO A SISTEMAS > SOE > PROA,Entidade raiz > PIRATINI > CENTRAL DE ATENDIMENTOS > CASA CIVIL,,pablo-guimaraes,maristela-kaminski
5338,5452,Acesso a Sistemas  - GDG - OUTRO,5,3,2,2024-09-11 14:29:04+00:00,2024-11-19 09:11:31+00:00,,,ACESSO A SISTEMAS > SOE,Entidade raiz > PIRATINI > CENTRAL DE ATENDIMENTOS > CASA CIVIL,,pablo-guimaraes,maristela-kaminski
5339,5453,OFFICE 365 // NOVA CONTA DE EMAIL - Duque de Caxias 1005,6,3,2,2024-09-11 14:48:02+00:00,2024-09-11 16:03:17+00:00,,,ACESSO A SISTEMAS > OFFICE 365 > EMAIL > NOVO USUÁRIO,Entidade raiz > PIRATINI > CENTRAL DE ATENDIMENTOS > CASA CIVIL,,anderson-oliveira,maristela-kaminski
5340,5454,OFFICE 365 // NOVA CONTA DE EMAIL - DIVISÃO DE RELAÇÕES COMUNITÁRIAS,6,3,2,2024-09-11 15:32:32+00:00,2024-09-13 09:10:12+00:00,,,ACESSO A SISTEMAS > REDE > LIBERAÇÃO DE ACESSO > NOVO USUÁRIO,Entidade raiz > PIRATINI > CENTRAL DE ATENDIMENTOS > CASA MILITAR,,"pablo-guimaraes, anderson-oliveira",elisandra-decantam
5341,5455,Ajuda e Suporte \ Equipamentos,6,3,2,2024-09-11 16:20:44+00:00,2024-09-11 16:40:16+00:00,,,AJUDA E SUPORTE > MOVIMENTO DE EQUIPAMENTOS DE TI,Entidade raiz > PIRATINI > CENTRAL DE ATENDIMENTOS > CASA CIVIL,R. Duque de Caxias 951 (Banrisul),"anderson-oliveira, luciano-silva",adriana-bielefeld
5342,5456,Atendimento ao usuário Suporte - Damac,6,3,2,2024-09-11 16:24:43+00:00,2024-09-26 15:34:39+00:00,,,AJUDA E SUPORTE > MOVIMENTO DE EQUIPAMENTOS DE TI > REQUISIÇÃO,Entidade raiz > PIRATINI,R. Duque de Caxias 951 (Banrisul),"silvio-valim, pablo-guimaraes, alessandro-vieira, anderson-oliveira, luciano-silva",marivete-souza
5343,5457,OUTLOOK // ADICIONAR/EXCLUIR USUÁRIO DE CAIXA COMPARTILHADA - CASA MILITAR - OPERAÇÕES,6,3,2,2024-09-12 09:28:21+00:00,2024-09-12 10:05:50+00:00,,,ACESSO A SISTEMAS > OFFICE 365 > EMAIL > CAIXA COMPARTILHADA,Entidade raiz > PIRATINI > CENTRAL DE ATENDIMENTOS > CASA MILITAR,,anderson-oliveira,maicon-oliveira
5344,5458,Acesso a Sistemas  - FPE - LIBERAR ACESSO,6,3,2,2024-09-12 09:37:08+00:00,2024-09-19 10:19:35+00:00,,,ACESSO A SISTEMAS > SOE > FPE,Entidade raiz > PIRATINI > CENTRAL DE ATENDIMENTOS > CASA MILITAR,,pablo-guimaraes,maicon-oliveira
5345,5459,Desligar Máquina // CC - SAEF // Magda Maciel ,6,3,2,2024-09-12 10:09:24+00:00,2024-09-12 10:10:48+00:00,,,AJUDA E SUPORTE > INSTALAÇÃO DE EQUIPAMENTOS,Entidade raiz > PIRATINI > CENTRAL DE ATENDIMENTOS > CASA CIVIL,,silvio-valim,magda-bueno
5346,5460,Desligar Máquinas // CC - SAEF // Alba Marquez,6,3,2,2024-09-12 10:13:58+00:00,2024-09-12 10:14:07+00:00,,,AJUDA E SUPORTE > INSTALAÇÃO DE EQUIPAMENTOS,Entidade raiz > PIRATINI > CENTRAL DE ATENDIMENTOS > CASA CIVIL,,silvio-valim,alba-santos
5347,5461,IMPRESSORA TROCA DE TONNER - Publicidade - Secom Tribuno,6,3,2,2024-09-12 10:13:59+00:00,2024-09-12 11:00:05+00:00,,,DTIC > EQUIPAMENTOS > MANUTENÇÃO,Entidade raiz > PIRATINI > CENTRAL DE ATENDIMENTOS > SECOM,,jorge-vicente,andre-graminho
5348,5462,OFFICE 365 // ALTERAR PLANO / LICENÇA - Subchefia Jurídica - Departamento de Informações Oficiais / DINFO,6,3,2,2024-09-12 10:38:23+00:00,2024-09-12 13:56:39+00:00,,,ACESSO A SISTEMAS > OFFICE 365 > EMAIL > ALTERAR PLANO / LICENÇA,Entidade raiz > PIRATINI > CENTRAL DE ATENDIMENTOS > CASA CIVIL,R. Duque de Caxias 951 (Banrisul),anderson-oliveira,cristiane-dias
5349,5463,Atendimento ao usuário Suporte - Damac,6,3,2,2024-09-12 10:48:16+00:00,2024-09-12 15:27:17+00:00,,,AJUDA E SUPORTE > MOVIMENTO DE EQUIPAMENTOS DE TI,Entidade raiz > PIRATINI > CENTRAL DE ATENDIMENTOS > CASA CIVIL,R. Duque de Caxias 951 (Banrisul),"silvio-valim, anderson-oliveira, luciano-silva",marivete-souza
5350,5465,Atendimento ao usuário Suporte - DCMPC,6,3,2,2024-09-12 11:27:30+00:00,2024-09-12 18:44:10+00:00,,,AJUDA E SUPORTE > ATENDIMENTO AO USUÁRIO,Entidade raiz > PIRATINI > CENTRAL DE ATENDIMENTOS > GG,,edson-silva,lindomar-leal
5351,5466,Atendimento ao usuário Suporte - Subchefia Parlamentar,6,3,2,2024-09-12 11:33:46+00:00,2024-09-30 09:59:50+00:00,,,AJUDA E SUPORTE > MOVIMENTO DE EQUIPAMENTOS DE TI > REQUISIÇÃO,Entidade raiz > PIRATINI,R. Duque de Caxias 951 (Banrisul),"silvio-valim, anderson-oliveira, luciano-silva",paulo-souza
5352,5467,Acesso a Sistemas  - PROA - LIBERAR ACESSO,6,3,2,2024-09-12 11:51:51+00:00,2024-09-27 09:31:41+00:00,,,ACESSO A SISTEMAS > SOE > PROA,Entidade raiz > PIRATINI > CENTRAL DE ATENDIMENTOS > GVG,,pablo-guimaraes,carla-calero
5353,5468,Acesso a Sistemas Rede Piratini,6,3,2,2024-09-12 11:53:45+00:00,2024-09-12 13:54:50+00:00,,,ACESSO A SISTEMAS > REDE > LIBERAÇÃO DE ACESSO > NOVO USUÁRIO,Entidade raiz > PIRATINI > CENTRAL DE ATENDIMENTOS > GVG,,anderson-oliveira,carla-calero
5354,5469,IMPRESSORA NÃO INSTALADA NA MAQUINA - Gabinete da Secom - Tribuno,6,3,2,2024-09-12 14:19:24+00:00,2024-09-13 11:13:28+00:00,,,DTIC > EQUIPAMENTOS > CONFIGURAÇÃO,Entidade raiz > PIRATINI > CENTRAL DE ATENDIMENTOS > SECOM,,anderson-oliveira,andre-graminho
5355,5470,INCIDENTE  - departamento de compras,6,3,2,2024-09-12 16:03:05+00:00,2024-09-12 16:07:16+00:00,,,AJUDA E SUPORTE > ATENDIMENTO AO USUÁRIO,Entidade raiz > PIRATINI > CENTRAL DE ATENDIMENTOS > CASA CIVIL,Maua 1050,leonardo-riela,giovana-rodrigues
5356,5471,Excluir Conta Office // CC - DTI // Jonathan Moletta,6,3,2,2024-09-12 16:38:44+00:00,2024-09-12 16:39:07+00:00,,,ACESSO A SISTEMAS > OFFICE 365 > EMAIL > EXCLUSÃO,Entidade raiz > PIRATINI > CENTRAL DE ATENDIMENTOS,,silvio-valim,silvio-valim
5357,5472,Acesso a Sistemas  - FPE - LIBERAR ACESSO,6,3,2,2024-09-12 16:57:16+00:00,2024-09-16 16:03:31+00:00,,,ACESSO A SISTEMAS > SOE > FPE,Entidade raiz > PIRATINI > CENTRAL DE ATENDIMENTOS > CASA CIVIL,,pablo-guimaraes,renato-costa
5460,5578,Ajuda e Suporte / Atendimento ao usuário - Configurar impressora na estação de trabalho,6,3,2,2024-09-27 13:21:28+00:00,2024-09-27 13:22:13+00:00,,,AJUDA E SUPORTE > ATENDIMENTO AO USUÁRIO,Entidade raiz > PIRATINI > CENTRAL DE ATENDIMENTOS > CASA MILITAR,,thales-leite,fabio-rauber
5358,5473,Acesso a Sistemas  - Geral - OUTRO,6,3,2,2024-09-13 09:01:23+00:00,2024-09-13 09:04:31+00:00,,,ACESSO A SISTEMAS > REDE > RESET DE SENHA,Entidade raiz > PIRATINI > CENTRAL DE ATENDIMENTOS > CASA CIVIL,R. Duque de Caxias 951 (Banrisul),jorge-vicente,luciano-silva
5359,5474,Atendimento ao usuário Suporte - Departamento de Conservacao e Memoria ,6,3,2,2024-09-13 09:37:14+00:00,2024-09-13 15:42:36+00:00,,,DTIC > EQUIPAMENTOS > MANUTENÇÃO,Entidade raiz > PIRATINI > CENTRAL DE ATENDIMENTOS > GG,Palacio Piratini - Ala Residencial,jorge-vicente,taizi-nunes
5360,5475,Acesso a Sistemas  - Túnel PROCERGS - OUTRO,6,3,2,2024-09-13 10:35:11+00:00,2024-09-13 10:40:35+00:00,,,DTIC > SISTEMAS > CONFIGURAÇÃO DE SOFTWARE,Entidade raiz > PIRATINI > CENTRAL DE ATENDIMENTOS > CASA CIVIL,,alessandro-vieira,rita-muller
5361,5476,Atendimento ao usuário Suporte - Damac,6,3,2,2024-09-13 11:25:00+00:00,2024-09-13 15:47:33+00:00,,,AJUDA E SUPORTE > ATENDIMENTO AO USUÁRIO,Entidade raiz > PIRATINI > CENTRAL DE ATENDIMENTOS > CASA CIVIL,,luciano-silva,marivete-souza
5362,5477,Ajuda e Suporte \ Equipamentos,6,3,2,2024-09-13 11:31:36+00:00,2024-09-16 08:12:02+00:00,,,DTIC > EQUIPAMENTOS > RECOLHIMENTO,Entidade raiz > PIRATINI > CENTRAL DE ATENDIMENTOS > GG,Palácio do Piratini,"edson-silva, alessandro-vieira, anderson-oliveira, thales-leite",fernanda-braga
5363,5478,Solicitação de Atendimento // GG - Departamento de Residências Oficiais // Migrar Conta Outlook,6,3,1,2024-09-13 13:51:04+00:00,2024-09-13 14:31:01+00:00,,,ACESSO A SISTEMAS > OFFICE 365,Entidade raiz > PIRATINI > CENTRAL DE ATENDIMENTOS > GG > Secretaria Executiva de Gestão do Palácio Piratini > Departamento de Residências Oficiais,,jorge-vicente,jorge-vicente
5364,5479,Remover Caixas Compartilhadas // GG - Departamento de Residências Oficiais // Clovis Pires Ribeiro,6,3,1,2024-09-13 14:36:05+00:00,2024-09-16 11:54:07+00:00,,,ACESSO A SISTEMAS > OFFICE 365 > EMAIL > CAIXA COMPARTILHADA,Entidade raiz > PIRATINI > CENTRAL DE ATENDIMENTOS > GG > Secretaria Executiva de Gestão do Palácio Piratini > Departamento de Residências Oficiais,,jorge-vicente,jorge-vicente
5365,5480,DTIC / Equipamentos / Instalação - Telefone VOIP(mudança),6,3,2,2024-09-13 15:08:56+00:00,2024-09-26 08:58:30+00:00,,,DTIC > EQUIPAMENTOS > INSTALAÇÃO,Entidade raiz > PIRATINI > CENTRAL DE ATENDIMENTOS > CASA CIVIL,Maua 1050,thales-leite,silvia-leopoldino
5366,5481,Solicitação de Toner // GG - Departamento de Conservação e Memória do Patrimônio Cultural // HP E78330z,6,3,1,2024-09-13 16:23:34+00:00,2024-09-13 16:24:01+00:00,,,IMPRESSORA,Entidade raiz > PIRATINI > CENTRAL DE ATENDIMENTOS > GG,,jorge-vicente,taizi-nunes
5367,5482,Acesso a Sistemas / Office 365,6,3,2,2024-09-13 16:58:44+00:00,2024-09-13 17:28:53+00:00,,,ACESSO A SISTEMAS > OFFICE 365 > EMAIL,Entidade raiz > PIRATINI > CENTRAL DE ATENDIMENTOS > CASA MILITAR,Palacio Piratini - Ala Residencial,anderson-oliveira,luisa-maestri
5368,5483,Auxilio para conectar Wi-fi // CC - Subchefia Interior // Janio Medeiros Junior,6,3,2,2024-09-16 09:12:03+00:00,2024-09-16 09:12:16+00:00,,,ACESSO A SISTEMAS > REDE > WIFI,Entidade raiz > PIRATINI > CENTRAL DE ATENDIMENTOS,,silvio-valim,silvio-valim
5369,5484,MANCHAS NA IMPRESSÃO - Ouvidoria Geral do Estado no CAFF andar térreo ala norte,5,3,1,2024-09-16 10:46:29+00:00,2024-10-03 15:16:40+00:00,,,DTIC > EQUIPAMENTOS > MANUTENÇÃO,Entidade raiz > PIRATINI > CENTRAL DE ATENDIMENTOS > CASA CIVIL,,jorge-vicente,marcio-proszek
5370,5485,IMPRESSORA PASTA SCAN,6,3,2,2024-09-16 10:54:41+00:00,2024-09-16 11:57:19+00:00,,,DTIC > EQUIPAMENTOS > CONFIGURAÇÃO,Entidade raiz > PIRATINI > CENTRAL DE ATENDIMENTOS > SECOM,Palácio do Piratini,jorge-vicente,jean-rangel
5371,5486,Acesso a Sistemas  - FPE - LIBERAR ACESSO,6,3,2,2024-09-16 10:55:44+00:00,2024-09-18 14:59:24+00:00,,,ACESSO A SISTEMAS > SOE > FPE,Entidade raiz > PIRATINI > CENTRAL DE ATENDIMENTOS > CASA CIVIL,,pablo-guimaraes,rita-muller
5372,5487,Atendimento ao usuário Suporte - Damac,6,3,2,2024-09-16 10:58:15+00:00,2024-09-16 17:29:11+00:00,,,AJUDA E SUPORTE > MOVIMENTO DE EQUIPAMENTOS DE TI > REQUISIÇÃO,Entidade raiz > PIRATINI > CENTRAL DE ATENDIMENTOS > CASA CIVIL,R. Duque de Caxias 951 (Banrisul),anderson-oliveira,marivete-souza
5373,5488,INCIDENTE  - departamento de compras,6,3,2,2024-09-16 10:58:32+00:00,2024-09-16 11:32:55+00:00,,,AJUDA E SUPORTE > ATENDIMENTO AO USUÁRIO,Entidade raiz > PIRATINI > CENTRAL DE ATENDIMENTOS > CASA CIVIL,Maua 1050,leonardo-riela,giovana-rodrigues
5374,5489,OFFICE 365 // ASSESSORIA ESPECÍFICA  - secom,6,3,2,2024-09-16 11:04:40+00:00,2024-09-16 16:19:07+00:00,,,ACESSO A SISTEMAS > OFFICE 365 > EMAIL > ALTERAR PLANO / LICENÇA,Entidade raiz > PIRATINI > CENTRAL DE ATENDIMENTOS > SECOM,,anderson-oliveira,jean-rangel
5375,5490,reset de senha com usuário joão-severiano presencial,6,3,1,2024-09-16 12:05:50+00:00,2024-09-16 12:34:43+00:00,,,,Entidade raiz > PIRATINI > CENTRAL DE ATENDIMENTOS > CASA CIVIL,,"edson-silva, anderson-oliveira",edson-silva
5376,5491,Configurar Impressoras // CC - Parlamentar // Ana Avancini,6,3,2,2024-09-16 13:38:20+00:00,2024-09-16 13:38:25+00:00,,,AJUDA E SUPORTE > ATENDIMENTO AO USUÁRIO,Entidade raiz > PIRATINI > CENTRAL DE ATENDIMENTOS > CASA CIVIL,,silvio-valim,ana-avancini
5377,5492,Atendimento ao usuário Suporte - Sub chefia geral,6,3,2,2024-09-16 14:50:22+00:00,2024-09-16 16:16:18+00:00,,,AJUDA E SUPORTE > ATENDIMENTO AO USUÁRIO,Entidade raiz > PIRATINI > CENTRAL DE ATENDIMENTOS > CASA CIVIL,,anderson-oliveira,luiz-campos
5378,5493,Acesso a Sistemas  - FPE - LIBERAR ACESSO,6,3,2,2024-09-16 15:26:59+00:00,2024-09-19 10:16:28+00:00,,,ACESSO A SISTEMAS > SOE > FPE,Entidade raiz > PIRATINI > CENTRAL DE ATENDIMENTOS > CASA CIVIL,,pablo-guimaraes,janice-barbosa
5379,5494,Acesso a Sistemas Rede Piratini,6,3,2,2024-09-16 16:18:41+00:00,2024-09-18 10:07:57+00:00,,,ACESSO A SISTEMAS > OFFICE 365 > EMAIL > NOVO USUÁRIO,Entidade raiz > PIRATINI > CENTRAL DE ATENDIMENTOS > GG,Palacio Piratini - Ala Residencial,"silvio-valim, anderson-oliveira",patricia-bicoski
5380,5495,Acesso a Sistemas Rede Piratini,6,3,2,2024-09-16 16:27:48+00:00,2024-09-17 17:21:35+00:00,,,ACESSO A SISTEMAS > REDE > LIBERAÇÃO DE ACESSO > NOVO USUÁRIO,Entidade raiz > PIRATINI > CENTRAL DE ATENDIMENTOS > GG,,anderson-oliveira,patricia-bicoski
5381,5496,INCIDENTE  - Subchefia Parlamentar,6,3,2,2024-09-17 08:42:38+00:00,2024-09-17 09:07:37+00:00,,,AJUDA E SUPORTE > ATENDIMENTO AO USUÁRIO,Entidade raiz > PIRATINI > CENTRAL DE ATENDIMENTOS > CASA CIVIL,R. Duque de Caxias 951 (Banrisul),anderson-oliveira,paulo-souza
5382,5497,Atendimento ao usuário Suporte - DAMAC,6,3,2,2024-09-17 09:08:33+00:00,2024-09-17 09:12:07+00:00,,,AJUDA E SUPORTE > ATENDIMENTO AO USUÁRIO,Entidade raiz > PIRATINI > CENTRAL DE ATENDIMENTOS > CASA CIVIL,R. Duque de Caxias 951 (Banrisul),anderson-oliveira,paulo-speck
5383,5498,"OFFICE 365 // ASSESSORIA ESPECÍFICA  - RS Seguro - CAFF, 20º andar, ala norte",6,3,2,2024-09-17 09:31:08+00:00,2024-09-18 10:54:48+00:00,,,AJUDA E SUPORTE > ATENDIMENTO AO USUÁRIO,Entidade raiz > PIRATINI > CENTRAL DE ATENDIMENTOS > GG,CAFF,"silvio-valim, edson-silva, anderson-oliveira",thais-zeltser
5384,5499,Acesso a Sistemas  - PROA - DESBLOQUEAR USUÁRIO,6,3,2,2024-09-17 09:46:17+00:00,2024-09-17 14:05:09+00:00,,,ACESSO A SISTEMAS > SOE,Entidade raiz > PIRATINI > CENTRAL DE ATENDIMENTOS > CASA CIVIL,,"silvio-valim, pablo-guimaraes",rejane-farias
5385,5500,Criação de rede Wi-Fi // CM - Defesa Civil // Lucas Sergio,6,3,2,2024-09-17 10:53:41+00:00,2024-09-17 10:54:07+00:00,,,DTIC > INFRAESTRUTURA > WI-FI,Entidade raiz > PIRATINI > CENTRAL DE ATENDIMENTOS,,,
5386,5501,Configuração de Escopo DHCP // CM - Defesa Civil // Lucas Sergio,6,3,2,2024-09-17 13:00:35+00:00,2024-09-17 13:01:17+00:00,,,DTIC > INFRAESTRUTURA > WI-FI,Entidade raiz > PIRATINI > CENTRAL DE ATENDIMENTOS,,,
5387,5502,OFFICE 365 // ASSESSORIA ESPECÍFICA  - GVG,6,3,2,2024-09-17 14:42:49+00:00,2024-09-18 11:11:47+00:00,,,ACESSO A SISTEMAS > REDE > LIBERAÇÃO DE ACESSO > NOVO USUÁRIO,Entidade raiz > PIRATINI > CENTRAL DE ATENDIMENTOS > GVG,Edifício Guaíba,"pablo-guimaraes, anderson-oliveira",larissa-winckler
5388,5503,INCIDENTE  - departamento de conservação e memória,6,3,2,2024-09-17 17:07:55+00:00,2024-09-17 17:28:02+00:00,,,AJUDA E SUPORTE > ATENDIMENTO AO USUÁRIO,Entidade raiz > PIRATINI > CENTRAL DE ATENDIMENTOS > GG,Palacio Piratini - Ala Residencial,,alvaro-aguiar
5389,5504,Acesso a Sistemas  - FPE - LIBERAR ACESSO,6,3,2,2024-09-18 10:04:52+00:00,2024-09-18 14:58:23+00:00,,,ACESSO A SISTEMAS > SOE > FPE,Entidade raiz > PIRATINI > CENTRAL DE ATENDIMENTOS > CASA CIVIL,Maua 1050,pablo-guimaraes,rita-muller
5390,5505,Atendimento ao usuário Suporte - Gabinete Médico,6,3,2,2024-09-18 11:00:36+00:00,2024-09-18 14:16:30+00:00,,,AJUDA E SUPORTE > ATENDIMENTO AO USUÁRIO,Entidade raiz > PIRATINI > CENTRAL DE ATENDIMENTOS > CASA MILITAR,Palácio do Piratini,edson-silva,kelen-silva
5391,5506,Atendimento ao usuário Suporte - SAEF - Departamento de Execução Orçamentária Federal,5,3,2,2024-09-18 11:06:32+00:00,2024-10-08 09:43:24+00:00,,,AJUDA E SUPORTE > MOVIMENTO DE EQUIPAMENTOS DE TI > REQUISIÇÃO,Entidade raiz > PIRATINI > CENTRAL DE ATENDIMENTOS > CASA CIVIL,R. Duque de Caxias 951 (Banrisul),"silvio-valim, anderson-oliveira, leonardo-riela",
5392,5507,Limpar e Gravar Senhas PROA // CC - Legislativa // Rejane Farias,6,3,2,2024-09-18 11:15:40+00:00,2024-09-18 11:15:50+00:00,,,ACESSO A SISTEMAS > SOE,Entidade raiz > PIRATINI > CENTRAL DE ATENDIMENTOS > CASA CIVIL,,silvio-valim,rejane-farias
5393,5508,Atendimento ao usuário Suporte - Duque 951,6,3,2,2024-09-18 11:44:45+00:00,2024-09-18 16:57:00+00:00,,,AJUDA E SUPORTE > ATENDIMENTO AO USUÁRIO,Entidade raiz > PIRATINI > CENTRAL DE ATENDIMENTOS > CASA CIVIL,,"silvio-valim, luciano-silva",maristela-kaminski
5394,5509,Atendimento ao usuário Suporte - Cerimonial,6,3,2,2024-09-18 13:48:36+00:00,2024-09-18 14:34:26+00:00,,,DTIC > EQUIPAMENTOS > MANUTENÇÃO,Entidade raiz > PIRATINI > CENTRAL DE ATENDIMENTOS > GG,,thales-leite,joao-bomfim
5395,5510,Telefone Não funciona,6,3,1,2024-09-18 12:00:00+00:00,2024-09-18 14:36:44+00:00,,,,Entidade raiz > PIRATINI > CENTRAL DE ATENDIMENTOS,,edson-silva,
5396,5511,Atendimento ao usuário Suporte - Ala Residencial,6,3,2,2024-09-18 14:55:21+00:00,2024-09-18 15:09:11+00:00,,,DTIC > SISTEMAS > ALTERAÇÃO DE ACESSO,Entidade raiz > PIRATINI > CENTRAL DE ATENDIMENTOS > GG,,,mateus-gomes
5397,5512,Atendimento ao usuário Suporte - SECOM/Gabinete,6,3,2,2024-09-18 15:09:27+00:00,2024-09-18 15:34:28+00:00,,,AJUDA E SUPORTE > INSTALAÇÃO DE SOFTWARE,Entidade raiz > PIRATINI > CENTRAL DE ATENDIMENTOS > SECOM,,edson-silva,jean-rangel
5398,5513,Manutenção serviço DHCP // CC - DTIC // Lucas Sergio,6,3,2,2024-09-18 15:20:08+00:00,2024-09-18 15:20:38+00:00,,,DTIC > INFRAESTRUTURA,Entidade raiz > PIRATINI > CENTRAL DE ATENDIMENTOS,,,
5399,5514,Acesso SSH Lintv // CM - Defesa Civil // Bruno Perroni,6,3,2,2024-09-18 15:21:20+00:00,2024-09-18 15:21:40+00:00,,,DTIC > INFRAESTRUTURA,Entidade raiz > PIRATINI > CENTRAL DE ATENDIMENTOS,,,
5400,5515,Disco D sem espaço // SECOM // Jean Rangel,6,3,1,2024-09-18 15:44:46+00:00,2024-09-18 15:45:13+00:00,,,DTIC > INFRAESTRUTURA,Entidade raiz > PIRATINI > CENTRAL DE ATENDIMENTOS > SECOM,,,jean-rangel
5401,5516,Ajuda e Suporte / Atendimento ao usuário - Problema de rede VOIP 4150 Gabinete Gov,6,3,1,2024-09-19 13:45:15+00:00,2024-09-19 14:02:05+00:00,,,AJUDA E SUPORTE > ATENDIMENTO AO USUÁRIO,Entidade raiz > PIRATINI > CENTRAL DE ATENDIMENTOS > GG,,,daniela-baum
5402,5517,Acesso a Sistemas Rede Piratini,6,3,2,2024-09-19 14:01:36+00:00,2024-09-24 17:28:43+00:00,,,ACESSO A SISTEMAS > REDE > LIBERAÇÃO DE ACESSO > NOVO USUÁRIO,Entidade raiz > PIRATINI > CENTRAL DE ATENDIMENTOS > CASA MILITAR,,"jorge-vicente, anderson-oliveira",ana-duarte
5403,5518,Atendimento ao usuário Suporte - Gabinete da Secom - Tribuno,6,3,2,2024-09-19 14:03:27+00:00,2024-09-19 14:58:44+00:00,,,AJUDA E SUPORTE > ATENDIMENTO AO USUÁRIO,Entidade raiz > PIRATINI > CENTRAL DE ATENDIMENTOS > SECOM,,jorge-vicente,andre-graminho
5404,5519,Solicitação de Toner // CC - Departamento de Informações Oficiais // HP E57540c,6,3,1,2024-09-19 14:20:28+00:00,2024-09-19 14:23:10+00:00,,,IMPRESSORA,Entidade raiz > PIRATINI > CENTRAL DE ATENDIMENTOS > CASA CIVIL,,jorge-vicente,cristiane-dias
5405,5520,Acesso a Sistemas  - Túnel PROCERGS - LIBERAR ACESSO,6,3,2,2024-09-19 15:31:56+00:00,2024-09-19 16:26:10+00:00,,,ACESSO A SISTEMAS > TÚNEL PROCERGS,Entidade raiz > PIRATINI > CENTRAL DE ATENDIMENTOS > SECOM,,jorge-vicente,andre-graminho
5406,5521,Atendimento ao usuário Suporte - departamento de conservação e memória,6,3,2,2024-09-19 15:53:46+00:00,2024-09-23 09:03:30+00:00,,,DTIC > SISTEMAS > ALTERAÇÃO DE ACESSO,Entidade raiz > PIRATINI > CENTRAL DE ATENDIMENTOS > GG,,jorge-vicente,alvaro-aguiar
5407,5522,Atendimento ao usuário Suporte - Divisão de Protocolo e Gerenciamento de Arquivos,6,3,2,2024-09-23 08:27:52+00:00,2024-09-26 15:25:22+00:00,,,AJUDA E SUPORTE > MOVIMENTO DE EQUIPAMENTOS DE TI > REQUISIÇÃO,Entidade raiz > PIRATINI > CENTRAL DE ATENDIMENTOS > CASA CIVIL,,"jorge-vicente, edson-silva, alessandro-vieira, anderson-oliveira",diego-mattiello
5408,5523,Acesso a Sistemas\Reset de Senha de Rede,6,3,2,2024-09-23 08:59:31+00:00,2024-09-23 08:59:52+00:00,,,ACESSO A SISTEMAS > REDE > RESET DE SENHA,Entidade raiz > PIRATINI > CENTRAL DE ATENDIMENTOS > CASA CIVIL,Maua 1050,"anderson-oliveira, thales-leite",thais-difini
5409,5524,Criar novo Usuário // SECOM - CC // Zete Padilha,6,3,2,2024-09-23 09:31:39+00:00,2024-10-03 12:59:43+00:00,,,ACESSO A SISTEMAS > OFFICE 365 > EMAIL > NOVO USUÁRIO,Entidade raiz > PIRATINI > CENTRAL DE ATENDIMENTOS > SECOM,,"silvio-valim, anderson-oliveira",eliziete-padilha
5410,5526,Atendimento ao usuário Suporte - Jornalismo,6,3,2,2024-09-23 09:36:40+00:00,2024-09-23 09:41:22+00:00,,,ACESSO A SISTEMAS > REDE > RESET DE SENHA,Entidade raiz > PIRATINI > CENTRAL DE ATENDIMENTOS > SECOM,,,andre-graminho
5411,5527,Desativação contas de rede e computadores // CC - DTIC // Lucas Sergio,6,3,2,2024-09-23 09:42:36+00:00,2024-09-23 09:42:52+00:00,,,DTIC > INFRAESTRUTURA,Entidade raiz > PIRATINI > CENTRAL DE ATENDIMENTOS,,,
5412,5528,Acesso a Sistemas Rede Piratini,6,3,2,2024-09-23 09:42:48+00:00,2024-09-23 11:03:49+00:00,,,ACESSO A SISTEMAS > REDE > LIBERAÇÃO DE ACESSO > NOVO USUÁRIO,Entidade raiz > PIRATINI > CENTRAL DE ATENDIMENTOS > SECOM,,anderson-oliveira,andre-graminho
5413,5529,Reset senha de rede // CC - Gabinete // Abigail Correa,6,3,2,2024-09-23 09:51:45+00:00,2024-09-23 09:52:05+00:00,,,ACESSO A SISTEMAS > REDE > RESET DE SENHA,Entidade raiz > PIRATINI > CENTRAL DE ATENDIMENTOS > CASA CIVIL,,,abigail-correa
5414,5530,Atendimento ao usuário Suporte - Coordenadoria Estadual de Proteção e defesa Civil,6,3,2,2024-09-23 11:09:10+00:00,2024-09-23 16:37:04+00:00,,,ACESSO A SISTEMAS > REDE > LIBERAÇÃO DE ACESSO,Entidade raiz > PIRATINI > CENTRAL DE ATENDIMENTOS > CASA MILITAR,,anderson-oliveira,elisandra-decantam
5415,5531,Atendimento ao usuário Suporte - Duque 951 - DINFO,6,3,2,2024-09-23 12:08:02+00:00,2024-09-23 16:09:33+00:00,,,AJUDA E SUPORTE > INSTALAÇÃO DE SOFTWARE,Entidade raiz > PIRATINI > CENTRAL DE ATENDIMENTOS > CASA CIVIL,R. Duque de Caxias 951 (Banrisul),anderson-oliveira,edson-pereira
5416,5532,Acesso a Sistemas Rede Piratini,6,3,2,2024-09-23 14:26:55+00:00,2024-09-23 17:38:15+00:00,,,ACESSO A SISTEMAS > REDE > LIBERAÇÃO DE ACESSO > NOVO USUÁRIO,Entidade raiz > PIRATINI > CENTRAL DE ATENDIMENTOS > SECOM,,anderson-oliveira,andre-graminho
5417,5533,PROA LIBERAR ACESSO A GRUPO,6,3,2,2024-09-23 14:47:50+00:00,2024-09-23 16:11:24+00:00,,,ACESSO A SISTEMAS > SOE > PROA > ADICIONAR A GRUPO,Entidade raiz > PIRATINI > CENTRAL DE ATENDIMENTOS > CASA MILITAR,,miguelangelo,elisandra-decantam
5418,5534,Ajuda e Suporte - Requisição de Equipamentos ,6,3,2,2024-09-23 15:37:11+00:00,2024-09-25 14:07:04+00:00,,,AJUDA E SUPORTE > MOVIMENTO DE EQUIPAMENTOS DE TI > REQUISIÇÃO,Entidade raiz > PIRATINI > CENTRAL DE ATENDIMENTOS > CASA CIVIL,Memorial do Ministério Público,anderson-oliveira,carolina-gotthilf
5419,5535,Outlook //CAIXA COMPARTILHADA - DIVISÃO DE RELAÇÕES COMUNITÁRIAS,6,3,2,2024-09-23 15:52:36+00:00,2024-09-24 09:05:25+00:00,,,ACESSO A SISTEMAS > OFFICE 365 > EMAIL > CAIXA COMPARTILHADA,Entidade raiz > PIRATINI > CENTRAL DE ATENDIMENTOS > CASA MILITAR,,silvio-valim,elisandra-decantam
5420,5536,INCIDENTE  - Oficina de Restauro,6,3,2,2024-09-23 16:04:24+00:00,2024-09-23 16:24:26+00:00,,,DTIC > INFRAESTRUTURA > OUTROS,Entidade raiz > PIRATINI > CENTRAL DE ATENDIMENTOS > GG,,alessandro-vieira,isis-gama
5421,5537,Atendimento ao usuário Suporte - Departamento de Conservacao e Memoria ,6,3,2,2024-09-24 09:37:29+00:00,2024-09-24 09:53:14+00:00,,,ACESSO A SISTEMAS > OFFICE 365 > EMAIL > CAIXA COMPARTILHADA,Entidade raiz > PIRATINI > CENTRAL DE ATENDIMENTOS > GG,Palacio Piratini - Ala Residencial,jorge-vicente,taizi-nunes
5433,5549,Acesso a Sistemas  - GDG - LIBERAR ACESSO,6,3,2,2024-09-25 09:34:17+00:00,2024-09-26 10:18:37+00:00,,,ACESSO A SISTEMAS > SOE,Entidade raiz > PIRATINI > CENTRAL DE ATENDIMENTOS > CASA CIVIL,,"pablo-guimaraes, miguelangelo",maristela-kaminski
5475,5593,Suporte para assinar digitalmente // GG - Gabinete // Ester Gazalle,6,3,1,2024-09-30 15:35:28+00:00,2024-09-30 15:35:37+00:00,,,AJUDA E SUPORTE,Entidade raiz > PIRATINI > CENTRAL DE ATENDIMENTOS > GG,,,ester-rodrigues
5422,5538,INCIDENTE  - Coordenadoria Estadual de Proteção e Defesa Civil,6,3,2,2024-09-24 10:04:21+00:00,2024-09-24 17:28:43+00:00,,,AJUDA E SUPORTE > ATENDIMENTO AO USUÁRIO,Entidade raiz > PIRATINI > CENTRAL DE ATENDIMENTOS > CASA MILITAR,,anderson-oliveira,elisandra-decantam
5423,5539,Acesso a Sistemas  - GDG - LIBERAR ACESSO,6,3,2,2024-09-24 15:19:00+00:00,2024-09-24 15:43:20+00:00,,,ACESSO A SISTEMAS > SOE,Entidade raiz > PIRATINI > CENTRAL DE ATENDIMENTOS > CASA CIVIL,,pablo-guimaraes,maristela-kaminski
5424,5540,Acesso a Sistemas  - GDG - LIBERAR ACESSO,6,3,2,2024-09-24 15:20:34+00:00,2024-09-24 15:45:38+00:00,,,ACESSO A SISTEMAS > SOE,Entidade raiz > PIRATINI > CENTRAL DE ATENDIMENTOS > CASA CIVIL,,pablo-guimaraes,maristela-kaminski
5425,5541,Acesso a Sistemas  - GDG - LIBERAR ACESSO,6,3,2,2024-09-24 15:21:40+00:00,2024-09-24 15:47:47+00:00,,,ACESSO A SISTEMAS > SOE,Entidade raiz > PIRATINI > CENTRAL DE ATENDIMENTOS > CASA CIVIL,,pablo-guimaraes,maristela-kaminski
5426,5542,Acesso a Sistemas  - GDG - LIBERAR ACESSO,6,3,2,2024-09-24 15:23:41+00:00,2024-09-27 09:26:55+00:00,,,ACESSO A SISTEMAS > SOE,Entidade raiz > PIRATINI > CENTRAL DE ATENDIMENTOS > CASA CIVIL,,pablo-guimaraes,maristela-kaminski
5427,5543,Atendimento ao usuário Suporte - ADMINISTRATIVO,6,3,2,2024-09-24 15:29:49+00:00,2024-09-24 16:27:26+00:00,,,AJUDA E SUPORTE > ATENDIMENTO AO USUÁRIO,Entidade raiz > PIRATINI > CENTRAL DE ATENDIMENTOS > SECOM,,thales-leite,andre-graminho
5428,5544,Acesso a Sistemas\Reset de Senha de Rede,6,3,2,2024-09-24 17:14:12+00:00,2024-09-24 17:17:05+00:00,,,ACESSO A SISTEMAS > REDE > RESET DE SENHA,Entidade raiz > PIRATINI > CENTRAL DE ATENDIMENTOS > CASA CIVIL,R. Duque de Caxias 951 (Banrisul),anderson-oliveira,marcia-laitano
5429,5545,"Atendimento ao usuário Suporte - Departamento de Apoio Administrativo, no 1ºandar da Superintendência de Portos e Hidrovias",6,3,2,2024-09-25 09:07:58+00:00,2024-09-25 16:37:27+00:00,,,AJUDA E SUPORTE > ATENDIMENTO AO USUÁRIO,Entidade raiz > PIRATINI,Maua 1050,"alessandro-vieira, thales-leite, leonardo-riela",marcio-benites
5430,5546,Acesso a Sistemas  - GDG - OUTRO,6,3,2,2024-09-25 09:24:07+00:00,2024-09-26 10:15:07+00:00,,,ACESSO A SISTEMAS > SOE,Entidade raiz > PIRATINI > CENTRAL DE ATENDIMENTOS > CASA CIVIL,,"pablo-guimaraes, miguelangelo",maristela-kaminski
5431,5547,Acesso a Sistemas  - GDG - LIBERAR ACESSO,6,3,2,2024-09-25 09:30:18+00:00,2024-09-26 10:17:15+00:00,,,ACESSO A SISTEMAS > SOE,Entidade raiz > PIRATINI > CENTRAL DE ATENDIMENTOS > CASA CIVIL,,"pablo-guimaraes, miguelangelo",maristela-kaminski
5432,5548,Acesso a Sistemas  - GDG - LIBERAR ACESSO,6,3,2,2024-09-25 09:33:22+00:00,2024-09-26 10:18:14+00:00,,,ACESSO A SISTEMAS > SOE,Entidade raiz > PIRATINI > CENTRAL DE ATENDIMENTOS > CASA CIVIL,,"pablo-guimaraes, miguelangelo",maristela-kaminski
5434,5550,Acesso a Sistemas  - GDG - LIBERAR ACESSO,6,3,2,2024-09-25 09:35:25+00:00,2024-09-26 10:18:57+00:00,,,ACESSO A SISTEMAS > SOE,Entidade raiz > PIRATINI > CENTRAL DE ATENDIMENTOS > CASA CIVIL,,miguelangelo,maristela-kaminski
5435,5551,Acesso a Sistemas  - GDG - LIBERAR ACESSO,6,3,2,2024-09-25 09:36:22+00:00,2024-09-26 10:19:21+00:00,,,ACESSO A SISTEMAS > SOE,Entidade raiz > PIRATINI > CENTRAL DE ATENDIMENTOS > CASA CIVIL,,"pablo-guimaraes, miguelangelo",maristela-kaminski
5436,5552,Acesso a Sistemas  - GDG - LIBERAR ACESSO,6,3,2,2024-09-25 09:37:10+00:00,2024-09-26 10:19:39+00:00,,,ACESSO A SISTEMAS > SOE,Entidade raiz > PIRATINI > CENTRAL DE ATENDIMENTOS > CASA CIVIL,,"pablo-guimaraes, miguelangelo",maristela-kaminski
5437,5553,Acesso a Sistemas Rede Piratini,6,3,2,2024-09-25 09:49:11+00:00,2024-09-25 10:24:30+00:00,,,ACESSO A SISTEMAS > REDE > RESET DE SENHA,Entidade raiz > PIRATINI > CENTRAL DE ATENDIMENTOS > CASA MILITAR,,anderson-oliveira,arlindo-oliveira
5438,5554,Atendimento ao usuário Suporte - Subchefia Juridica,6,3,2,2024-09-25 09:56:38+00:00,2024-09-25 10:35:59+00:00,,,AJUDA E SUPORTE > INSTALAÇÃO DE SOFTWARE,Entidade raiz > PIRATINI > CENTRAL DE ATENDIMENTOS > CASA CIVIL,,luciano-silva,wagner-araujo
5439,5555,Atendimento ao usuário Suporte - ADMINISTRATIVO,6,3,2,2024-09-25 11:07:48+00:00,2024-09-25 13:57:04+00:00,,,ACESSO A SISTEMAS > OFFICE 365,Entidade raiz > PIRATINI > CENTRAL DE ATENDIMENTOS > SECOM,,anderson-oliveira,andre-graminho
5440,5556,INGRESSO DE SERVIDOR,6,4,2,2024-09-25 11:17:37+00:00,2024-09-26 10:24:58+00:00,,,ACESSO A SISTEMAS > OFFICE 365 > EMAIL > NOVO USUÁRIO,Entidade raiz > PIRATINI > CENTRAL DE ATENDIMENTOS > CASA CIVIL > Secretaria-Executiva > Subchefia Administrativa > Departamento de Gestão de Atos e Pessoal > Divisão de Gestão de Pessoas,R. Duque de Caxias 951 (Banrisul),"silvio-valim, miguelangelo, anderson-oliveira",silvia-leopoldino
5441,5557,Acesso a Sistemas \ Remover Acesso,6,3,2,2024-09-25 11:40:08+00:00,2024-09-26 09:29:50+00:00,,,ACESSO A SISTEMAS > SOE > PROA > REMOVER DE GRUPO,Entidade raiz > PIRATINI > CENTRAL DE ATENDIMENTOS > CASA CIVIL,R. Duque de Caxias 951 (Banrisul),"pablo-guimaraes, miguelangelo",daniela-cunha
5442,5559,Acesso a Sistemas Rede Piratini,6,3,2,2024-09-25 11:51:09+00:00,2024-09-25 13:43:26+00:00,,,ACESSO A SISTEMAS > REDE > LIBERAÇÃO DE ACESSO > NOVO USUÁRIO,Entidade raiz > PIRATINI > CENTRAL DE ATENDIMENTOS > CASA CIVIL,,anderson-oliveira,dorinha-jirkowsky
5443,5560,OFFICE 365 // NOVA CONTA DE EMAIL - DAA -Divisão de Apoio Administrativo da Subchefia Jurídica,6,3,2,2024-09-25 13:16:49+00:00,2024-09-25 16:21:02+00:00,,,ACESSO A SISTEMAS > OFFICE 365 > EMAIL > NOVO USUÁRIO,Entidade raiz > PIRATINI > CENTRAL DE ATENDIMENTOS > CASA CIVIL,R. Duque de Caxias 951 (Banrisul),silvio-valim,dorinha-jirkowsky
5444,5561,Suporte para assinar digitalmente // GG - Gabinete // Ester Gazalle,6,3,1,2024-09-25 13:19:01+00:00,2024-09-25 13:19:14+00:00,,,AJUDA E SUPORTE,Entidade raiz > PIRATINI > CENTRAL DE ATENDIMENTOS,,,
5445,5562,Auxílio para Imprimir // CC - Subchefia Parlamentar // Ana Avancini,6,3,2,2024-09-25 14:15:55+00:00,2024-09-25 14:16:03+00:00,,,AJUDA E SUPORTE > ATENDIMENTO AO USUÁRIO,Entidade raiz > PIRATINI > CENTRAL DE ATENDIMENTOS > CASA CIVIL,,silvio-valim,ana-avancini
5446,5563,Escanear documentos // CC - Subchefia do Interior // Juliana Lima,6,3,2,2024-09-25 14:19:27+00:00,2024-09-25 14:19:36+00:00,,,AJUDA E SUPORTE > ATENDIMENTO AO USUÁRIO,Entidade raiz > PIRATINI > CENTRAL DE ATENDIMENTOS > CASA CIVIL,,silvio-valim,juliana-lima
5459,5576,Criação de Políticas de Acesso SharePoint // CC - SJ // henrique-fernandes,6,3,2,2024-09-26 12:00:00+00:00,2024-10-09 10:14:53+00:00,,,ACESSO A SISTEMAS > OFFICE 365,Entidade raiz > PIRATINI > CENTRAL DE ATENDIMENTOS > CASA CIVIL,,pablo-guimaraes,"henrique-fernandes, edson-pereira"
5447,5564,INCIDENTE  - ouvidoria geral,6,3,2,2024-09-25 16:37:25+00:00,2024-09-26 15:39:35+00:00,,,DTIC > EQUIPAMENTOS > MANUTENÇÃO,Entidade raiz > PIRATINI > CENTRAL DE ATENDIMENTOS > CASA CIVIL,CAFF > 1° Andar - Ouvidoria,thales-leite,regina-costa
5448,5565,Acesso a Sistemas\Reset de Senha de Rede,6,3,2,2024-09-25 17:12:05+00:00,2024-09-25 17:12:39+00:00,,,ACESSO A SISTEMAS > REDE > RESET DE SENHA,Entidade raiz > PIRATINI > CENTRAL DE ATENDIMENTOS > CASA CIVIL,Memorial do Ministério Público,anderson-oliveira,amanda-bordin
5449,5566,INCIDENTE  - Defesa Civil,6,3,2,2024-09-26 07:49:43+00:00,2024-09-26 15:59:02+00:00,,,DTIC > INFRAESTRUTURA > PROBLEMA DE REDE,Entidade raiz > PIRATINI > CENTRAL DE ATENDIMENTOS > CASA MILITAR,,edson-silva,ana-duarte
5450,5567,Acesso a Sistemas Rede Piratini,6,3,2,2024-09-26 08:47:52+00:00,2024-09-26 09:29:59+00:00,,,ACESSO A SISTEMAS > REDE > LIBERAÇÃO DE ACESSO > NOVO USUÁRIO,Entidade raiz > PIRATINI > CENTRAL DE ATENDIMENTOS > CASA CIVIL,Casa Civil 1005,jorge-vicente,jorge-vicente
5451,5568,INCIDENTE  - Divisão de Atos de Pessoal - SPH (1º Andar),6,3,2,2024-09-26 10:43:09+00:00,2024-09-30 11:12:30+00:00,,,ACESSO A SISTEMAS > SOE > FPE,Entidade raiz > PIRATINI > CENTRAL DE ATENDIMENTOS > CASA CIVIL,,miguelangelo,francisco-barros
5452,5569,Atendimento ao usuário Suporte - Departamento de Conservacao e Memoria ,6,3,2,2024-09-26 11:14:03+00:00,2024-09-27 14:58:22+00:00,,,AJUDA E SUPORTE > INSTALAÇÃO DE SOFTWARE,Entidade raiz > PIRATINI > CENTRAL DE ATENDIMENTOS > GG,,alessandro-vieira,taizi-nunes
5453,5570,Acesso a Sistemas / SOE / PROA - Reset de Senha,6,3,2,2024-09-26 11:14:26+00:00,2024-09-26 11:57:15+00:00,,,AJUDA E SUPORTE > ATENDIMENTO AO USUÁRIO,Entidade raiz > PIRATINI > CENTRAL DE ATENDIMENTOS > CASA CIVIL,,anderson-oliveira,marcio-pias
5454,5571,Atendimento ao usuário Suporte - duque de caxias 1005,6,3,2,2024-09-26 11:15:33+00:00,2024-09-26 11:49:00+00:00,,,AJUDA E SUPORTE > ATENDIMENTO AO USUÁRIO,Entidade raiz > PIRATINI > CENTRAL DE ATENDIMENTOS > CASA CIVIL,,edson-silva,ryslanne-morais
5455,5572,Atendimento ao usuário Suporte - Publicidade,6,3,2,2024-09-26 13:45:22+00:00,2024-09-26 13:51:15+00:00,,,ACESSO A SISTEMAS > REDE > RESET DE SENHA,Entidade raiz > PIRATINI > CENTRAL DE ATENDIMENTOS > SECOM,,anderson-oliveira,andre-graminho
5456,5573,OFFICE 365 // NOVO USUÁRIO,6,3,2,2024-09-26 14:11:01+00:00,2024-09-26 17:04:43+00:00,,,ACESSO A SISTEMAS > REDE > LIBERAÇÃO DE ACESSO > NOVO USUÁRIO,Entidade raiz > PIRATINI > CENTRAL DE ATENDIMENTOS > CASA CIVIL,R. Duque de Caxias 951 (Banrisul),"silvio-valim, miguelangelo, anderson-oliveira","janice-barbosa, luciano-silva"
5457,5574,OUTLOOK // ADICIONAR/EXCLUIR USUÁRIO DE CAIXA COMPARTILHADA - ADMINISTRATIVO,6,3,2,2024-09-26 15:13:20+00:00,2024-09-26 15:25:12+00:00,,,ACESSO A SISTEMAS > OFFICE 365 > EMAIL > CAIXA COMPARTILHADA,Entidade raiz > PIRATINI > CENTRAL DE ATENDIMENTOS > SECOM,,jorge-vicente,andre-graminho
5458,5575,Acesso a Sistemas Rede Piratini,6,3,2,2024-09-27 09:31:40+00:00,2024-09-27 09:43:00+00:00,,,ACESSO A SISTEMAS > REDE > LIBERAÇÃO DE ACESSO,Entidade raiz > PIRATINI > CENTRAL DE ATENDIMENTOS > CASA MILITAR,,anderson-oliveira,marilei-teloken
5461,5579,OFFICE 365 // ASSESSORIA ESPECÍFICA  - Assessoria de Comunicação,6,3,2,2024-09-27 15:25:14+00:00,2024-09-30 08:51:34+00:00,,,ACESSO A SISTEMAS > OFFICE 365,Entidade raiz > PIRATINI > CENTRAL DE ATENDIMENTOS > GVG,,silvio-valim,carla-calero
5462,5580,Acesso a Sistemas  - GCE - DESBLOQUEAR USUÁRIO,6,3,2,2024-09-27 15:47:11+00:00,2024-09-27 15:48:58+00:00,,,AJUDA E SUPORTE > ATENDIMENTO AO USUÁRIO,Entidade raiz > PIRATINI > CENTRAL DE ATENDIMENTOS > CASA CIVIL,Maua 1050 > 1° Andar,anderson-oliveira,carlos-marques
5463,5581,Acesso a Sistemas  - PROA - DESBLOQUEAR USUÁRIO,6,3,2,2024-09-27 15:47:54+00:00,2024-09-27 15:50:17+00:00,,,AJUDA E SUPORTE > ATENDIMENTO AO USUÁRIO,Entidade raiz > PIRATINI > CENTRAL DE ATENDIMENTOS > CASA CIVIL,,anderson-oliveira,carlos-marques
5464,5582,Atendimento ao usuário Suporte - Administrativo - SECOM,5,3,2,2024-09-27 16:07:55+00:00,2024-10-04 16:15:07+00:00,,,DTIC > EQUIPAMENTOS > MANUTENÇÃO,Entidade raiz > PIRATINI > CENTRAL DE ATENDIMENTOS > SECOM,,"edson-silva, alessandro-vieira",andre-graminho
5465,5583,INCIDENTE  - Departamento de Compras e Contratos,6,3,2,2024-09-27 16:45:06+00:00,2024-09-27 17:14:13+00:00,,,DTIC > INFRAESTRUTURA > OUTROS,Entidade raiz > PIRATINI > CENTRAL DE ATENDIMENTOS > CASA CIVIL,,"anderson-oliveira, thales-leite",mario-fleck
5466,5584,Acesso a Sistemas\PROA,6,3,2,2024-09-27 17:17:49+00:00,2024-09-30 11:11:47+00:00,,,ACESSO A SISTEMAS > SOE > PROA > ADICIONAR A GRUPO,Entidade raiz > PIRATINI > CENTRAL DE ATENDIMENTOS > CASA CIVIL,R. Duque de Caxias 951 (Banrisul),miguelangelo,michelle-lucas
5467,5585,Atendimento ao usuário Suporte - DAMAC,6,3,2,2024-09-30 08:41:56+00:00,2024-09-30 09:08:18+00:00,,,AJUDA E SUPORTE > ATENDIMENTO AO USUÁRIO,Entidade raiz > PIRATINI > CENTRAL DE ATENDIMENTOS > CASA CIVIL,R. Duque de Caxias 951 (Banrisul),"anderson-oliveira, luciano-silva",rose-santos
5468,5586,INFRAESTRUTURA \REDES,5,3,2,2024-09-30 09:02:40+00:00,2024-09-30 15:23:59+00:00,,,DTIC > INFRAESTRUTURA,Entidade raiz > PIRATINI > CENTRAL DE ATENDIMENTOS > GG,,,bruno-rien
5469,5587,Acesso a Sistemas Rede Piratini,6,3,2,2024-09-30 10:08:35+00:00,2024-09-30 10:29:01+00:00,,,ACESSO A SISTEMAS > REDE > RESET DE SENHA,Entidade raiz > PIRATINI > CENTRAL DE ATENDIMENTOS > GVG,,anderson-oliveira,melissa-bulegon
5470,5588,Acesso a Sistemas  - GCE - DESBLOQUEAR USUÁRIO,6,3,2,2024-09-30 10:09:43+00:00,2024-09-30 10:22:52+00:00,,,AJUDA E SUPORTE > ATENDIMENTO AO USUÁRIO,Entidade raiz > PIRATINI > CENTRAL DE ATENDIMENTOS > CASA CIVIL,,anderson-oliveira,silvane-ratz
5471,5589,Acesso a Sistemas  - PROA - DESBLOQUEAR USUÁRIO,6,3,2,2024-09-30 10:10:28+00:00,2024-09-30 10:21:37+00:00,,,AJUDA E SUPORTE > ATENDIMENTO AO USUÁRIO,Entidade raiz > PIRATINI > CENTRAL DE ATENDIMENTOS > CASA CIVIL,,anderson-oliveira,silvane-ratz
5472,5590,Acesso a Sistemas  - GCE - DESBLOQUEAR USUÁRIO,6,3,2,2024-09-30 11:15:57+00:00,2024-09-30 11:51:11+00:00,,,AJUDA E SUPORTE > ATENDIMENTO AO USUÁRIO,Entidade raiz > PIRATINI > CENTRAL DE ATENDIMENTOS > CASA CIVIL,,anderson-oliveira,silvane-ratz
5473,5591,Acesso a Sistemas\Impressora,6,3,2,2024-09-30 11:33:41+00:00,2024-09-30 14:01:33+00:00,,,DTIC > EQUIPAMENTOS > CONFIGURAÇÃO,Entidade raiz > PIRATINI > CENTRAL DE ATENDIMENTOS > CASA CIVIL,,jorge-vicente,anderson-oliveira
5474,5592,Acesso a Sistemas\Reset de Senha de Rede,6,3,2,2024-09-30 15:21:13+00:00,2024-09-30 15:22:08+00:00,,,ACESSO A SISTEMAS > REDE > RESET DE SENHA,Entidade raiz > PIRATINI > CENTRAL DE ATENDIMENTOS > GG,,anderson-oliveira,"pablo-guimaraes, hairlaine-freitas"
5476,5594,Relatório mensal computadores AD // CC - DTI // Lucas Sergio,6,3,2,2024-09-30 15:36:00+00:00,2024-09-30 15:36:10+00:00,,,DTIC > INFRAESTRUTURA,Entidade raiz > PIRATINI > CENTRAL DE ATENDIMENTOS,,,
5477,5595,PROA LIBERAR ACESSO A GRUPO,5,3,2,2024-09-30 16:04:56+00:00,2024-10-14 13:59:44+00:00,,,ACESSO A SISTEMAS > SOE > PROA > ADICIONAR A GRUPO,Entidade raiz > PIRATINI > CENTRAL DE ATENDIMENTOS > SECOM,,pablo-guimaraes,cristiano-tavares
5478,5596,Atendimento ao usuário Suporte - Jornalismo,5,3,2,2024-09-30 16:22:55+00:00,2024-09-30 16:47:39+00:00,,,AJUDA E SUPORTE > ATENDIMENTO AO USUÁRIO,Entidade raiz > PIRATINI > CENTRAL DE ATENDIMENTOS > SECOM,,,andre-graminho
5479,5597,Atendimento ao usuário Suporte - Publicidade,5,3,2,2024-09-30 16:41:42+00:00,2024-09-30 16:46:01+00:00,,,AJUDA E SUPORTE > ATENDIMENTO AO USUÁRIO,Entidade raiz > PIRATINI > CENTRAL DE ATENDIMENTOS > SECOM,,,andre-graminho
5480,5598,Atendimento ao usuário Suporte - Sala do Arquivo - Subsolo 1005,5,3,2,2024-10-01 10:07:54+00:00,2024-10-01 11:03:26+00:00,,,AJUDA E SUPORTE > ATENDIMENTO AO USUÁRIO,Entidade raiz > PIRATINI > CENTRAL DE ATENDIMENTOS > CASA CIVIL,,"alessandro-vieira, anderson-oliveira",caroline-silva
5481,5599,Acesso a Sistemas  - RHE - OUTRO,5,3,2,2024-10-01 10:57:16+00:00,2024-10-01 11:40:20+00:00,,,AJUDA E SUPORTE > ATENDIMENTO AO USUÁRIO,Entidade raiz > PIRATINI > CENTRAL DE ATENDIMENTOS > CASA CIVIL,,"alessandro-vieira, leonardo-riela",maristela-kaminski
5482,5600,Atendimento ao usuário Suporte - GVG,5,3,2,2024-10-01 12:37:55+00:00,2024-10-01 13:02:24+00:00,,,AJUDA E SUPORTE > ATENDIMENTO AO USUÁRIO,Entidade raiz > PIRATINI > CENTRAL DE ATENDIMENTOS > GVG,,,melissa-bulegon
5483,5601,Acesso a Sistemas  - FPE - LIBERAR ACESSO,5,3,2,2024-10-01 13:08:19+00:00,2024-10-04 11:15:03+00:00,,,,Entidade raiz > PIRATINI > CENTRAL DE ATENDIMENTOS > CASA CIVIL,,pablo-guimaraes,yasmine-freitas
5484,5602,MANCHAS NA IMPRESSÃO - gabinete da casa civil (MP),5,3,1,2024-10-01 15:00:27+00:00,2024-10-01 17:06:04+00:00,,,DTIC > EQUIPAMENTOS > MANUTENÇÃO,Entidade raiz > PIRATINI > CENTRAL DE ATENDIMENTOS > CASA CIVIL,Memorial do Ministério Público,,abigail-correa
5485,5603,IMPRESSORA TROCA DE TONNER - Sala do Apoio do Governador na ALA RESIDENCIAL,5,3,2,2024-10-01 15:04:42+00:00,2024-10-01 17:05:19+00:00,,,DTIC > EQUIPAMENTOS > MANUTENÇÃO,Entidade raiz > PIRATINI > CENTRAL DE ATENDIMENTOS > GG,,,luciana-conca
5486,5604,Acesso a Sistemas  - GDG - OUTRO,5,3,2,2024-10-01 15:07:08+00:00,2024-10-22 16:28:39+00:00,,,ACESSO A SISTEMAS > SOE,Entidade raiz > PIRATINI > CENTRAL DE ATENDIMENTOS > CASA CIVIL,,miguelangelo,daniela-laitano
5487,5605,Acesso a Sistemas  - Geral - DESBLOQUEAR USUÁRIO,6,3,2,2024-10-01 15:08:14+00:00,2024-10-01 16:57:56+00:00,,,ACESSO A SISTEMAS > REDE > RESET DE SENHA,Entidade raiz > PIRATINI > CENTRAL DE ATENDIMENTOS > SECOM,,silvio-valim,jean-rangel
5488,5606,INCIDENTE  - gabinete da casa civil MP,5,3,2,2024-10-01 15:21:35+00:00,2024-10-01 15:36:04+00:00,,,AJUDA E SUPORTE > ATENDIMENTO AO USUÁRIO,Entidade raiz > PIRATINI > CENTRAL DE ATENDIMENTOS > CASA CIVIL,,anderson-oliveira,abigail-correa
5489,5607,Atendimento ao usuário Suporte - DEPARTAMENTO DE RESIDÊNCIAS OFICIAIS,6,3,2,2024-10-01 17:15:14+00:00,2024-10-08 09:44:44+00:00,,,AJUDA E SUPORTE > ATENDIMENTO AO USUÁRIO,Entidade raiz > PIRATINI > CENTRAL DE ATENDIMENTOS > CASA MILITAR,,edson-silva,junior-bittencourt
5490,5608,Requisição de Equipamento de TI - Apresentação Casa Civil SPH,5,3,2,2024-10-02 09:32:27+00:00,2024-10-03 16:28:05+00:00,,,AJUDA E SUPORTE > MOVIMENTO DE EQUIPAMENTOS DE TI > REQUISIÇÃO,Entidade raiz > PIRATINI > CENTRAL DE ATENDIMENTOS > CASA CIVIL,Maua 1050,thales-leite,thales-leite
5491,5609,Reset de Senha // CC - Subchefia Legislativa // Luiz Gustavo Borges Carnelos,6,3,1,2024-10-02 10:00:16+00:00,2024-10-02 10:01:02+00:00,,,ACESSO A SISTEMAS > REDE > RESET DE SENHA,Entidade raiz > PIRATINI > CENTRAL DE ATENDIMENTOS > CASA CIVIL,Casa Civil 1005 > Subsolo,jorge-vicente,luiz-carnelos
5492,5610,Verificação Tunelamento acesso as pastas,6,3,2,2024-10-02 10:05:45+00:00,2024-10-02 11:48:36+00:00,,,AJUDA E SUPORTE > ATENDIMENTO AO USUÁRIO,Entidade raiz > PIRATINI > CENTRAL DE ATENDIMENTOS > CASA CIVIL,,edson-silva,fernanda-marques
5493,5611,Configuração de Máquina // GG - SEIDAPE // hailaine-freitas,6,3,2,2024-10-01 12:00:00+00:00,2024-10-02 10:45:41+00:00,,,AJUDA E SUPORTE > ATENDIMENTO AO USUÁRIO,Entidade raiz > PIRATINI > CENTRAL DE ATENDIMENTOS,,"pablo-guimaraes, anderson-oliveira",hairlaine-freitas
5494,5612,INCIDENTE  - Coordenadoria Estadual de Proteção e Defesa Civil,6,3,2,2024-10-02 10:45:03+00:00,2024-10-04 13:52:19+00:00,,,DTIC > EQUIPAMENTOS > MANUTENÇÃO,Entidade raiz > PIRATINI > CENTRAL DE ATENDIMENTOS > CASA MILITAR,Defesa Civil / Andrade Neves,"anderson-oliveira, leonardo-riela","jose-bones, elisandra-decantam"
5495,5613,OFFICE 365 // ASSESSORIA ESPECÍFICA  - DPO,5,3,2,2024-10-02 11:14:29+00:00,2025-02-06 17:59:45+00:00,,,ACESSO A SISTEMAS > OFFICE 365,Entidade raiz > PIRATINI > CENTRAL DE ATENDIMENTOS > CASA CIVIL,,"silvio-valim, pablo-guimaraes, anderson-oliveira",vanessa-konrath
5496,5614,Atendimento ao usuário Suporte - Casa Civil - AG,5,3,2,2024-10-02 11:31:22+00:00,2024-12-04 15:14:14+00:00,,,DTIC > INFRAESTRUTURA > WI-FI,Entidade raiz > PIRATINI > CENTRAL DE ATENDIMENTOS > GG,,jorge-vicente,bruno-rien
5497,5615,Atendimento ao usuário Suporte - Conservação e Memória,5,3,2,2024-10-02 11:49:45+00:00,2024-10-11 09:14:13+00:00,,,DTIC > INFRAESTRUTURA > WI-FI,Entidade raiz > PIRATINI > CENTRAL DE ATENDIMENTOS > GG,Palácio do Piratini,,bruno-rien
5498,5616,Acesso a Sistemas Rede Piratini,5,3,2,2024-10-02 14:50:10+00:00,2024-10-03 10:29:26+00:00,,,ACESSO A SISTEMAS > OFFICE 365 > EMAIL > NOVO USUÁRIO,Entidade raiz > PIRATINI > CENTRAL DE ATENDIMENTOS > SECOM,,"miguelangelo, jorge-vicente",andre-graminho
5499,5617,Ajuda e Suporte \ Atendimento ao usuário,5,3,2,2024-10-02 15:09:40+00:00,2024-10-02 15:27:45+00:00,,,AJUDA E SUPORTE > ATENDIMENTO AO USUÁRIO,Entidade raiz > PIRATINI > CENTRAL DE ATENDIMENTOS > GG,Palacio Piratini - Ala Residencial,leonardo-riela,luciana-conca
5500,5618,Ajuda e Suporte \ Equipamentos,5,3,2,2024-10-02 16:14:27+00:00,2024-10-21 09:05:53+00:00,,,DTIC > EQUIPAMENTOS > RECOLHIMENTO,Entidade raiz > PIRATINI > CENTRAL DE ATENDIMENTOS > CASA CIVIL,Maua 1050,thales-leite,thales-leite
5501,5619,Atendimento ao usuário Suporte - Gabinete da SECOM,5,3,2,2024-10-02 16:19:45+00:00,2024-10-03 16:27:14+00:00,,,AJUDA E SUPORTE > ATENDIMENTO AO USUÁRIO,Entidade raiz > PIRATINI > CENTRAL DE ATENDIMENTOS > SECOM,,"edson-silva, anderson-oliveira, leonardo-riela",andre-graminho
5502,5620,Atendimento ao usuário Suporte - ADMINISTRATIVO,5,3,2,2024-10-02 17:33:34+00:00,2024-10-03 10:25:03+00:00,,,AJUDA E SUPORTE > ATENDIMENTO AO USUÁRIO,Entidade raiz > PIRATINI > CENTRAL DE ATENDIMENTOS > SECOM,,miguelangelo,andre-graminho
5503,5621,Atendimento ao usuário Suporte - Divisão de Materiais e Patrimônio,5,3,2,2024-10-03 09:09:20+00:00,2024-10-07 12:19:25+00:00,,,DTIC > SISTEMAS > REMOÇÃO DE ACESSO SISTEMA,Entidade raiz > PIRATINI > CENTRAL DE ATENDIMENTOS > CASA CIVIL,,"silvio-valim, miguelangelo, jorge-vicente",diego-mattiello
5504,5622,Acesso a Sistemas Rede Piratini,5,3,2,2024-10-03 09:37:16+00:00,2024-10-03 11:14:15+00:00,,,ACESSO A SISTEMAS > OFFICE 365 > EMAIL > NOVO USUÁRIO,Entidade raiz > PIRATINI > CENTRAL DE ATENDIMENTOS > SECOM,,"miguelangelo, anderson-oliveira",andre-graminho
5505,5623,Acesso a Sistemas  - Geral - OUTRO,5,3,2,2024-10-03 10:12:51+00:00,2024-10-03 10:44:52+00:00,,,,Entidade raiz > PIRATINI > CENTRAL DE ATENDIMENTOS > CASA CIVIL,,leonardo-riela,maristela-kaminski
5506,5624,Acesso a Sistemas  - PROA - LIBERAR ACESSO,5,3,2,2024-10-03 10:56:05+00:00,2024-10-03 14:35:49+00:00,,,ACESSO A SISTEMAS > SOE > PROA,Entidade raiz > PIRATINI > CENTRAL DE ATENDIMENTOS > CASA CIVIL,R. Duque de Caxias 951 (Banrisul),miguelangelo,adriana-bielefeld
5507,5625,Outlook //CAIXA COMPARTILHADA - SAEF - Departamento de Execução Orçamentária Federal,5,3,2,2024-10-03 11:56:19+00:00,2024-10-03 15:04:56+00:00,,,ACESSO A SISTEMAS > OFFICE 365 > EMAIL > CAIXA COMPARTILHADA,Entidade raiz > PIRATINI > CENTRAL DE ATENDIMENTOS > CASA CIVIL,,anderson-oliveira,alba-santos
5508,5626,Acesso a Sistemas  - GDG - LIBERAR ACESSO,6,3,2,2024-10-03 12:00:01+00:00,2024-10-03 14:57:16+00:00,,,DTIC > SISTEMAS > REMOÇÃO DE ACESSO SISTEMA,Entidade raiz > PIRATINI > CENTRAL DE ATENDIMENTOS > GG,,miguelangelo,jovana-fonseca
5509,5627,IMPRESSORA PASTA SCAN,5,3,2,2024-10-03 12:19:30+00:00,2024-10-03 13:36:05+00:00,,,DTIC > EQUIPAMENTOS > CONFIGURAÇÃO,Entidade raiz > PIRATINI > CENTRAL DE ATENDIMENTOS > SECOM,,jorge-vicente,manoella-rodrigues
5510,5628,Impressora - Substituição de Toner Preto Impressora MP,5,3,1,2024-10-03 13:01:58+00:00,2024-10-03 13:33:28+00:00,,,IMPRESSORA,Entidade raiz > PIRATINI > CENTRAL DE ATENDIMENTOS > CASA CIVIL,,jorge-vicente,amanda-bordin
5511,5629,Acesso a Sistemas Rede Piratini,5,3,2,2024-10-03 14:17:29+00:00,2024-10-03 17:26:53+00:00,,,ACESSO A SISTEMAS > REDE > LIBERAÇÃO DE ACESSO,Entidade raiz > PIRATINI > CENTRAL DE ATENDIMENTOS > GG,,anderson-oliveira,patricia-bicoski
5588,5706,Remoção de Grupo GDG // CC - SAA // pablo-guimaraes,5,3,2,2024-10-10 12:00:00+00:00,2024-10-22 16:27:57+00:00,,,ACESSO A SISTEMAS > SOE,Entidade raiz > PIRATINI > CENTRAL DE ATENDIMENTOS > CASA CIVIL > Secretaria-Executiva > Subchefia Administrativa > Departamento de Tecnologia e Informação,,pablo-guimaraes,pablo-guimaraes
5512,5630,Acesso a Sistemas  - Túnel PROCERGS - LIBERAR ACESSO,5,3,2,2024-10-03 15:17:39+00:00,2024-10-03 15:42:17+00:00,,,,Entidade raiz > PIRATINI > CENTRAL DE ATENDIMENTOS > CASA CIVIL,,jorge-vicente,edson-pereira
5513,5631,Atendimento ao usuário Suporte - Maua 1050,6,3,2,2024-10-03 15:34:35+00:00,2024-10-04 14:54:13+00:00,,,AJUDA E SUPORTE > ATENDIMENTO AO USUÁRIO,Entidade raiz > PIRATINI > CENTRAL DE ATENDIMENTOS > CASA CIVIL,Maua 1050,thales-leite,maristela-kaminski
5514,5632,OFFICE 365 // ASSESSORIA ESPECÍFICA  - Conselho do Rio Grande ,5,3,2,2024-10-03 16:10:52+00:00,2024-10-07 12:20:03+00:00,,,ACESSO A SISTEMAS > OFFICE 365,Entidade raiz > PIRATINI > CENTRAL DE ATENDIMENTOS > GVG,,,carla-calero
5515,5633,PROA REMOVER ACESSO A GRUPO,5,3,2,2024-10-03 16:13:34+00:00,2024-10-08 14:21:11+00:00,,,ACESSO A SISTEMAS > SOE > PROA > REMOVER DE GRUPO,Entidade raiz > PIRATINI > CENTRAL DE ATENDIMENTOS > SECOM,,"pablo-guimaraes, miguelangelo, anderson-oliveira",cristiano-tavares
5516,5634,Atendimento ao usuário Suporte - Departamento de Conservação e Memória,5,3,2,2024-10-03 16:13:37+00:00,2024-10-03 16:51:56+00:00,,,AJUDA E SUPORTE > ATENDIMENTO AO USUÁRIO,Entidade raiz > PIRATINI > CENTRAL DE ATENDIMENTOS > GG,,,iago-cavalheiro
5517,5635,PROA REMOVER ACESSO A GRUPO,5,3,2,2024-10-03 16:15:01+00:00,2024-10-10 09:48:15+00:00,,,DTIC > SISTEMAS > REMOÇÃO DE ACESSO SISTEMA,Entidade raiz > PIRATINI > CENTRAL DE ATENDIMENTOS > SECOM,,"miguelangelo, jorge-vicente, anderson-oliveira",cristiano-tavares
5518,5636,"Atendimento ao usuário Suporte - Sede da Defesa Civil - Andrade Neves, 106",5,3,2,2024-10-04 11:09:04+00:00,2024-10-04 11:44:04+00:00,,,AJUDA E SUPORTE > ATENDIMENTO AO USUÁRIO,Entidade raiz > PIRATINI > CENTRAL DE ATENDIMENTOS > CASA MILITAR,,pablo-guimaraes,rodrigo-duarte
5519,5637,Falhas ao Acessar MSO // CC - DTI // Silvio Valim,6,3,2,2024-10-04 11:22:44+00:00,2024-10-04 11:23:07+00:00,,,ACESSO A SISTEMAS > OFFICE 365,Entidade raiz > PIRATINI > CENTRAL DE ATENDIMENTOS,,silvio-valim,silvio-valim
5520,5638,Atendimento ao usuário Suporte - Gabinete da SECOM,5,3,2,2024-10-04 11:22:54+00:00,2024-10-04 16:31:10+00:00,,,AJUDA E SUPORTE > ATENDIMENTO AO USUÁRIO,Entidade raiz > PIRATINI > CENTRAL DE ATENDIMENTOS > SECOM,,,andre-graminho
5521,5639,Atendimento ao usuário Suporte - ADMINISTRATIVO,5,3,2,2024-10-04 11:52:40+00:00,2024-10-14 14:49:54+00:00,,,DTIC > EQUIPAMENTOS > CONFIGURAÇÃO,Entidade raiz > PIRATINI > CENTRAL DE ATENDIMENTOS > SECOM,,"edson-silva, leonardo-riela",andre-graminho
5522,5640,Acesso a Sistemas\Reset de Senha de Rede,5,3,2,2024-10-04 12:06:08+00:00,2024-10-04 12:06:23+00:00,,,ACESSO A SISTEMAS > REDE > RESET DE SENHA,Entidade raiz > PIRATINI > CENTRAL DE ATENDIMENTOS > CASA CIVIL,,anderson-oliveira,fernando-tonetto
5523,5641,Atendimento ao usuário Suporte - DMP,5,3,2,2024-10-04 13:51:43+00:00,2024-10-04 15:00:27+00:00,,,AJUDA E SUPORTE > ATENDIMENTO AO USUÁRIO,Entidade raiz > PIRATINI > CENTRAL DE ATENDIMENTOS > CASA CIVIL,,leonardo-riela,melina-andrade
5535,5653,Atendimento ao usuário Suporte - 4°pavimento,5,3,2,2024-10-07 10:13:12+00:00,2024-10-10 16:34:44+00:00,,,DTIC > INFRAESTRUTURA > OUTROS,Entidade raiz > PIRATINI > CENTRAL DE ATENDIMENTOS > GG,,,bruno-rien
5524,5642,OFFICE 365 // NOVA CONTA DE EMAIL - CASA MILITAR - OPERAÇÕES - GABINETE DO VICE-GOVERNADOR,5,3,2,2024-10-04 15:12:48+00:00,2024-10-04 16:35:33+00:00,,,ACESSO A SISTEMAS > OFFICE 365 > EMAIL > NOVO USUÁRIO,Entidade raiz > PIRATINI > CENTRAL DE ATENDIMENTOS > CASA MILITAR,,anderson-oliveira,maicon-oliveira
5525,5643,Acesso a Sistemas Rede Piratini,5,3,2,2024-10-04 17:40:38+00:00,2024-10-04 17:44:43+00:00,,,ACESSO A SISTEMAS > REDE > RESET DE SENHA,Entidade raiz > PIRATINI > CENTRAL DE ATENDIMENTOS > CASA MILITAR,,anderson-oliveira,maicon-oliveira
5526,5644,Migração de Órgão // SECOM - SOP // Vitor Manoel Necchi Dos Santos Alves,6,3,1,2024-10-04 17:13:00+00:00,2024-10-07 08:52:22+00:00,,,ACESSO A SISTEMAS > OFFICE 365 > EMAIL > ATUALIZAR DADOS,Entidade raiz > PIRATINI > CENTRAL DE ATENDIMENTOS > SECOM > Direção-Geral > Departamento de Jornalismo,,jorge-vicente,vitor-alves
5527,5645,IMPRESSORA NÃO INSTALADA NA MAQUINA - gabinete da casa civil (MP),5,3,2,2024-10-07 08:51:56+00:00,2024-10-07 10:13:30+00:00,,,DTIC > EQUIPAMENTOS > CONFIGURAÇÃO,Entidade raiz > PIRATINI > CENTRAL DE ATENDIMENTOS > CASA CIVIL,,anderson-oliveira,abigail-correa
5528,5646,Auxílio para imprimir planilha // CC - Subchefia Parlamentar // Claudio Pamatto,6,3,2,2024-10-07 08:56:10+00:00,2024-10-07 08:56:22+00:00,,,ACESSO A SISTEMAS > OFFICE 365,Entidade raiz > PIRATINI > CENTRAL DE ATENDIMENTOS > CASA CIVIL,,silvio-valim,claudio-pamato
5529,5647,Solicitação para formatar Máquina // CC - Subchefia Geral // Vinícius Gazoni,6,3,2,2024-10-07 09:13:20+00:00,2024-10-09 09:58:16+00:00,,,DTIC > EQUIPAMENTOS > MANUTENÇÃO,Entidade raiz > PIRATINI > CENTRAL DE ATENDIMENTOS > CASA CIVIL,,anderson-oliveira,vinicius-gazoni
5530,5648,Acesso a Sistemas  - PROA - LIBERAR ACESSO,5,3,2,2024-10-07 09:35:02+00:00,2024-10-09 17:06:45+00:00,,,ACESSO A SISTEMAS > SOE > PROA > ADICIONAR A GRUPO,Entidade raiz > PIRATINI > CENTRAL DE ATENDIMENTOS > CASA CIVIL,,"pablo-guimaraes, miguelangelo",michelle-kader
5531,5649,Acesso a Sistemas  - RHE - LIBERAR ACESSO,5,3,2,2024-10-07 09:35:38+00:00,2024-10-07 17:25:56+00:00,,,AJUDA E SUPORTE > ATENDIMENTO AO USUÁRIO,Entidade raiz > PIRATINI > CENTRAL DE ATENDIMENTOS > CASA CIVIL,,thales-leite,michelle-kader
5532,5650,Acesso a Sistemas Rede Piratini,5,3,2,2024-10-07 09:37:27+00:00,2024-10-07 11:38:51+00:00,,,ACESSO A SISTEMAS > REDE > LIBERAÇÃO DE ACESSO > NOVO USUÁRIO,Entidade raiz > PIRATINI > CENTRAL DE ATENDIMENTOS > CASA CIVIL,,anderson-oliveira,michelle-kader
5533,5651,OUTLOOK // ADICIONAR/EXCLUIR USUÁRIO DE CAIXA COMPARTILHADA - Divisão de Gestão de Pessoas (DRH),5,3,2,2024-10-07 09:40:05+00:00,2024-10-07 14:21:40+00:00,,,ACESSO A SISTEMAS > OFFICE 365 > EMAIL > CAIXA COMPARTILHADA,Entidade raiz > PIRATINI > CENTRAL DE ATENDIMENTOS > CASA CIVIL,,silvio-valim,michelle-kader
5534,5652,OFFICE 365 // NOVA CONTA DE EMAIL - Divisão de Gestão de Pessoas (DRH),5,3,2,2024-10-07 09:42:01+00:00,2024-10-07 17:19:25+00:00,,,ACESSO A SISTEMAS > OFFICE 365 > EMAIL > NOVO USUÁRIO,Entidade raiz > PIRATINI > CENTRAL DE ATENDIMENTOS > CASA CIVIL,,silvio-valim,michelle-kader
5536,5654,Atendimento ao usuário Suporte - Damac,5,3,2,2024-10-07 10:19:15+00:00,2025-03-14 11:45:32+00:00,,,DTIC > EQUIPAMENTOS > RECOLHIMENTO,Entidade raiz > PIRATINI,R. Duque de Caxias 951 (Banrisul),luciano-silva,marivete-souza
5539,5657,Atendimento ao usuário Suporte - ADMINISTRATIVO,5,3,2,2024-10-07 11:07:12+00:00,2024-10-07 14:46:27+00:00,,,AJUDA E SUPORTE > ATENDIMENTO AO USUÁRIO,Entidade raiz > PIRATINI > CENTRAL DE ATENDIMENTOS > SECOM,,alessandro-vieira,andre-graminho
5540,5658,Acesso a Sistemas Rede Piratini,5,3,2,2024-10-07 12:15:01+00:00,2024-10-07 14:55:02+00:00,,,ACESSO A SISTEMAS > REDE > RESET DE SENHA,Entidade raiz > PIRATINI > CENTRAL DE ATENDIMENTOS > CASA MILITAR,,anderson-oliveira,marilei-teloken
5541,5659,OUTLOOK // ADICIONAR/EXCLUIR USUÁRIO DE CAIXA COMPARTILHADA - Divisão de Transportes,5,3,2,2024-10-07 12:17:14+00:00,2024-10-07 14:15:27+00:00,,,ACESSO A SISTEMAS > OFFICE 365 > EMAIL > CAIXA COMPARTILHADA,Entidade raiz > PIRATINI > CENTRAL DE ATENDIMENTOS > CASA MILITAR,,anderson-oliveira,marilei-teloken
5542,5660,PROA LIBERAR ACESSO A GRUPO,5,3,2,2024-10-07 12:18:06+00:00,2024-10-10 09:45:36+00:00,,,ACESSO A SISTEMAS > SOE > PROA > ADICIONAR A GRUPO,Entidade raiz > PIRATINI > CENTRAL DE ATENDIMENTOS > CASA MILITAR,,"pablo-guimaraes, miguelangelo",marilei-teloken
5543,5661,INCIDENTE  - Divisão de Gestão de Pessoas (RH),5,3,2,2024-10-07 12:53:46+00:00,2024-10-07 17:17:50+00:00,,,DTIC > INFRAESTRUTURA > OUTROS,Entidade raiz > PIRATINI > CENTRAL DE ATENDIMENTOS > CASA CIVIL,,thales-leite,michelle-kader
5544,5662,Atendimento ao usuário Suporte - Subchefia Legislativa,5,3,2,2024-10-07 13:50:44+00:00,2024-10-07 14:05:15+00:00,,,AJUDA E SUPORTE > ATENDIMENTO AO USUÁRIO,Entidade raiz > PIRATINI > CENTRAL DE ATENDIMENTOS > CASA CIVIL,,anderson-oliveira,fernanda-marques
5545,5663,Ajuda e Suporte \ Equipamentos,5,3,2,2024-10-07 13:58:26+00:00,2024-10-07 13:59:09+00:00,,,DTIC > EQUIPAMENTOS > MANUTENÇÃO,Entidade raiz > PIRATINI > CENTRAL DE ATENDIMENTOS > CASA CIVIL,Maua 1050,"anderson-oliveira, thales-leite",michelle-kader
5546,5664,OFFICE 365 // ASSESSORIA ESPECÍFICA  - Divisão de Gestão de Pessoas ,5,3,2,2024-10-07 16:14:15+00:00,2024-10-07 16:39:16+00:00,,,ACESSO A SISTEMAS > OFFICE 365,Entidade raiz > PIRATINI > CENTRAL DE ATENDIMENTOS > CASA CIVIL,,"anderson-oliveira, thales-leite",flavia-silva
5547,5665,Acesso a Sistemas  - GDG - LIBERAR ACESSO,6,3,2,2024-10-07 16:14:57+00:00,2024-10-08 14:15:28+00:00,,,,Entidade raiz > PIRATINI > CENTRAL DE ATENDIMENTOS > GG,,miguelangelo,jovana-fonseca
5548,5666,Acesso a Sistemas  - PROA - OUTRO,5,3,2,2024-10-07 16:15:57+00:00,2024-10-09 17:07:40+00:00,,,ACESSO A SISTEMAS > SOE > PROA > ADICIONAR A GRUPO,Entidade raiz > PIRATINI > CENTRAL DE ATENDIMENTOS > CASA CIVIL,,"pablo-guimaraes, miguelangelo",flavia-silva
5549,5667,Acesso a Sistemas  - Geral - REMOVER ACESSO,5,3,2,2024-10-07 16:25:38+00:00,2024-10-10 16:34:45+00:00,,,DTIC > SISTEMAS > REMOÇÃO DE ACESSO SISTEMA,Entidade raiz > PIRATINI > CENTRAL DE ATENDIMENTOS > GVG,,"silvio-valim, miguelangelo, anderson-oliveira",carla-calero
5601,5719,Atendimento ao usuário Suporte - Divisão de Transportes,5,3,2,2024-10-14 11:55:17+00:00,2024-10-14 13:43:06+00:00,,,AJUDA E SUPORTE > ATENDIMENTO AO USUÁRIO,Entidade raiz > PIRATINI > CENTRAL DE ATENDIMENTOS > CASA MILITAR,,,marilei-teloken
5550,5668,Acesso a Sistemas Rede Piratini,5,3,2,2024-10-07 16:38:33+00:00,2024-10-09 14:39:59+00:00,,,ACESSO A SISTEMAS > REDE > LIBERAÇÃO DE ACESSO > NOVO USUÁRIO,Entidade raiz > PIRATINI > CENTRAL DE ATENDIMENTOS > SECOM,,"miguelangelo, anderson-oliveira",andre-graminho
5551,5669,Não acessa E-mail // CC - Subchefia Parlamentar // Ana Avancini,6,3,2,2024-10-08 12:00:00+00:00,2024-10-08 12:00:00+00:00,,,ACESSO A SISTEMAS > OFFICE 365,Entidade raiz > PIRATINI > CENTRAL DE ATENDIMENTOS > CASA CIVIL,,silvio-valim,ana-avancini
5552,5670,Acesso a Sistemas  - FPE - OUTRO,5,3,2,2024-10-08 10:05:07+00:00,2024-10-10 14:19:26+00:00,,,,Entidade raiz > PIRATINI > CENTRAL DE ATENDIMENTOS > CASA CIVIL,,pablo-guimaraes,francisco-barros
5553,5671,"Atendimento ao usuário Suporte - Duque de Caxias, 1005",5,3,2,2024-10-08 11:39:51+00:00,2024-10-09 10:30:58+00:00,,,AJUDA E SUPORTE > ATENDIMENTO AO USUÁRIO,Entidade raiz > PIRATINI > CENTRAL DE ATENDIMENTOS > CASA CIVIL,,leonardo-riela,maristela-kaminski
5554,5672,Atendimento ao usuário Suporte - Eventos,5,3,2,2024-10-08 14:43:17+00:00,2024-10-15 15:16:04+00:00,,,AJUDA E SUPORTE > INSTALAÇÃO DE SOFTWARE,Entidade raiz > PIRATINI > CENTRAL DE ATENDIMENTOS > SECOM,,"edson-silva, alessandro-vieira, anderson-oliveira",andre-graminho
5555,5673,Acesso a Sistemas Rede Piratini,5,3,2,2024-10-08 15:14:19+00:00,2024-10-08 15:15:53+00:00,,,ACESSO A SISTEMAS > REDE > LIBERAÇÃO DE ACESSO,Entidade raiz > PIRATINI > CENTRAL DE ATENDIMENTOS > SECOM,,edson-silva,amanda-bormida
5556,5674,OFFICE 365 // ASSESSORIA ESPECÍFICA  - Divisão de Gestão de Pessoas (DRH),5,3,2,2024-10-08 15:22:58+00:00,2024-10-09 13:45:23+00:00,,,ACESSO A SISTEMAS > OFFICE 365,Entidade raiz > PIRATINI > CENTRAL DE ATENDIMENTOS > CASA CIVIL,,silvio-valim,michelle-kader
5557,5675,Atendimento ao usuário Suporte - Gabinete do Governador,5,3,2,2024-10-08 15:50:19+00:00,2024-10-10 09:34:23+00:00,,,AJUDA E SUPORTE > ATENDIMENTO AO USUÁRIO,Entidade raiz > PIRATINI > CENTRAL DE ATENDIMENTOS > CASA CIVIL,Palácio do Piratini,"edson-silva, leonardo-riela",luciana-ghiggi
5558,5676,Acesso a Sistemas Rede Piratini,5,3,2,2024-10-08 16:06:28+00:00,2024-10-10 09:47:21+00:00,,,ACESSO A SISTEMAS > REDE > LIBERAÇÃO DE ACESSO > NOVO USUÁRIO,Entidade raiz > PIRATINI > CENTRAL DE ATENDIMENTOS > SECOM,,"silvio-valim, miguelangelo, anderson-oliveira",andre-graminho
5559,5677,OFFICE 365 // ASSESSORIA ESPECÍFICA  - Secom/ Av Riachuelo,5,3,2,2024-10-08 16:14:01+00:00,2024-10-15 15:20:18+00:00,,,ACESSO A SISTEMAS > OFFICE 365,Entidade raiz > PIRATINI > CENTRAL DE ATENDIMENTOS > SECOM,,"edson-silva, anderson-oliveira, leonardo-riela",isadora-orlandi
5560,5678,Acesso a Sistemas Rede Piratini,5,3,2,2024-10-08 16:39:04+00:00,2024-10-08 17:12:03+00:00,,,ACESSO A SISTEMAS > REDE > LIBERAÇÃO DE ACESSO,Entidade raiz > PIRATINI > CENTRAL DE ATENDIMENTOS > CASA MILITAR,,edson-silva,marilei-teloken
5561,5679,Atendimento ao usuário Suporte - Coordenadoria Estadual de Proteção e defesa Civil,5,3,2,2024-10-08 17:05:19+00:00,2024-10-09 09:54:02+00:00,,,ACESSO A SISTEMAS > OFFICE 365 > EMAIL > ATUALIZAR DADOS,Entidade raiz > PIRATINI > CENTRAL DE ATENDIMENTOS > CASA MILITAR,,anderson-oliveira,elisandra-decantam
5562,5680,Atendimento ao usuário Suporte - ADMINISTRATIVO,5,3,2,2024-10-08 17:17:03+00:00,2024-10-09 10:09:44+00:00,,,AJUDA E SUPORTE > ATENDIMENTO AO USUÁRIO,Entidade raiz > PIRATINI > CENTRAL DE ATENDIMENTOS > SECOM,,pablo-guimaraes,andre-graminho
5563,5681,Atendimento ao usuário Suporte - ADMINISTRATIVO,5,3,2,2024-10-08 17:20:28+00:00,2024-10-08 17:47:09+00:00,,,DTIC > SISTEMAS > CONFIGURAÇÃO DE SOFTWARE,Entidade raiz > PIRATINI > CENTRAL DE ATENDIMENTOS > SECOM,,anderson-oliveira,andre-graminho
5564,5682,INCIDENTE  - Divisão de Relações Comunitárias - Coordenadoria Estadual de Proteção e Defesa Civil,5,3,2,2024-10-08 17:23:11+00:00,2025-11-19 09:26:17+00:00,,,DTIC > INFRAESTRUTURA > OUTROS,Entidade raiz > PIRATINI > CENTRAL DE ATENDIMENTOS > CASA MILITAR,,"jorge-vicente, anderson-oliveira",elisandra-decantam
5565,5683,Atendimento ao usuário Suporte - Publicidade,5,3,2,2024-10-08 17:46:37+00:00,2024-10-09 09:53:31+00:00,,,AJUDA E SUPORTE > ATENDIMENTO AO USUÁRIO,Entidade raiz > PIRATINI > CENTRAL DE ATENDIMENTOS > SECOM,,"alessandro-vieira, anderson-oliveira",andre-graminho
5566,5684,INCIDENTE  - GVG,5,3,2,2024-10-09 08:23:38+00:00,2024-10-09 14:26:49+00:00,,,DTIC > INFRAESTRUTURA > OUTROS,Entidade raiz > PIRATINI > CENTRAL DE ATENDIMENTOS > GVG,,anderson-oliveira,larissa-winckler
5567,5685,INCIDENTE  - GVG,5,3,2,2024-10-09 08:25:42+00:00,2024-10-09 08:59:01+00:00,,,DTIC > EQUIPAMENTOS > CONFIGURAÇÃO,Entidade raiz > PIRATINI > CENTRAL DE ATENDIMENTOS > GVG,,thales-leite,larissa-winckler
5568,5686,Desbloqueio de Senha // CC - OGE // marilia-borges,6,3,2,2024-10-09 12:00:00+00:00,2024-10-09 12:00:00+00:00,,,ACESSO A SISTEMAS > SOE,Entidade raiz > PIRATINI > CENTRAL DE ATENDIMENTOS > CASA CIVIL > Secretaria-Executiva > Ouvidoria Geral do Estado,,pablo-guimaraes,marilia-borges
5569,5687,Exclusão de Usuário Sharepoint // CC - DRH // aline-oliveira,6,3,2,2024-10-09 12:00:00+00:00,2024-10-09 12:00:00+00:00,,,ACESSO A SISTEMAS > OFFICE 365,Entidade raiz > PIRATINI > CENTRAL DE ATENDIMENTOS > CASA CIVIL > Secretaria-Executiva > Subchefia Administrativa > Departamento de Gestão de Atos e Pessoal > Divisão de Gestão de Pessoas,,pablo-guimaraes,"marcia-abreu, aline-oliveira"
5570,5688,Atendimento ao usuário Suporte - Secretaria da Casa Civil - 951,5,3,2,2024-10-09 09:36:05+00:00,2024-10-09 10:59:33+00:00,,,AJUDA E SUPORTE > ATENDIMENTO AO USUÁRIO,Entidade raiz > PIRATINI > CENTRAL DE ATENDIMENTOS > CASA CIVIL,,silvio-valim,
5571,5689,Acesso a Sistemas  - SOE Web - OUTRO,5,3,2,2024-10-09 09:49:19+00:00,2024-10-09 10:13:42+00:00,,,ACESSO A SISTEMAS > SOE,Entidade raiz > PIRATINI > CENTRAL DE ATENDIMENTOS > CASA MILITAR,,pablo-guimaraes,paulo-vogt
5572,5690,Atendimento ao usuário Suporte - 951,5,3,2,2024-10-09 10:29:35+00:00,2024-10-09 13:42:57+00:00,,,AJUDA E SUPORTE > ATENDIMENTO AO USUÁRIO,Entidade raiz > PIRATINI > CENTRAL DE ATENDIMENTOS > CASA CIVIL,,silvio-valim,clarissa-avila
5573,5691,Acesso a Sistemas  - Geral - OUTRO,5,3,2,2024-10-09 13:36:37+00:00,2024-10-09 16:47:16+00:00,,,AJUDA E SUPORTE > ATENDIMENTO AO USUÁRIO,Entidade raiz > PIRATINI > CENTRAL DE ATENDIMENTOS > GVG,,anderson-oliveira,larissa-winckler
5574,5692,Instalar Forticlient // CC - Subchefia Legislativa // Fernanda Linhares,6,3,2,2024-10-09 13:44:26+00:00,2024-10-09 15:04:19+00:00,,,AJUDA E SUPORTE > INSTALAÇÃO DE SOFTWARE,Entidade raiz > PIRATINI > CENTRAL DE ATENDIMENTOS > CASA CIVIL,,"silvio-valim, anderson-oliveira",fernanda-marques
5575,5693,Acesso a Sistemas\Reset de Senha de Rede,5,3,2,2024-10-09 13:55:50+00:00,2024-10-09 13:56:06+00:00,,,ACESSO A SISTEMAS > REDE > RESET DE SENHA,Entidade raiz > PIRATINI > CENTRAL DE ATENDIMENTOS > CASA CIVIL,Palácio do Piratini,anderson-oliveira,vera-machado
5587,5705,PROA LIBERAR ACESSO A GRUPO,5,3,2,2024-10-10 14:18:16+00:00,2024-10-10 14:22:25+00:00,,,ACESSO A SISTEMAS > SOE > PROA > ADICIONAR A GRUPO,Entidade raiz > PIRATINI > CENTRAL DE ATENDIMENTOS > GVG,Edifício Guaíba,pablo-guimaraes,larissa-winckler
5576,5694,IMPRESSORA,5,3,2,2024-10-09 14:40:07+00:00,2024-10-23 15:04:24+00:00,,,IMPRESSORA,Entidade raiz > PIRATINI > CENTRAL DE ATENDIMENTOS > GG,,"jorge-vicente, anderson-oliveira",patricia-bicoski
5577,5695,Acesso a Sistemas Rede Piratini,5,3,2,2024-10-09 15:04:27+00:00,2024-10-09 15:18:31+00:00,,,ACESSO A SISTEMAS > REDE > RESET DE SENHA,Entidade raiz > PIRATINI > CENTRAL DE ATENDIMENTOS > CASA MILITAR,,anderson-oliveira,ana-duarte
5578,5696,Atendimento ao usuário Suporte - Banrisul -951,5,3,2,2024-10-09 15:11:49+00:00,2024-10-09 15:25:01+00:00,,,AJUDA E SUPORTE > ATENDIMENTO AO USUÁRIO,Entidade raiz > PIRATINI > CENTRAL DE ATENDIMENTOS > CASA CIVIL,,anderson-oliveira,janio-junior
5579,5697,Atendimento ao usuário Suporte - GABINETE,5,3,2,2024-10-09 15:31:38+00:00,2024-10-11 11:23:13+00:00,,,DTIC > EQUIPAMENTOS > MANUTENÇÃO,Entidade raiz > PIRATINI > CENTRAL DE ATENDIMENTOS > SECOM,,anderson-oliveira,andre-graminho
5580,5698,Acesso a Sistemas  - FPE - LIBERAR ACESSO,5,3,2,2024-10-09 16:08:21+00:00,2024-10-10 08:50:26+00:00,,,ACESSO A SISTEMAS > SOE > FPE,Entidade raiz > PIRATINI > CENTRAL DE ATENDIMENTOS > CASA CIVIL,,pablo-guimaraes,renato-costa
5581,5699,Atendimento ao usuário Suporte - DMP,5,3,2,2024-10-09 16:20:20+00:00,2024-10-10 08:59:09+00:00,,,AJUDA E SUPORTE > ATENDIMENTO AO USUÁRIO,Entidade raiz > PIRATINI > CENTRAL DE ATENDIMENTOS > CASA CIVIL,,thales-leite,melina-andrade
5582,5700,Acesso a Sistemas Rede Piratini,5,3,2,2024-10-09 16:37:41+00:00,2024-10-10 14:13:23+00:00,,,ACESSO A SISTEMAS > REDE > LIBERAÇÃO DE ACESSO > NOVO USUÁRIO,Entidade raiz > PIRATINI > CENTRAL DE ATENDIMENTOS > SECOM,,"pablo-guimaraes, anderson-oliveira",andre-graminho
5583,5701,Acesso a Sistemas Rede Piratini,6,3,2,2024-10-09 16:54:19+00:00,2024-10-09 17:00:22+00:00,,,ACESSO A SISTEMAS > REDE > RESET DE SENHA,Entidade raiz > PIRATINI > CENTRAL DE ATENDIMENTOS > CASA MILITAR,Defesa Civil / Andrade Neves,anderson-oliveira,fabio-rauber
5584,5702,Acesso a Sistemas  - Geral - DESBLOQUEAR USUÁRIO,5,3,2,2024-10-10 09:22:00+00:00,2024-10-10 09:28:41+00:00,,,ACESSO A SISTEMAS > REDE > LIBERAÇÃO DE ACESSO,Entidade raiz > PIRATINI > CENTRAL DE ATENDIMENTOS > CASA MILITAR,,anderson-oliveira,thiago-santos
5585,5703,OFFICE 365 // ASSESSORIA ESPECÍFICA  - GVG,5,3,2,2024-10-10 10:35:21+00:00,2024-10-11 11:22:04+00:00,,,ACESSO A SISTEMAS > OFFICE 365,Entidade raiz > PIRATINI > CENTRAL DE ATENDIMENTOS > GVG,,anderson-oliveira,melissa-bulegon
5586,5704,OUTLOOK // ADICIONAR/EXCLUIR USUÁRIO DE CAIXA COMPARTILHADA - secom,6,3,2,2024-10-10 12:29:59+00:00,2024-10-10 14:44:24+00:00,,,ACESSO A SISTEMAS > OFFICE 365 > EMAIL > CAIXA COMPARTILHADA,Entidade raiz > PIRATINI > CENTRAL DE ATENDIMENTOS > SECOM,,anderson-oliveira,jean-rangel
5589,5707,Acesso a Sistemas  - Geral - OUTRO,5,3,2,2024-10-11 09:31:26+00:00,2024-10-11 09:48:23+00:00,,,AJUDA E SUPORTE > ATENDIMENTO AO USUÁRIO,Entidade raiz > PIRATINI > CENTRAL DE ATENDIMENTOS > GVG,,anderson-oliveira,carla-calero
5590,5708,INGRESSO DE SERVIDOR,5,4,2,2024-10-11 09:51:19+00:00,2024-10-11 14:54:04+00:00,,,ACESSO A SISTEMAS > REDE > LIBERAÇÃO DE ACESSO > NOVO USUÁRIO,Entidade raiz > PIRATINI > CENTRAL DE ATENDIMENTOS > GVG,,"miguelangelo, anderson-oliveira",silvia-leopoldino
5591,5709,IMPRESSORA MENSAGEM DE ERRO - GABINETE DO VICE-GOVERNADOR,5,3,1,2024-10-11 10:02:39+00:00,2024-10-11 14:48:33+00:00,,,DTIC > EQUIPAMENTOS > MANUTENÇÃO,Entidade raiz > PIRATINI > CENTRAL DE ATENDIMENTOS > GVG,,"anderson-oliveira, thales-leite",carla-calero
5592,5710,Atendimento ao usuário Suporte - Sala do Arquivo - Subsolo 1005,5,3,2,2024-10-11 10:03:09+00:00,2024-10-11 10:59:10+00:00,,,AJUDA E SUPORTE > ATENDIMENTO AO USUÁRIO,Entidade raiz > PIRATINI > CENTRAL DE ATENDIMENTOS > CASA CIVIL,,,caroline-silva
5593,5711,Atendimento ao usuário Suporte - CAFF/ASTEC-GG,5,3,2,2024-10-11 10:12:34+00:00,2024-10-18 10:49:23+00:00,,,AJUDA E SUPORTE > ATENDIMENTO AO USUÁRIO,Entidade raiz > PIRATINI > CENTRAL DE ATENDIMENTOS > GG,,"anderson-oliveira, thales-leite",adriweli-lima
5594,5712,Atendimento ao usuário Suporte - ADMINISTRATIVO,5,3,2,2024-10-11 11:06:51+00:00,2024-10-21 16:23:12+00:00,,,DTIC > SISTEMAS > ALTERAÇÃO DE ACESSO,Entidade raiz > PIRATINI > CENTRAL DE ATENDIMENTOS > SECOM,,anderson-oliveira,andre-graminho
5595,5713,Atendimento ao usuário Suporte - ADMINISTRATIVO,5,3,2,2024-10-11 16:09:36+00:00,2024-10-16 12:12:34+00:00,,,ACESSO A SISTEMAS > SOE > FPE,Entidade raiz > PIRATINI > CENTRAL DE ATENDIMENTOS > SECOM,,miguelangelo,andre-graminho
5596,5714,Reset Senha // CC - DAA // Michelle Lucas,6,3,2,2024-10-14 08:47:34+00:00,2024-10-14 08:52:20+00:00,,,ACESSO A SISTEMAS > REDE > RESET DE SENHA,Entidade raiz > PIRATINI > CENTRAL DE ATENDIMENTOS > CASA CIVIL,,silvio-valim,michelle-lucas
5597,5715,Acesso a Sistemas Rede Piratini,5,3,2,2024-10-14 09:38:04+00:00,2024-10-15 14:41:23+00:00,,,ACESSO A SISTEMAS > REDE > LIBERAÇÃO DE ACESSO,Entidade raiz > PIRATINI > CENTRAL DE ATENDIMENTOS > SECOM,,"pablo-guimaraes, miguelangelo, anderson-oliveira",andre-graminho
5598,5716,IMPRESSORA,5,3,2,2024-10-14 10:23:52+00:00,2024-10-14 14:49:15+00:00,,,IMPRESSORA,Entidade raiz > PIRATINI > CENTRAL DE ATENDIMENTOS > CASA CIVIL,,"jorge-vicente, anderson-oliveira",caroline-silva
5599,5717,Atendimento ao usuário Suporte - gabinete da Casa Civil (MP),5,3,2,2024-10-14 11:14:52+00:00,2024-10-14 11:52:17+00:00,,,DTIC > EQUIPAMENTOS > CONFIGURAÇÃO,Entidade raiz > PIRATINI > CENTRAL DE ATENDIMENTOS > CASA CIVIL,,anderson-oliveira,abigail-correa
5600,5718,Acesso a Sistemas  - FPE - DESBLOQUEAR USUÁRIO,5,3,2,2024-10-14 11:16:21+00:00,2024-10-17 13:10:46+00:00,,,,Entidade raiz > PIRATINI > CENTRAL DE ATENDIMENTOS > CASA MILITAR,,pablo-guimaraes,maicon-oliveira
5602,5720,Acesso a Sistemas Rede Piratini,6,3,2,2024-10-14 12:27:28+00:00,2024-10-14 13:57:17+00:00,,,ACESSO A SISTEMAS > REDE > LIBERAÇÃO DE ACESSO > NOVO USUÁRIO,Entidade raiz > PIRATINI > CENTRAL DE ATENDIMENTOS > CASA MILITAR,,anderson-oliveira,elisandra-decantam
5603,5721,PROA LIBERAR ACESSO A GRUPO,5,3,2,2024-10-14 12:28:18+00:00,2024-10-16 09:48:11+00:00,,,ACESSO A SISTEMAS > SOE > PROA > ADICIONAR A GRUPO,Entidade raiz > PIRATINI > CENTRAL DE ATENDIMENTOS > CASA MILITAR,,miguelangelo,elisandra-decantam
5604,5722,Outlook //CAIXA COMPARTILHADA - Coordenadoria Estadual de Proteção e Defesa Civil ,5,3,2,2024-10-14 12:32:38+00:00,2024-10-15 14:09:16+00:00,,,ACESSO A SISTEMAS > OFFICE 365 > EMAIL > CAIXA COMPARTILHADA,Entidade raiz > PIRATINI > CENTRAL DE ATENDIMENTOS > CASA MILITAR,,silvio-valim,elisandra-decantam
5605,5723,INCIDENTE  - Divisão de Transportes ,5,3,2,2024-10-14 13:39:08+00:00,2024-10-18 11:48:28+00:00,,,DTIC > EQUIPAMENTOS > MANUTENÇÃO,Entidade raiz > PIRATINI > CENTRAL DE ATENDIMENTOS > CASA MILITAR,,"edson-silva, alessandro-vieira, leonardo-riela","edson-silva, marilei-teloken"
5606,5724,Atendimento ao usuário Suporte - Departamento de Gestão Documental e de Bens Materiais e Patrimoniais,5,3,2,2024-10-14 14:11:35+00:00,2024-10-18 19:48:28+00:00,,,DTIC > SISTEMAS > ALTERAÇÃO DE ACESSO,Entidade raiz > PIRATINI > CENTRAL DE ATENDIMENTOS > CASA CIVIL,,pablo-guimaraes,diego-mattiello
5607,5725,PROA LIBERAR ACESSO A GRUPO,5,3,2,2024-10-14 15:40:18+00:00,2024-10-16 09:45:30+00:00,,,ACESSO A SISTEMAS > SOE > PROA > ADICIONAR A GRUPO,Entidade raiz > PIRATINI > CENTRAL DE ATENDIMENTOS > GVG,,miguelangelo,larissa-winckler
5608,5726,Acesso a Sistemas Rede Piratini,5,3,2,2024-10-14 15:42:18+00:00,2024-10-14 16:18:19+00:00,,,ACESSO A SISTEMAS > REDE > LIBERAÇÃO DE ACESSO,Entidade raiz > PIRATINI > CENTRAL DE ATENDIMENTOS > GVG,,anderson-oliveira,larissa-winckler
5609,5727,Acesso a Sistemas Rede Piratini,5,3,2,2024-10-14 15:43:25+00:00,2024-10-16 11:49:58+00:00,,,ACESSO A SISTEMAS > REDE > LIBERAÇÃO DE ACESSO,Entidade raiz > PIRATINI > CENTRAL DE ATENDIMENTOS > GVG,Edifício Guaíba,anderson-oliveira,larissa-winckler
5610,5728,IMPRESSORA PASTA SCAN,6,3,2,2024-10-14 17:24:55+00:00,2024-10-14 18:53:02+00:00,,,DTIC > EQUIPAMENTOS > CONFIGURAÇÃO,Entidade raiz > PIRATINI > CENTRAL DE ATENDIMENTOS > SECOM,,jorge-vicente,jean-rangel
5611,5729,Atendimento ao usuário Suporte - ADMINISTRATIVO,5,3,2,2024-10-15 09:11:38+00:00,2024-10-16 15:09:53+00:00,,,AJUDA E SUPORTE > ATENDIMENTO AO USUÁRIO,Entidade raiz > PIRATINI > CENTRAL DE ATENDIMENTOS > SECOM,,"alessandro-vieira, anderson-oliveira",andre-graminho
5612,5730,Apoio para logar // CC - Subchefia Parlamentar // Luis Roque,6,3,2,2024-10-15 12:00:00+00:00,2024-10-15 12:00:00+00:00,,,AJUDA E SUPORTE > ATENDIMENTO AO USUÁRIO,Entidade raiz > PIRATINI > CENTRAL DE ATENDIMENTOS > CASA CIVIL,,silvio-valim,roque-cunha
5639,5757,Atendimento ao usuário Suporte - Sala do Arquivo - Subsolo 1005,5,3,2,2024-10-17 14:00:35+00:00,2024-10-17 15:39:47+00:00,,,AJUDA E SUPORTE > ATENDIMENTO AO USUÁRIO,Entidade raiz > PIRATINI > CENTRAL DE ATENDIMENTOS > CASA CIVIL,,leonardo-riela,caroline-silva
5640,5758,Ajuda e Suporte \ Equipamentos,5,3,2,2024-10-17 14:03:05+00:00,2024-10-30 15:51:16+00:00,,,IMPRESSORA,Entidade raiz > PIRATINI > CENTRAL DE ATENDIMENTOS > CASA CIVIL,,anderson-oliveira,alexandre-almoarqueg
5613,5731,Outlook //CAIXA COMPARTILHADA - DIVISÃO DE APOIO TÉCNICO,5,3,2,2024-10-15 09:18:41+00:00,2024-10-15 09:57:30+00:00,,,ACESSO A SISTEMAS > OFFICE 365 > EMAIL > CAIXA COMPARTILHADA,Entidade raiz > PIRATINI > CENTRAL DE ATENDIMENTOS > CASA MILITAR,,anderson-oliveira,elisandra-decantam
5614,5732,INCIDENTE  - Divisão de Gestão de Pessoas - Av Mauá 1050,5,3,2,2024-10-15 09:26:40+00:00,2024-10-15 13:59:49+00:00,,,AJUDA E SUPORTE > MOVIMENTO DE EQUIPAMENTOS DE TI > REQUISIÇÃO,Entidade raiz > PIRATINI > CENTRAL DE ATENDIMENTOS > CASA CIVIL,Maua 1050,anderson-oliveira,michelle-kader
5615,5733,Acesso a Sistemas  - FPE - LIBERAR ACESSO,5,3,2,2024-10-15 10:12:20+00:00,2024-10-15 19:25:16+00:00,,,ACESSO A SISTEMAS > SOE > FPE,Entidade raiz > PIRATINI > CENTRAL DE ATENDIMENTOS > GVG,,pablo-guimaraes,carla-calero
5616,5734,Atendimento ao usuário Suporte - Sub-solo 1005,5,3,2,2024-10-15 14:17:53+00:00,2024-10-17 10:09:25+00:00,,,DTIC > EQUIPAMENTOS > MANUTENÇÃO,Entidade raiz > PIRATINI > CENTRAL DE ATENDIMENTOS > CASA CIVIL,,leonardo-riela,deborah-goes
5617,5735,Atendimento ao usuário Suporte - administrativo SECOM_VÂNIA,5,3,2,2024-10-15 15:52:26+00:00,2024-10-17 12:00:29+00:00,,,AJUDA E SUPORTE > ATENDIMENTO AO USUÁRIO,Entidade raiz > PIRATINI > CENTRAL DE ATENDIMENTOS > SECOM,,"anderson-oliveira, thales-leite",vania-pinto
5618,5736,Atendimento ao usuário Suporte - Gabinete dos Prefeitos,5,3,2,2024-10-15 16:07:49+00:00,2024-10-16 09:01:25+00:00,,,ACESSO A SISTEMAS > REDE > WIFI,Entidade raiz > PIRATINI > CENTRAL DE ATENDIMENTOS > CASA CIVIL,,,lourival-seixas
5619,5737,Acesso a Sistemas \ Arquivos Pasta Scanner,5,3,1,2024-10-15 17:31:54+00:00,2024-10-16 08:52:29+00:00,,,ACESSO A SISTEMAS > REDE,Entidade raiz > PIRATINI > CENTRAL DE ATENDIMENTOS > GVG,,,carla-cardoso
5620,5738,Office 365 EXCLUSÃO de conta - Ouvidoria Geral- CAFF,5,3,2,2024-10-15 17:39:10+00:00,2024-10-17 10:14:49+00:00,,,ACESSO A SISTEMAS > OFFICE 365 > EMAIL > EXCLUSÃO,Entidade raiz > PIRATINI > CENTRAL DE ATENDIMENTOS > CASA CIVIL,,"silvio-valim, pablo-guimaraes",regina-costa
5621,5739,Infra - troca de equipamento WIFI,5,3,2,2024-10-16 09:16:17+00:00,2025-03-14 11:46:23+00:00,,,DTIC > INFRAESTRUTURA > WI-FI,Entidade raiz > PIRATINI > CENTRAL DE ATENDIMENTOS > CASA CIVIL,,"anderson-oliveira, leonardo-riela",
5622,5740,IMPRESSORA TROCA DE TONNER - Gabinete do Governador - Ala Residencial,5,3,2,2024-10-16 10:13:48+00:00,2024-10-16 10:27:46+00:00,,,DTIC > EQUIPAMENTOS > MANUTENÇÃO,Entidade raiz > PIRATINI > CENTRAL DE ATENDIMENTOS > GG,,anderson-oliveira,luciana-conca
5623,5741,Atendimento ao usuário Suporte - Publicidade,5,3,2,2024-10-16 10:44:50+00:00,2024-10-16 15:05:52+00:00,,,AJUDA E SUPORTE > ATENDIMENTO AO USUÁRIO,Entidade raiz > PIRATINI > CENTRAL DE ATENDIMENTOS > SECOM,,anderson-oliveira,andre-graminho
5641,5759,Atendimento ao usuário Suporte - gabinete da Casa Civil (MP),5,3,2,2024-10-17 14:28:35+00:00,2024-10-17 16:27:39+00:00,,,AJUDA E SUPORTE > ATENDIMENTO AO USUÁRIO,Entidade raiz > PIRATINI > CENTRAL DE ATENDIMENTOS > CASA CIVIL,,anderson-oliveira,abigail-correa
5749,5868,"Atendimento ao usuário Suporte - Maua, 1050",5,3,2,2024-11-04 10:21:24+00:00,2024-11-04 11:11:10+00:00,,,AJUDA E SUPORTE > ATENDIMENTO AO USUÁRIO,Entidade raiz > PIRATINI > CENTRAL DE ATENDIMENTOS > CASA CIVIL,,pablo-guimaraes,maristela-kaminski
5624,5742,Acesso a Sistemas  - Túnel PROCERGS - LIBERAR ACESSO,5,3,2,2024-10-16 13:42:15+00:00,2024-10-17 12:05:54+00:00,,,,Entidade raiz > PIRATINI > CENTRAL DE ATENDIMENTOS > CASA CIVIL,,anderson-oliveira,daniela-cunha
5625,5743,Acesso a Sistemas Rede Piratini,5,3,2,2024-10-16 13:43:03+00:00,2024-10-18 14:46:59+00:00,,,ACESSO A SISTEMAS > REDE > LIBERAÇÃO DE ACESSO > NOVO USUÁRIO,Entidade raiz > PIRATINI > CENTRAL DE ATENDIMENTOS > SECOM,,"silvio-valim, miguelangelo, anderson-oliveira",andre-graminho
5626,5744,INCIDENTE  - Coordenadoria Estadual de Proteção e Defesa Civil,5,3,2,2024-10-16 14:15:31+00:00,2024-10-16 14:26:16+00:00,,,ACESSO A SISTEMAS > REDE > RESET DE SENHA,Entidade raiz > PIRATINI > CENTRAL DE ATENDIMENTOS > CASA MILITAR,,anderson-oliveira,elisandra-decantam
5627,5745,Acesso a Sistemas Rede Piratini,5,3,2,2024-10-16 15:05:39+00:00,2024-10-16 15:20:45+00:00,,,ACESSO A SISTEMAS > REDE > LIBERAÇÃO DE ACESSO,Entidade raiz > PIRATINI > CENTRAL DE ATENDIMENTOS > GG,,anderson-oliveira,bruno-rien
5628,5746,Acesso a Sistemas Rede Piratini,5,3,2,2024-10-16 15:27:08+00:00,2024-10-17 11:44:13+00:00,,,ACESSO A SISTEMAS > REDE > LIBERAÇÃO DE ACESSO,Entidade raiz > PIRATINI > CENTRAL DE ATENDIMENTOS > GVG,,"miguelangelo, anderson-oliveira",larissa-winckler
5629,5747,IMPRESSORA MENSAGEM DE ERRO - Gabinete Vice-Governador,5,3,1,2024-10-16 16:38:36+00:00,2024-10-17 09:41:52+00:00,,,DTIC > EQUIPAMENTOS > MANUTENÇÃO,Entidade raiz > PIRATINI > CENTRAL DE ATENDIMENTOS > GVG,,anderson-oliveira,larissa-winckler
5630,5748,Wifi não conecta no celular // CC - Subchefia Parlamentar // Sergio Schmit,6,3,2,2024-10-17 08:59:36+00:00,2024-10-17 08:59:45+00:00,,,ACESSO A SISTEMAS > REDE > WIFI,Entidade raiz > PIRATINI > CENTRAL DE ATENDIMENTOS > CASA CIVIL,,silvio-valim,sergio-schmidt
5631,5749,INCIDENTE  - gabinete da casa civil MP,5,3,2,2024-10-17 10:09:15+00:00,2024-10-17 10:52:17+00:00,,,DTIC > INFRAESTRUTURA > OUTROS,Entidade raiz > PIRATINI > CENTRAL DE ATENDIMENTOS > CASA CIVIL,,,abigail-correa
5632,5750,ante sala gab governador \ Daniela Baun \ dificuldade download,6,3,2,2024-10-17 12:00:00+00:00,2024-10-17 12:00:00+00:00,,,ACESSO A SISTEMAS > REDE,Entidade raiz > PIRATINI > CENTRAL DE ATENDIMENTOS > GG,,alessandro-vieira,daniela-baum
5633,5751,Erro ao Adicionar ListaPública no Sharepoint // DTIC - GVG // pablo-guimaraes,6,3,2,2024-10-17 12:00:00+00:00,2024-10-23 10:02:02+00:00,,,ACESSO A SISTEMAS > OFFICE 365,Entidade raiz > PIRATINI > CENTRAL DE ATENDIMENTOS > CASA CIVIL > Secretaria-Executiva > Subchefia Administrativa > Departamento de Tecnologia e Informação,,pablo-guimaraes,pablo-guimaraes
5634,5752,Atendimento ao usuário Suporte - administrativo - secom,5,3,2,2024-10-17 11:26:52+00:00,2024-10-17 11:52:25+00:00,,,AJUDA E SUPORTE > ATENDIMENTO AO USUÁRIO,Entidade raiz > PIRATINI > CENTRAL DE ATENDIMENTOS > SECOM,,anderson-oliveira,vania-pinto
5635,5753,Ajuda e Suporte \ Equipamentos,5,3,2,2024-10-17 11:30:00+00:00,2024-10-30 17:16:58+00:00,,,AJUDA E SUPORTE > MOVIMENTO DE EQUIPAMENTOS DE TI > REQUISIÇÃO,Entidade raiz > PIRATINI > CENTRAL DE ATENDIMENTOS,Maua 1050,"wagner-mengue, thales-leite, leonardo-riela",diego-mattiello
5636,5754,Atendimento ao usuário Suporte - Casa Militar/Gabinete,5,3,2,2024-10-17 11:36:22+00:00,2024-10-17 15:38:38+00:00,,,AJUDA E SUPORTE > ATENDIMENTO AO USUÁRIO,Entidade raiz > PIRATINI > CENTRAL DE ATENDIMENTOS > CASA MILITAR,,leonardo-riela,pamela-fernandes
5637,5755,Sites ALRS não abrem // CC - Subchefia Parlamentar // Felipe Bettim,6,3,2,2024-10-17 13:46:39+00:00,2024-10-17 13:46:44+00:00,,,AJUDA E SUPORTE > ATENDIMENTO AO USUÁRIO,Entidade raiz > PIRATINI > CENTRAL DE ATENDIMENTOS > CASA CIVIL,,silvio-valim,felipe-bettim
5638,5756,Ajuda e Suporte \ Equipamentos,5,3,2,2024-10-17 13:47:55+00:00,2024-10-21 09:04:55+00:00,,,DTIC > EQUIPAMENTOS > RECOLHIMENTO,Entidade raiz > PIRATINI > CENTRAL DE ATENDIMENTOS > CASA CIVIL,,"silvio-valim, anderson-oliveira",
5642,5760,Atendimento ao usuário Suporte - administrativo - secom,5,3,2,2024-10-17 15:04:15+00:00,2024-10-17 15:32:38+00:00,,,AJUDA E SUPORTE > ATENDIMENTO AO USUÁRIO,Entidade raiz > PIRATINI > CENTRAL DE ATENDIMENTOS > SECOM,,anderson-oliveira,vania-pinto
5643,5762,Atendimento ao usuário Suporte - DCMPP,5,3,2,2024-10-17 16:43:32+00:00,2024-10-24 11:29:10+00:00,,,AJUDA E SUPORTE > ATENDIMENTO AO USUÁRIO,Entidade raiz > PIRATINI > CENTRAL DE ATENDIMENTOS > GG,Palácio do Piratini,jorge-vicente,lorena-vieira
5644,5763,Atendimento ao usuário Suporte - Redação secom,6,3,2,2024-10-17 17:32:18+00:00,2024-10-18 10:44:32+00:00,,,AJUDA E SUPORTE > ATENDIMENTO AO USUÁRIO,Entidade raiz > PIRATINI > CENTRAL DE ATENDIMENTOS > SECOM,,,jean-rangel
5645,5764,Acesso a Sistemas Rede Piratini,5,3,2,2024-10-18 09:09:27+00:00,2024-10-18 11:03:58+00:00,,,ACESSO A SISTEMAS > REDE > RESET DE SENHA,Entidade raiz > PIRATINI > CENTRAL DE ATENDIMENTOS > CASA MILITAR,,anderson-oliveira,arlindo-oliveira
5646,5765,OFFICE 365 // ASSESSORIA ESPECÍFICA  - Gabinete da Secom,5,3,2,2024-10-18 11:16:15+00:00,2024-10-21 09:04:07+00:00,,,ACESSO A SISTEMAS > OFFICE 365,Entidade raiz > PIRATINI > CENTRAL DE ATENDIMENTOS > SECOM,,anderson-oliveira,andre-graminho
5647,5766,Atendimento ao usuário Suporte - gabinete da Casa Civil (MP),5,3,2,2024-10-18 14:01:10+00:00,2024-10-18 15:50:42+00:00,,,AJUDA E SUPORTE > ATENDIMENTO AO USUÁRIO,Entidade raiz > PIRATINI > CENTRAL DE ATENDIMENTOS > CASA CIVIL,,leonardo-riela,abigail-correa
5648,5767,Ajuda e Suporte \ Equipamentos,5,3,2,2024-10-18 14:07:40+00:00,2024-10-21 08:50:05+00:00,,,DTIC > EQUIPAMENTOS > RECOLHIMENTO,Entidade raiz > PIRATINI > CENTRAL DE ATENDIMENTOS > GG,Palácio do Piratini,"pablo-guimaraes, edson-silva, anderson-oliveira, leonardo-riela, luciano-silva",fernanda-braga
5649,5768,Acesso a Sistemas\Modificar pasta Scanner,5,3,2,2024-10-18 15:09:52+00:00,2024-10-18 15:32:48+00:00,,,ACESSO A SISTEMAS > REDE,Entidade raiz > PIRATINI > CENTRAL DE ATENDIMENTOS > GVG,R. Duque de Caxias 951 (Banrisul),,carla-cardoso
5650,5769,Acesso a Sistemas\Reset de Senha de Rede,5,3,2,2024-10-21 08:59:35+00:00,2024-10-21 09:00:33+00:00,,,ACESSO A SISTEMAS > REDE > RESET DE SENHA,Entidade raiz > PIRATINI > CENTRAL DE ATENDIMENTOS > CASA CIVIL,,anderson-oliveira,janice-barbosa
5651,5770,Atendimento ao usuário Suporte - Sala do Arquivo Subsolo - 1005,5,3,2,2024-10-21 09:12:13+00:00,2024-10-21 09:28:40+00:00,,,AJUDA E SUPORTE > ATENDIMENTO AO USUÁRIO,Entidade raiz > PIRATINI > CENTRAL DE ATENDIMENTOS > CASA CIVIL,,leonardo-riela,ryslanne-morais
5652,5771,Acesso a Sistemas  - SPI - LIBERAR ACESSO,5,3,2,2024-10-21 09:49:54+00:00,2024-10-22 16:43:16+00:00,,,ACESSO A SISTEMAS > SOE,Entidade raiz > PIRATINI > CENTRAL DE ATENDIMENTOS > CASA CIVIL,,miguelangelo,ryslanne-morais
5653,5772,Ajuda e Suporte \ Equipamentos,5,3,2,2024-10-21 09:58:18+00:00,2024-10-21 15:57:24+00:00,,,AJUDA E SUPORTE > MOVIMENTO DE EQUIPAMENTOS DE TI > REQUISIÇÃO,Entidade raiz > PIRATINI > CENTRAL DE ATENDIMENTOS > CASA CIVIL,,"silvio-valim, leonardo-riela, luciano-silva",clarissa-avila
5654,5773,Atendimento ao usuário Suporte - ADMINISTRATIVO,6,3,2,2024-10-21 10:05:30+00:00,2024-10-21 11:10:20+00:00,,,AJUDA E SUPORTE > ATENDIMENTO AO USUÁRIO,Entidade raiz > PIRATINI > CENTRAL DE ATENDIMENTOS > SECOM,,thales-leite,andre-graminho
5655,5774,Atendimento ao usuário Suporte - Maua 1050,5,3,2,2024-10-21 10:47:08+00:00,2024-10-21 11:41:23+00:00,,,AJUDA E SUPORTE > ATENDIMENTO AO USUÁRIO,Entidade raiz > PIRATINI > CENTRAL DE ATENDIMENTOS > CASA CIVIL,,thales-leite,maristela-kaminski
5656,5775,Acesso a Sistemas Rede Piratini,5,3,2,2024-10-21 11:03:42+00:00,2024-10-21 11:09:44+00:00,,,ACESSO A SISTEMAS > REDE > LIBERAÇÃO DE ACESSO,Entidade raiz > PIRATINI > CENTRAL DE ATENDIMENTOS > GG,,,andre-furtado
5657,5776,Ajuda e Suporte / Atendimento ao usuário - Troca de mesa de computadores,6,3,2,2024-10-21 11:44:46+00:00,2024-10-21 11:47:54+00:00,,,DTIC > INFRAESTRUTURA > MUDANÇA DE LOCAL,Entidade raiz > PIRATINI > CENTRAL DE ATENDIMENTOS > CASA CIVIL,,thales-leite,daniela-cunha
5658,5777,Atendimento ao usuário Suporte - GABINETE -SECOM,5,3,2,2024-10-21 16:37:27+00:00,2024-10-30 17:09:40+00:00,,,AJUDA E SUPORTE > ATENDIMENTO AO USUÁRIO,Entidade raiz > PIRATINI > CENTRAL DE ATENDIMENTOS > SECOM,,thales-leite,andre-graminho
5659,5778,Atendimento ao usuário Suporte - Ouvidoria-CAFF,5,3,2,2024-10-21 17:35:29+00:00,2024-11-11 16:36:59+00:00,,,AJUDA E SUPORTE > ATENDIMENTO AO USUÁRIO,Entidade raiz > PIRATINI > CENTRAL DE ATENDIMENTOS > CASA CIVIL,,pablo-guimaraes,regina-costa
5660,5779,Atendimento ao usuário Suporte - DEPARTAMENTO DE RESIDÊNCIAS OFICIAIS,6,3,2,2024-10-21 17:49:04+00:00,2025-02-05 10:15:52+00:00,,,AJUDA E SUPORTE > ATENDIMENTO AO USUÁRIO,Entidade raiz > PIRATINI > CENTRAL DE ATENDIMENTOS > CASA MILITAR,,"alessandro-vieira, leonardo-riela",junior-bittencourt
5661,5780,Acesso a Sistemas  - GDG - REMOVER ACESSO,6,3,2,2024-10-21 18:01:14+00:00,2024-10-22 16:55:44+00:00,,,ACESSO A SISTEMAS > SOE,Entidade raiz > PIRATINI > CENTRAL DE ATENDIMENTOS > GG,,miguelangelo,jovana-fonseca
5662,5781,Acesso a Sistemas  - FPE - LIBERAR ACESSO,5,3,2,2024-10-22 09:39:41+00:00,2024-10-23 09:54:46+00:00,,,ACESSO A SISTEMAS > SOE > FPE,Entidade raiz > PIRATINI > CENTRAL DE ATENDIMENTOS > CASA CIVIL,,miguelangelo,renato-costa
5663,5782,Acesso a Sistemas  - Geral - OUTRO,5,3,2,2024-10-22 10:04:49+00:00,2024-10-22 10:55:04+00:00,,,ACESSO A SISTEMAS > REDE > RESET DE SENHA,Entidade raiz > PIRATINI > CENTRAL DE ATENDIMENTOS > CASA CIVIL,,anderson-oliveira,luciano-silva
5664,5783,INCIDENTE  - gabinete da casa civil (Forte Apache/ MP),5,3,2,2024-10-22 10:12:14+00:00,2024-10-22 10:56:01+00:00,,,DTIC > INFRAESTRUTURA > OUTROS,Entidade raiz > PIRATINI > CENTRAL DE ATENDIMENTOS > CASA CIVIL,,,abigail-correa
5665,5784,Acesso a Sistemas  - GDG - DESBLOQUEAR USUÁRIO,5,3,2,2024-10-22 14:09:11+00:00,2024-10-22 14:26:56+00:00,,,,Entidade raiz > PIRATINI > CENTRAL DE ATENDIMENTOS > CASA CIVIL,,anderson-oliveira,"marcia-laitano, luciano-silva"
5666,5785,Atendimento ao usuário Suporte - DCMPP,5,3,2,2024-10-22 14:46:44+00:00,2024-10-23 14:57:15+00:00,,,DTIC > INFRAESTRUTURA > PROBLEMA DE REDE,Entidade raiz > PIRATINI > CENTRAL DE ATENDIMENTOS > GG,,"jorge-vicente, alessandro-vieira, leonardo-riela",lorena-vieira
5667,5786,Acesso a Sistemas Rede Piratini,5,3,2,2024-10-22 14:51:22+00:00,2024-10-23 11:44:16+00:00,,,ACESSO A SISTEMAS > TÚNEL PROCERGS,Entidade raiz > PIRATINI > CENTRAL DE ATENDIMENTOS > CASA CIVIL,,jorge-vicente,maristela-kaminski
5707,5826,Ajuda e Suporte // Telefonia,5,3,1,2024-10-28 11:08:30+00:00,2024-10-28 11:33:25+00:00,,,DTIC > SISTEMAS > CONFIGURAÇÃO DE SOFTWARE,Entidade raiz > PIRATINI > CENTRAL DE ATENDIMENTOS > GG,,thales-leite,
5668,5787,Atendimento ao usuário Suporte - Subseção de Operações Casa Militar,5,3,2,2024-10-22 16:45:09+00:00,2024-10-23 10:43:04+00:00,,,ACESSO A SISTEMAS > REDE,Entidade raiz > PIRATINI > CENTRAL DE ATENDIMENTOS > CASA MILITAR,,anderson-oliveira,debora-aparecida
5669,5788,Acesso a Sistemas Rede Piratini,5,3,2,2024-10-23 09:35:56+00:00,2024-10-29 15:42:39+00:00,,,DTIC > EQUIPAMENTOS > CONFIGURAÇÃO,Entidade raiz > PIRATINI > CENTRAL DE ATENDIMENTOS > CASA MILITAR,,leonardo-riela,thiago-santos
5670,5789,Atendimento ao usuário Suporte - DAMAC,5,3,2,2024-10-23 10:18:59+00:00,2024-10-23 10:34:22+00:00,,,AJUDA E SUPORTE > ATENDIMENTO AO USUÁRIO,Entidade raiz > PIRATINI > CENTRAL DE ATENDIMENTOS > CASA CIVIL,,anderson-oliveira,marcelo-mallmann
5671,5790,Acesso a Sistemas Rede Piratini,5,3,2,2024-10-23 11:23:31+00:00,2024-11-14 15:39:35+00:00,,,ACESSO A SISTEMAS > REDE > LIBERAÇÃO DE ACESSO,Entidade raiz > PIRATINI > CENTRAL DE ATENDIMENTOS > CASA MILITAR,,"miguelangelo, jorge-vicente",fabiane-moraes
5672,5791,Atendimento ao usuário Suporte - ADMINISTRATIVO,5,3,2,2024-10-23 11:46:25+00:00,2024-10-23 15:00:58+00:00,,,DTIC > EQUIPAMENTOS > MANUTENÇÃO,Entidade raiz > PIRATINI > CENTRAL DE ATENDIMENTOS > SECOM,,anderson-oliveira,andre-graminho
5673,5792,Atendimento ao usuário Suporte - Damac,5,3,2,2024-10-23 15:07:37+00:00,2024-10-25 16:41:59+00:00,,,ACESSO A SISTEMAS > REDE > LIBERAÇÃO DE ACESSO,Entidade raiz > PIRATINI > CENTRAL DE ATENDIMENTOS > CASA CIVIL,CAFF,anderson-oliveira,marivete-souza
5674,5793,Atendimento ao usuário Suporte - Damac,5,3,2,2024-10-23 15:14:25+00:00,2024-10-23 15:19:09+00:00,,,AJUDA E SUPORTE > ATENDIMENTO AO USUÁRIO,Entidade raiz > PIRATINI > CENTRAL DE ATENDIMENTOS > CASA CIVIL,,anderson-oliveira,marivete-souza
5675,5794,Atendimento ao usuário Suporte - Cerimonial,5,3,2,2024-10-24 10:07:53+00:00,2024-10-31 09:08:58+00:00,,,DTIC > EQUIPAMENTOS > RECOLHIMENTO,Entidade raiz > PIRATINI > CENTRAL DE ATENDIMENTOS > CASA CIVIL,,anderson-oliveira,leandro-hardt
5676,5795,Atendimento ao usuário Suporte - Secom,6,3,2,2024-10-24 10:59:24+00:00,2024-10-24 13:35:28+00:00,,,AJUDA E SUPORTE > ATENDIMENTO AO USUÁRIO,Entidade raiz > PIRATINI > CENTRAL DE ATENDIMENTOS > SECOM,,,jean-rangel
5677,5796,OFFICE 365 // ASSESSORIA ESPECÍFICA  - GVG,5,3,2,2024-10-24 11:19:25+00:00,2024-10-24 14:26:00+00:00,,,DTIC > SISTEMAS > CONFIGURAÇÃO DE SOFTWARE,Entidade raiz > PIRATINI > CENTRAL DE ATENDIMENTOS > GVG,,anderson-oliveira,larissa-winckler
5678,5797,instalação Pc´s no alojamento da Casa Militar,5,3,2,2024-10-24 11:46:43+00:00,2024-10-24 13:34:46+00:00,,,AJUDA E SUPORTE > ATENDIMENTO AO USUÁRIO,Entidade raiz > PIRATINI > CENTRAL DE ATENDIMENTOS > GG,Palácio do Piratini,edson-silva,lorena-vieira
5679,5798,Atendimento ao usuário Suporte - SECOM - DF,5,3,2,2024-10-24 11:54:31+00:00,2024-10-24 11:58:41+00:00,,,AJUDA E SUPORTE > ATENDIMENTO AO USUÁRIO,Entidade raiz > PIRATINI > CENTRAL DE ATENDIMENTOS > SECOM,,jorge-vicente,paulo-duarth
5680,5799,Atendimento ao usuário Suporte - Procuradoria Setorial,5,3,2,2024-10-24 13:06:19+00:00,2024-10-28 11:31:00+00:00,,,ACESSO A SISTEMAS > SOE > PROA,Entidade raiz > PIRATINI > CENTRAL DE ATENDIMENTOS > SECOM,,miguelangelo,andre-graminho
5681,5800,Criar equipe // CC - Parlamentar // Paulo Deymison,6,3,2,2024-10-24 13:35:56+00:00,2024-10-24 13:36:35+00:00,,,ACESSO A SISTEMAS > OFFICE 365 > EMAIL,Entidade raiz > PIRATINI > CENTRAL DE ATENDIMENTOS > CASA CIVIL,,silvio-valim,paulo-souza
5682,5801,Acesso a Sistemas  - FPE - DESBLOQUEAR USUÁRIO,5,3,2,2024-10-24 13:41:01+00:00,2024-10-24 13:58:36+00:00,,,,Entidade raiz > PIRATINI > CENTRAL DE ATENDIMENTOS > GG,,anderson-oliveira,bruno-rien
5683,5802,Atendimento ao usuário Suporte - Conservação e Memória,5,3,2,2024-10-24 13:41:49+00:00,2024-10-29 17:27:31+00:00,,,AJUDA E SUPORTE > INSTALAÇÃO DE SOFTWARE,Entidade raiz > PIRATINI > CENTRAL DE ATENDIMENTOS > GG,,leonardo-riela,bruno-rien
5684,5803,PROA REMOVER ACESSO A GRUPO,5,3,2,2024-10-24 14:57:02+00:00,2024-10-28 10:50:59+00:00,,,ACESSO A SISTEMAS > SOE > PROA > REMOVER DE GRUPO,Entidade raiz > PIRATINI > CENTRAL DE ATENDIMENTOS > SECOM,,miguelangelo,cristiano-tavares
5685,5804,Atendimento ao usuário Suporte - DCMPP,5,3,2,2024-10-24 15:33:10+00:00,2024-10-24 16:20:32+00:00,,,AJUDA E SUPORTE > ATENDIMENTO AO USUÁRIO,Entidade raiz > PIRATINI > CENTRAL DE ATENDIMENTOS > GG,,jorge-vicente,lorena-vieira
5686,5805,Acesso a Sistemas // Túnel PROCERGS,5,3,2,2024-10-24 15:52:47+00:00,2024-10-25 08:47:40+00:00,,,ACESSO A SISTEMAS > TÚNEL PROCERGS,Entidade raiz > PIRATINI > CENTRAL DE ATENDIMENTOS > CASA CIVIL,,anderson-oliveira,flavia-silva
5687,5806,Ajuda e Suporte\ Instalação de software,5,3,2,2024-10-24 17:43:04+00:00,2024-10-25 17:12:33+00:00,,,AJUDA E SUPORTE > INSTALAÇÃO DE SOFTWARE,Entidade raiz > PIRATINI > CENTRAL DE ATENDIMENTOS > CASA CIVIL,Maua 1050,thales-leite,giovana-rodrigues
5688,5807,Atendimento ao usuário Suporte - gabinete da Casa Civil (MP),5,3,2,2024-10-25 08:43:58+00:00,2024-10-25 09:24:42+00:00,,,AJUDA E SUPORTE > ATENDIMENTO AO USUÁRIO,Entidade raiz > PIRATINI > CENTRAL DE ATENDIMENTOS > CASA CIVIL,Memorial do Ministério Público,anderson-oliveira,abigail-correa
5689,5808,Acesso a Sistemas Rede Piratini,5,4,2,2024-10-25 09:29:40+00:00,2024-10-25 13:52:34+00:00,,,ACESSO A SISTEMAS > REDE > RESET DE SENHA,Entidade raiz > PIRATINI > CENTRAL DE ATENDIMENTOS > CASA CIVIL,,anderson-oliveira,luciano-silva
5690,5809,Atendimento ao usuário Suporte - GG,5,3,2,2024-10-25 09:43:05+00:00,2024-10-25 12:03:30+00:00,,,AJUDA E SUPORTE > ATENDIMENTO AO USUÁRIO,Entidade raiz > PIRATINI > CENTRAL DE ATENDIMENTOS > GG,,leonardo-riela,daniela-baum
5691,5810,Ajuda e Suporte \ Instalar Software,5,3,2,2024-10-25 09:46:13+00:00,2024-10-25 09:46:23+00:00,,,AJUDA E SUPORTE > INSTALAÇÃO DE SOFTWARE,Entidade raiz > PIRATINI > CENTRAL DE ATENDIMENTOS > SECOM,,anderson-oliveira,marcelo-ribeiro
5692,5811,INCIDENTE  - gabinete da casa civil MP,5,3,2,2024-10-25 11:14:14+00:00,2024-10-25 16:40:36+00:00,,,DTIC > INFRAESTRUTURA > OUTROS,Entidade raiz > PIRATINI > CENTRAL DE ATENDIMENTOS > CASA CIVIL,,anderson-oliveira,abigail-correa
5693,5812,Acesso a Sistemas  - Geral - LIBERAR ACESSO,5,3,2,2024-10-25 11:26:05+00:00,2024-10-31 09:08:07+00:00,,,AJUDA E SUPORTE > INSTALAÇÃO DE SOFTWARE,Entidade raiz > PIRATINI > CENTRAL DE ATENDIMENTOS > SECOM,,"alessandro-vieira, leonardo-riela",vania-pinto
5694,5813,Acesso a Sistemas  - Geral - OUTRO,5,3,2,2024-10-25 13:19:47+00:00,2024-10-25 16:37:36+00:00,,,ACESSO A SISTEMAS > OFFICE 365 > EMAIL > ATUALIZAR DADOS,Entidade raiz > PIRATINI > CENTRAL DE ATENDIMENTOS > CASA MILITAR,,anderson-oliveira,glenio-filho
5695,5814,IMPRESSORA NÃO INSTALADA NA MAQUINA - Gabinete,5,3,2,2024-10-25 14:13:13+00:00,2024-10-25 14:29:49+00:00,,,DTIC > EQUIPAMENTOS > CONFIGURAÇÃO,Entidade raiz > PIRATINI > CENTRAL DE ATENDIMENTOS > SECOM,,thales-leite,andre-graminho
5696,5815,Acesso a Sistemas // SGM - Sistema Gerenciador de Matérias,5,3,2,2024-10-25 14:20:10+00:00,2024-10-29 09:59:08+00:00,,,ACESSO A SISTEMAS > SOE,Entidade raiz > PIRATINI > CENTRAL DE ATENDIMENTOS > CASA CIVIL,,"pablo-guimaraes, miguelangelo",daniela-cunha
5697,5816,Atendimento ao usuário Suporte - ADMINISTRATIVO,5,3,2,2024-10-25 14:24:57+00:00,2024-10-25 15:18:33+00:00,,,AJUDA E SUPORTE > ATENDIMENTO AO USUÁRIO,Entidade raiz > PIRATINI > CENTRAL DE ATENDIMENTOS > SECOM,,anderson-oliveira,andre-graminho
5698,5817,IMPRESSORA MENSAGEM DE ERRO - GABINETE DO VICE-GOVERNADOR,5,3,2,2024-10-25 14:41:37+00:00,2024-10-31 14:51:58+00:00,,,AJUDA E SUPORTE > ATENDIMENTO AO USUÁRIO,Entidade raiz > PIRATINI > CENTRAL DE ATENDIMENTOS > GVG,Edifício Guaíba,anderson-oliveira,carla-calero
5699,5818,IMPRESSORA NÃO INSTALADA NA MAQUINA - Subchefia de Operações da Casa Militar,5,3,2,2024-10-25 15:38:30+00:00,2024-10-28 09:54:09+00:00,,,DTIC > EQUIPAMENTOS > CONFIGURAÇÃO,Entidade raiz > PIRATINI > CENTRAL DE ATENDIMENTOS > CASA MILITAR,,anderson-oliveira,arlindo-oliveira
5700,5819,Acesso a Sistemas Rede Piratini,5,3,2,2024-10-25 15:56:04+00:00,2024-10-25 16:55:03+00:00,,,ACESSO A SISTEMAS > REDE > RESET DE SENHA,Entidade raiz > PIRATINI > CENTRAL DE ATENDIMENTOS > CASA CIVIL,,jorge-vicente,
5701,5820,Acesso a Sistemas Rede Piratini,5,3,2,2024-10-28 08:09:42+00:00,2024-10-28 14:27:09+00:00,,,ACESSO A SISTEMAS > REDE > LIBERAÇÃO DE ACESSO,Entidade raiz > PIRATINI > CENTRAL DE ATENDIMENTOS > CASA MILITAR,,anderson-oliveira,arlindo-oliveira
5702,5821,IMPRESSORA,5,3,2,2024-10-28 08:15:43+00:00,2024-10-28 09:54:09+00:00,,,IMPRESSORA,Entidade raiz > PIRATINI > CENTRAL DE ATENDIMENTOS > CASA MILITAR,,,arlindo-oliveira
5703,5822,Atendimento ao usuário Suporte - Gabinete do Municípios e Prefeitos,5,3,2,2024-10-28 09:52:39+00:00,2024-10-28 16:02:38+00:00,,,DTIC > INFRAESTRUTURA > PROBLEMA DE REDE,Entidade raiz > PIRATINI > CENTRAL DE ATENDIMENTOS > CASA CIVIL,,,melissa-costa
5704,5823,Acesso a Sistemas Rede Piratini,6,3,2,2024-10-28 10:06:22+00:00,2024-10-29 09:00:25+00:00,,,ACESSO A SISTEMAS > REDE > LIBERAÇÃO DE ACESSO,Entidade raiz > PIRATINI > CENTRAL DE ATENDIMENTOS > CASA MILITAR,,"silvio-valim, anderson-oliveira",junior-bittencourt
5705,5824,Acesso a Sistemas  - Geral - LIBERAR ACESSO,5,3,2,2024-10-28 10:19:04+00:00,2024-11-14 14:15:52+00:00,,,,Entidade raiz > PIRATINI > CENTRAL DE ATENDIMENTOS > SECOM,,"pablo-guimaraes, anderson-oliveira",cristiano-tavares
5706,5825,OFFICE 365 // NOVA CONTA DE EMAIL - ALA RESIDENCIAL,6,3,2,2024-10-28 10:19:46+00:00,2024-10-29 08:59:36+00:00,,,ACESSO A SISTEMAS > OFFICE 365 > EMAIL > NOVO USUÁRIO,Entidade raiz > PIRATINI > CENTRAL DE ATENDIMENTOS > CASA MILITAR,,"silvio-valim, anderson-oliveira",junior-bittencourt
5708,5827,Acesso a Sistemas Rede Piratini,6,3,2,2024-10-28 11:16:54+00:00,2024-10-29 17:26:43+00:00,,,ACESSO A SISTEMAS > REDE > RESET DE SENHA,Entidade raiz > PIRATINI > CENTRAL DE ATENDIMENTOS > GG,,anderson-oliveira,jovana-fonseca
5709,5828,Acesso a Sistemas Rede Piratini,5,3,2,2024-10-28 13:59:17+00:00,2024-10-28 14:18:13+00:00,,,ACESSO A SISTEMAS > REDE > RESET DE SENHA,Entidade raiz > PIRATINI > CENTRAL DE ATENDIMENTOS > CASA MILITAR,,anderson-oliveira,marilei-teloken
5710,5829,OUTLOOK // ADICIONAR/EXCLUIR USUÁRIO DE CAIXA COMPARTILHADA - PGE,5,3,2,2024-10-28 15:28:05+00:00,2024-10-29 08:54:54+00:00,,,ACESSO A SISTEMAS > OFFICE 365 > EMAIL > CAIXA COMPARTILHADA,Entidade raiz > PIRATINI > CENTRAL DE ATENDIMENTOS > SECOM,,silvio-valim,andre-graminho
5711,5830,Atendimento ao usuário Suporte - Secom,5,3,2,2024-10-28 15:36:41+00:00,2024-10-29 17:20:15+00:00,,,AJUDA E SUPORTE > ATENDIMENTO AO USUÁRIO,Entidade raiz > PIRATINI > CENTRAL DE ATENDIMENTOS > SECOM,,"alessandro-vieira, leonardo-riela",thales-moreira
5712,5831,Acesso Sites como Admin // GVG - Comunicação // juliane-pimentel,6,3,2,2024-10-28 12:00:00+00:00,2024-11-25 09:25:46+00:00,,,ACESSO A SISTEMAS > SOE,Entidade raiz > PIRATINI > CENTRAL DE ATENDIMENTOS > GVG,,pablo-guimaraes,juliane-pimentel
5713,5832,INCIDENTE  - Defesa Civil,6,3,2,2024-10-28 16:34:12+00:00,2024-10-30 15:48:24+00:00,,,DTIC > INFRAESTRUTURA > OUTROS,Entidade raiz > PIRATINI > CENTRAL DE ATENDIMENTOS > CASA MILITAR,Defesa Civil / Andrade Neves,"anderson-oliveira, leonardo-riela",ana-duarte
5714,5833,ala residencial // instalação de monitores // Alexandre Rovinski,5,3,2,2024-10-29 12:00:00+00:00,2025-02-05 10:15:15+00:00,,,AJUDA E SUPORTE > MOVIMENTO DE EQUIPAMENTOS DE TI > REQUISIÇÃO,Entidade raiz > PIRATINI > CENTRAL DE ATENDIMENTOS,,"alessandro-vieira, leonardo-riela",alexandre-almoarqueg
5715,5834,IMPRESSORA,5,3,2,2024-10-29 09:41:22+00:00,2024-10-30 16:28:31+00:00,,,IMPRESSORA,Entidade raiz > PIRATINI > CENTRAL DE ATENDIMENTOS > GVG,,edson-silva,carla-calero
5716,5835,Ajuda e Suporte //Requisição de Equipamentos,6,3,2,2024-10-29 09:48:48+00:00,2024-10-30 15:53:12+00:00,,,AJUDA E SUPORTE > MOVIMENTO DE EQUIPAMENTOS DE TI > REQUISIÇÃO,Entidade raiz > PIRATINI > CENTRAL DE ATENDIMENTOS > SECOM,,anderson-oliveira,jean-rangel
5717,5836,IMPRESSORA,5,3,2,2024-10-29 11:54:30+00:00,2024-10-29 15:15:43+00:00,,,IMPRESSORA,Entidade raiz > PIRATINI > CENTRAL DE ATENDIMENTOS > CASA MILITAR,,alessandro-vieira,kelen-silva
5718,5837,Atendimento ao usuário Suporte - SECOM,6,3,2,2024-10-29 13:35:30+00:00,2024-10-29 13:38:01+00:00,,,AJUDA E SUPORTE > ATENDIMENTO AO USUÁRIO,Entidade raiz > PIRATINI > CENTRAL DE ATENDIMENTOS > SECOM,,,jean-rangel
5719,5838,Falha ao receber e-mails sefaz // CC - DPO // vanessa-konrath,6,3,2,2024-10-29 12:00:00+00:00,2025-02-06 17:59:45+00:00,,,ACESSO A SISTEMAS > OFFICE 365,Entidade raiz > PIRATINI > CENTRAL DE ATENDIMENTOS > CASA CIVIL > Secretaria-Executiva > Subchefia Administrativa > Departamento de Planejamento Orçamento e Finanças,,"silvio-valim, pablo-guimaraes",vanessa-konrath
5720,5839,Atendimento ao usuário Suporte - Publicidade,5,3,2,2024-10-29 14:22:33+00:00,2024-10-29 14:31:29+00:00,,,AJUDA E SUPORTE > ATENDIMENTO AO USUÁRIO,Entidade raiz > PIRATINI > CENTRAL DE ATENDIMENTOS > SECOM,,jorge-vicente,andre-graminho
5721,5840,Acesso a Sistemas Rede Piratini,5,3,2,2024-10-29 15:14:21+00:00,2024-11-04 09:02:36+00:00,,,AJUDA E SUPORTE > ATENDIMENTO AO USUÁRIO,Entidade raiz > PIRATINI > CENTRAL DE ATENDIMENTOS > CASA CIVIL,,"silvio-valim, anderson-oliveira",silvia-alves
5722,5841,Atendimento ao usuário Suporte - GABINETE,5,3,2,2024-10-29 15:22:49+00:00,2024-10-29 16:04:06+00:00,,,AJUDA E SUPORTE > ATENDIMENTO AO USUÁRIO,Entidade raiz > PIRATINI > CENTRAL DE ATENDIMENTOS > SECOM,,pablo-guimaraes,andre-graminho
5723,5842,Infraestrutura/Problema de rede,5,3,1,2024-10-30 09:36:51+00:00,2024-11-05 15:34:05+00:00,,,DTIC > INFRAESTRUTURA > PROBLEMA DE REDE,Entidade raiz > PIRATINI > CENTRAL DE ATENDIMENTOS > CASA CIVIL,,"edson-silva, anderson-oliveira",melissa-costa
5724,5843,Atendimento ao usuário Suporte - Damac,5,3,2,2024-10-30 09:41:29+00:00,2024-10-30 15:49:26+00:00,,,AJUDA E SUPORTE > ATENDIMENTO AO USUÁRIO,Entidade raiz > PIRATINI > CENTRAL DE ATENDIMENTOS > CASA CIVIL,,anderson-oliveira,marivete-souza
5725,5844,INGRESSO DE SERVIDOR,5,4,2,2024-10-30 09:56:29+00:00,2024-10-30 17:04:25+00:00,,,ACESSO A SISTEMAS > REDE > LIBERAÇÃO DE ACESSO > NOVO USUÁRIO,Entidade raiz > PIRATINI > CENTRAL DE ATENDIMENTOS > CASA CIVIL,,"silvio-valim, pablo-guimaraes, miguelangelo, anderson-oliveira",silvia-leopoldino
5726,5845,INGRESSO DE SERVIDOR,5,4,2,2024-10-30 09:57:20+00:00,2024-10-30 17:05:31+00:00,,,ACESSO A SISTEMAS > REDE > LIBERAÇÃO DE ACESSO > NOVO USUÁRIO,Entidade raiz > PIRATINI > CENTRAL DE ATENDIMENTOS > CASA CIVIL,,"silvio-valim, pablo-guimaraes, miguelangelo, anderson-oliveira",silvia-leopoldino
5727,5846,Auxílio para Imprimir // CC - Subchefia Jurídica // Ângela Menezes,6,3,2,2024-10-30 09:57:27+00:00,2024-10-30 09:57:33+00:00,,,AJUDA E SUPORTE > ATENDIMENTO AO USUÁRIO,Entidade raiz > PIRATINI > CENTRAL DE ATENDIMENTOS > CASA CIVIL,,silvio-valim,angela-menezes
5728,5847,Atendimento ao usuário Suporte - Damac,5,3,2,2024-10-30 10:10:36+00:00,2024-12-23 09:58:28+00:00,,,AJUDA E SUPORTE > MOVIMENTO DE EQUIPAMENTOS DE TI > REQUISIÇÃO,Entidade raiz > PIRATINI > CENTRAL DE ATENDIMENTOS > CASA CIVIL,,anderson-oliveira,marivete-souza
5729,5848,Acesso a Sistemas  - GDG - LIBERAR ACESSO,5,3,2,2024-10-30 10:43:14+00:00,2024-10-30 10:48:52+00:00,,,,Entidade raiz > PIRATINI > CENTRAL DE ATENDIMENTOS > CASA CIVIL,,pablo-guimaraes,francisco-barros
5730,5849,Atendimento ao usuário Suporte - ADMINISTRATIVO,5,3,2,2024-10-30 11:15:51+00:00,2024-10-30 11:26:46+00:00,,,ACESSO A SISTEMAS > REDE > RESET DE SENHA,Entidade raiz > PIRATINI > CENTRAL DE ATENDIMENTOS > SECOM,,anderson-oliveira,andre-graminho
5731,5850,Atendimento ao usuário Suporte - ADMINISTRATIVO,5,3,2,2024-10-30 11:18:46+00:00,2024-10-31 09:01:25+00:00,,,AJUDA E SUPORTE > ATENDIMENTO AO USUÁRIO,Entidade raiz > PIRATINI > CENTRAL DE ATENDIMENTOS > SECOM,,leonardo-riela,andre-graminho
5732,5851,Atendimento ao usuário Suporte - secom,6,3,2,2024-10-30 11:24:53+00:00,2024-10-31 09:35:32+00:00,,,AJUDA E SUPORTE > INSTALAÇÃO DE SOFTWARE,Entidade raiz > PIRATINI > CENTRAL DE ATENDIMENTOS > SECOM,,,jean-rangel
5733,5852,Acesso a Sistemas  - Geral - OUTRO,6,3,2,2024-10-30 12:05:33+00:00,2024-11-04 09:05:03+00:00,,,ACESSO A SISTEMAS > OFFICE 365 > EMAIL > ALTERAR PLANO / LICENÇA,Entidade raiz > PIRATINI > CENTRAL DE ATENDIMENTOS > CASA MILITAR,,silvio-valim,junior-bittencourt
5734,5853,Acesso a Sistemas  - GDG - LIBERAR ACESSO,6,3,2,2024-10-30 14:39:12+00:00,2024-10-30 16:58:29+00:00,,,,Entidade raiz > PIRATINI > CENTRAL DE ATENDIMENTOS > GG,,"pablo-guimaraes, miguelangelo",jovana-fonseca
5735,5854,Atendimento ao usuário Suporte - ADMINISTRATIVO,5,3,2,2024-10-30 17:36:40+00:00,2024-11-05 13:57:11+00:00,,,ACESSO A SISTEMAS > SOE > FPE,Entidade raiz > PIRATINI > CENTRAL DE ATENDIMENTOS > SECOM,,pablo-guimaraes,andre-graminho
5736,5855,Atendimento ao usuário Suporte - DMP,5,3,2,2024-10-31 10:18:24+00:00,2024-10-31 10:55:24+00:00,,,AJUDA E SUPORTE > ATENDIMENTO AO USUÁRIO,Entidade raiz > PIRATINI > CENTRAL DE ATENDIMENTOS > CASA CIVIL,,,melina-andrade
5737,5856,Atendimento ao usuário Suporte - DMP,6,3,2,2024-10-31 10:26:24+00:00,2024-10-31 15:28:28+00:00,,,AJUDA E SUPORTE > ATENDIMENTO AO USUÁRIO,Entidade raiz > PIRATINI > CENTRAL DE ATENDIMENTOS > CASA CIVIL,,"alessandro-vieira, leonardo-riela",melina-andrade
5738,5857,Acesso a Sistemas  - GDG - REMOVER ACESSO,6,3,2,2024-10-31 10:40:03+00:00,2024-10-31 11:08:47+00:00,,,,Entidade raiz > PIRATINI > CENTRAL DE ATENDIMENTOS > GG,,pablo-guimaraes,jovana-fonseca
5739,5858,Instalação de Equipamento // CM - Divisão de Transportes // Gabriele Rodrigues Senger,6,3,1,2024-10-31 11:58:28+00:00,2024-10-31 15:13:54+00:00,,,AJUDA E SUPORTE > INSTALAÇÃO DE EQUIPAMENTOS,Entidade raiz > PIRATINI > CENTRAL DE ATENDIMENTOS > CASA MILITAR,,"alessandro-vieira, leonardo-riela",leandro-tavares
5740,5859,Computador sem Internet // CM - Divisão de Transportes // Joao Geraldo da Silva Rodrigues,6,3,1,2024-10-31 12:01:22+00:00,2024-10-31 12:05:03+00:00,,,DTIC > INFRAESTRUTURA > PROBLEMA DE REDE,Entidade raiz > PIRATINI > CENTRAL DE ATENDIMENTOS > CASA MILITAR,,jorge-vicente,marilei-teloken
5741,5860,Atendimento ao usuário Suporte - Gabinete Vice-Governador,5,3,2,2024-10-31 13:43:11+00:00,2024-12-09 15:42:02+00:00,,,AJUDA E SUPORTE > ATENDIMENTO AO USUÁRIO,Entidade raiz > PIRATINI > CENTRAL DE ATENDIMENTOS > GVG,,edson-silva,larissa-winckler
5742,5861,Ajuda e Suporte // Office 365,5,3,2,2024-10-31 15:00:31+00:00,2024-11-05 09:14:10+00:00,,,AJUDA E SUPORTE > ATENDIMENTO AO USUÁRIO,Entidade raiz > PIRATINI > CENTRAL DE ATENDIMENTOS > GG,,anderson-oliveira,luciana-conca
5743,5862,Acesso a Sistemas  - GDG - REMOVER ACESSO,6,3,2,2024-10-31 15:04:46+00:00,2024-11-04 08:51:35+00:00,,,ACESSO A SISTEMAS > SOE,Entidade raiz > PIRATINI > CENTRAL DE ATENDIMENTOS > GG,,"pablo-guimaraes, miguelangelo",jovana-fonseca
5744,5863,Atendimento ao usuário Suporte - ADMINISTRATIVO,5,3,2,2024-10-31 17:04:37+00:00,2024-11-14 15:38:09+00:00,,,ACESSO A SISTEMAS > OFFICE 365 > EMAIL > CAIXA COMPARTILHADA,Entidade raiz > PIRATINI > CENTRAL DE ATENDIMENTOS > SECOM,,jorge-vicente,andre-graminho
5745,5864,Acesso a Sistemas Rede Piratini,5,3,2,2024-10-31 17:34:17+00:00,2024-11-05 14:02:20+00:00,,,ACESSO A SISTEMAS > REDE > LIBERAÇÃO DE ACESSO,Entidade raiz > PIRATINI > CENTRAL DE ATENDIMENTOS > CASA CIVIL,,pablo-guimaraes,edson-pereira
5746,5865,Atendimento ao usuário Suporte - EDICAO,5,3,2,2024-10-31 17:45:39+00:00,2024-11-06 17:06:09+00:00,,,DTIC > EQUIPAMENTOS > MANUTENÇÃO,Entidade raiz > PIRATINI > CENTRAL DE ATENDIMENTOS > SECOM,,leonardo-riela,andre-graminho
5747,5866,INCIDENTE  - ANDRADE NEVES 106 -11° ANDAR,5,3,2,2024-10-31 18:10:16+00:00,2024-11-04 17:24:22+00:00,,,DTIC > INFRAESTRUTURA > OUTROS,Entidade raiz > PIRATINI > CENTRAL DE ATENDIMENTOS > CASA MILITAR,,"alessandro-vieira, leonardo-riela",jose-bones
5748,5867,Suporte a Troca de Senha de Rede // DTIC - Protocolo // patricia-nunes,6,3,2,2024-11-04 12:00:00+00:00,2024-11-04 12:00:00+00:00,,,ACESSO A SISTEMAS > REDE > RESET DE SENHA,Entidade raiz > PIRATINI > CENTRAL DE ATENDIMENTOS > CASA CIVIL,,pablo-guimaraes,patricia-nunes
5750,5869,Sincronização de Arquivo OneDrive // GG - Gabinete // leonardo-neves,6,3,2,2024-11-04 12:00:00+00:00,2024-11-04 12:00:00+00:00,,,ACESSO A SISTEMAS > OFFICE 365,Entidade raiz > PIRATINI > CENTRAL DE ATENDIMENTOS > GG > Chefia de Gabinete do Governador > Direção-Geral > Departamento de Agenda,,pablo-guimaraes,leonardo-neves
5751,5870,Atendimento ao usuário Suporte - Divisão de Protocolo e Gerenciamento de Arquivos,5,3,2,2024-11-04 13:22:44+00:00,2024-11-05 15:10:41+00:00,,,AJUDA E SUPORTE > MOVIMENTO DE EQUIPAMENTOS DE TI > REQUISIÇÃO,Entidade raiz > PIRATINI > CENTRAL DE ATENDIMENTOS > CASA CIVIL,,jorge-vicente,diego-mattiello
5752,5871,OFFICE 365 // ALTERAR PLANO / LICENÇA - Subchefia Jurídica - Duque 951,5,3,2,2024-11-04 14:12:06+00:00,2024-11-14 16:06:56+00:00,,,ACESSO A SISTEMAS > OFFICE 365 > EMAIL > ALTERAR PLANO / LICENÇA,Entidade raiz > PIRATINI > CENTRAL DE ATENDIMENTOS > CASA CIVIL,,anderson-oliveira,edson-pereira
5753,5872,Atendimento ao usuário Suporte - Gabinete Governador,5,3,2,2024-11-04 15:10:02+00:00,2024-11-04 15:19:06+00:00,,,AJUDA E SUPORTE > ATENDIMENTO AO USUÁRIO,Entidade raiz > PIRATINI > CENTRAL DE ATENDIMENTOS > GG,,alessandro-vieira,maria-lermen
5754,5873,Acesso a Sistemas  - LAI - LIBERAR ACESSO,5,3,2,2024-11-04 15:16:36+00:00,2024-11-05 08:56:24+00:00,,,,Entidade raiz > PIRATINI > CENTRAL DE ATENDIMENTOS > CASA CIVIL,,pablo-guimaraes,regina-costa
5755,5874,Atendimento ao usuário Suporte - GABINETE DO GOVERNADOR - 3 ANDAR Departamento de Gestão e Documentação do Gabinete do Governador,6,3,2,2024-11-04 15:46:38+00:00,2024-12-18 11:17:12+00:00,,,DTIC > EQUIPAMENTOS > MANUTENÇÃO,Entidade raiz > PIRATINI > CENTRAL DE ATENDIMENTOS > GG,,jorge-vicente,jovana-fonseca
5756,5875,INGRESSO DE SERVIDOR,5,4,2,2024-11-04 16:17:19+00:00,2024-11-05 08:55:27+00:00,,,ACESSO A SISTEMAS > OFFICE 365 > EMAIL > NOVO USUÁRIO,Entidade raiz > PIRATINI > CENTRAL DE ATENDIMENTOS > CASA CIVIL > Secretaria-Executiva > Subchefia Administrativa > Departamento de Gestão de Atos e Pessoal > Divisão de Gestão de Pessoas,,"pablo-guimaraes, anderson-oliveira",silvia-leopoldino
5757,5876,Outlook //CAIXA COMPARTILHADA - DIVISÃO DE RELAÇÕES COMUNITÁRIAS,5,3,2,2024-11-04 16:34:27+00:00,2024-11-05 08:52:19+00:00,,,ACESSO A SISTEMAS > OFFICE 365 > EMAIL > CAIXA COMPARTILHADA,Entidade raiz > PIRATINI > CENTRAL DE ATENDIMENTOS > CASA MILITAR,,anderson-oliveira,elisandra-decantam
5758,5877,Outlook //CAIXA COMPARTILHADA - Coordenadoria Estadual de Proteção e Defesa Civil ,5,3,2,2024-11-04 16:38:33+00:00,2024-11-05 08:51:59+00:00,,,ACESSO A SISTEMAS > OFFICE 365 > EMAIL > CAIXA COMPARTILHADA,Entidade raiz > PIRATINI > CENTRAL DE ATENDIMENTOS > CASA MILITAR,,anderson-oliveira,elisandra-decantam
5759,5878,Acesso a Sistemas  - Geral - LIBERAR ACESSO,5,3,2,2024-11-04 16:43:12+00:00,2024-11-12 16:37:34+00:00,,,,Entidade raiz > PIRATINI > CENTRAL DE ATENDIMENTOS > CASA MILITAR,,"anderson-oliveira, leonardo-riela",ana-duarte
5760,5879,Acesso a Sistemas\Impressão,5,3,2,2024-11-05 10:45:35+00:00,2024-11-05 10:46:22+00:00,,,ACESSO A SISTEMAS > NDD,Entidade raiz > PIRATINI > CENTRAL DE ATENDIMENTOS > CASA MILITAR,,anderson-oliveira,joaquim-monteiro
5761,5880,Atendimento ao usuário Suporte - Divisão de Gestão de Pessoas ,5,3,2,2024-11-05 10:45:43+00:00,2024-11-05 11:47:03+00:00,,,AJUDA E SUPORTE > ATENDIMENTO AO USUÁRIO,Entidade raiz > PIRATINI > CENTRAL DE ATENDIMENTOS > CASA CIVIL,,pablo-guimaraes,flavia-silva
5762,5881,Impressora com Problema // CC - Divisão de Conservação // HP MFP E52645c,6,3,1,2024-11-05 12:09:34+00:00,2024-11-06 16:42:20+00:00,,,IMPRESSORA,Entidade raiz > PIRATINI > CENTRAL DE ATENDIMENTOS > CASA CIVIL,,jorge-vicente,jorge-vicente
5763,5882,Central da Informação Indisponível // CC - DGP // marilia-castro,6,3,2,2024-11-05 12:00:00+00:00,2024-11-05 15:08:13+00:00,,,ACESSO A SISTEMAS > SOE,Entidade raiz > PIRATINI > CENTRAL DE ATENDIMENTOS > CASA CIVIL > Secretaria-Executiva > Subchefia Administrativa > Departamento de Gestão Documental e de Bens Materiais e Patrimoniais > Divisão de Protocolo e Gerenciamento de Arquivo,,pablo-guimaraes,marilia-castro
5764,5883,Atendimento ao usuário Suporte - Casa Civil - AG,5,3,2,2024-11-05 14:40:29+00:00,2024-12-04 15:07:05+00:00,,,AJUDA E SUPORTE > ATENDIMENTO AO USUÁRIO,Entidade raiz > PIRATINI > CENTRAL DE ATENDIMENTOS > GG,,jorge-vicente,bruno-rien
5765,5884,IMPRESSORA,5,3,2,2024-11-06 07:41:25+00:00,2024-11-06 15:36:23+00:00,,,IMPRESSORA,Entidade raiz > PIRATINI > CENTRAL DE ATENDIMENTOS > CASA MILITAR,,jorge-vicente,elisandra-decantam
5766,5885,Atendimento ao usuário Suporte - Cais Mauá,5,3,2,2024-11-06 08:44:48+00:00,2024-11-06 14:45:34+00:00,,,AJUDA E SUPORTE > ATENDIMENTO AO USUÁRIO,Entidade raiz > PIRATINI > CENTRAL DE ATENDIMENTOS > CASA CIVIL,,pablo-guimaraes,marilia-castro
5767,5886,Acesso a Sistemas Rede Piratini,5,3,2,2024-11-06 09:15:32+00:00,2024-11-07 09:04:51+00:00,,,ACESSO A SISTEMAS > REDE > LIBERAÇÃO DE ACESSO,Entidade raiz > PIRATINI > CENTRAL DE ATENDIMENTOS > SECOM,,"pablo-guimaraes, anderson-oliveira",andre-graminho
5768,5887,Acesso a Sistemas  - FPE - LIBERAR ACESSO,5,3,2,2024-11-06 09:18:50+00:00,2024-11-12 09:32:46+00:00,,,,Entidade raiz > PIRATINI > CENTRAL DE ATENDIMENTOS > SECOM,,pablo-guimaraes,cristiano-tavares
5769,5888,ACESSO A SISTEMAS CADASTRO DE ID PARA IMPRESSÃO,5,3,2,2024-11-06 09:20:15+00:00,2024-11-06 15:38:15+00:00,,,ACESSO A SISTEMAS > NDD,Entidade raiz > PIRATINI > CENTRAL DE ATENDIMENTOS > GG,,jorge-vicente,adriweli-lima
5770,5889,Atendimento ao usuário Suporte - Defesa Civil,5,3,2,2024-11-06 09:42:34+00:00,2024-11-06 14:29:05+00:00,,,AJUDA E SUPORTE > INSTALAÇÃO DE SOFTWARE,Entidade raiz > PIRATINI > CENTRAL DE ATENDIMENTOS > CASA MILITAR,,alessandro-vieira,vanderlan-carvalho
5771,5890,Acesso a Sistemas Rede Piratini,5,3,2,2024-11-06 09:45:59+00:00,2024-11-06 17:05:23+00:00,,,ACESSO A SISTEMAS > REDE > LIBERAÇÃO DE ACESSO,Entidade raiz > PIRATINI > CENTRAL DE ATENDIMENTOS > CASA CIVIL > Secretaria-Executiva > Subchefia Juridica,,anderson-oliveira,lucas-silva
5772,5891,INCIDENTE  - GVG,5,3,2,2024-11-06 10:22:15+00:00,2024-11-06 15:37:43+00:00,,,DTIC > INFRAESTRUTURA > OUTROS,Entidade raiz > PIRATINI > CENTRAL DE ATENDIMENTOS > GVG,,jorge-vicente,larissa-winckler
5773,5892,INCIDENTE  - Sala da Divisão de conservação,6,3,2,2024-11-06 11:10:05+00:00,2024-11-06 15:36:46+00:00,,,DTIC > INFRAESTRUTURA > OUTROS,Entidade raiz > PIRATINI > CENTRAL DE ATENDIMENTOS > CASA CIVIL,,jorge-vicente,rodrigo-pias
5774,5893,Acesso a Sistemas  - SOE Web - OUTRO,5,3,2,2024-11-06 11:15:26+00:00,2024-11-06 14:42:28+00:00,,,,Entidade raiz > PIRATINI > CENTRAL DE ATENDIMENTOS > CASA MILITAR,,pablo-guimaraes,paulo-vogt
5775,5894,Acesso a Sistemas Rede Piratini,5,3,2,2024-11-06 15:31:41+00:00,2024-11-11 09:11:13+00:00,,,ACESSO A SISTEMAS > REDE > LIBERAÇÃO DE ACESSO,Entidade raiz > PIRATINI > CENTRAL DE ATENDIMENTOS > CASA MILITAR,,,maicon-oliveira
5776,5895,Ajuda e Suporte/Manutenção de Equipamentos,5,3,2,2024-11-06 16:21:19+00:00,2024-11-21 14:45:21+00:00,,,DTIC > EQUIPAMENTOS > MANUTENÇÃO,Entidade raiz > PIRATINI > CENTRAL DE ATENDIMENTOS > SECOM,,jorge-vicente,andre-graminho
5777,5896,IMPRESSORA TROCA DE TONNER - Divisão de Transportes,5,3,2,2024-11-06 16:22:16+00:00,2024-11-25 09:02:46+00:00,,,DTIC > EQUIPAMENTOS > MANUTENÇÃO,Entidade raiz > PIRATINI > CENTRAL DE ATENDIMENTOS > CASA MILITAR,,,marilei-teloken
5778,5897,IMPRESSORA,5,3,2,2024-11-07 11:11:19+00:00,2024-11-07 11:29:00+00:00,,,IMPRESSORA,Entidade raiz > PIRATINI > CENTRAL DE ATENDIMENTOS > CASA CIVIL,,jorge-vicente,ryslanne-morais
5779,5898,Orientação de Utilização Impressoras // CC - DRH // silvia-leopoldino/cleusa-villani/flavia-silva,6,3,2,2024-11-07 12:00:00+00:00,2024-11-07 12:00:00+00:00,,,DTIC > EQUIPAMENTOS > INSTALAÇÃO > IMPRESSORA,Entidade raiz > PIRATINI > CENTRAL DE ATENDIMENTOS > CASA CIVIL > Secretaria-Executiva > Subchefia Administrativa > Departamento de Gestão de Atos e Pessoal > Divisão de Gestão de Pessoas,,pablo-guimaraes,"silvia-leopoldino, cleusa-villani"
5780,5899,Atendimento ao usuário Suporte - Sala do Arquivo Subsolo - 1005,5,3,2,2024-11-07 11:12:45+00:00,2024-11-08 08:49:55+00:00,,,AJUDA E SUPORTE > ATENDIMENTO AO USUÁRIO,Entidade raiz > PIRATINI > CENTRAL DE ATENDIMENTOS > CASA CIVIL,,edson-silva,ryslanne-morais
5781,5900,Acesso a Sistemas Rede Piratini,5,3,2,2024-11-07 12:06:17+00:00,2024-11-12 09:20:06+00:00,,,ACESSO A SISTEMAS > REDE > LIBERAÇÃO DE ACESSO > NOVO USUÁRIO,Entidade raiz > PIRATINI > CENTRAL DE ATENDIMENTOS > SECOM,,"pablo-guimaraes, anderson-oliveira",andre-graminho
5782,5901,Acesso a Sistemas  - GCE - DESBLOQUEAR USUÁRIO,5,3,2,2024-11-07 13:28:26+00:00,2024-11-07 14:06:34+00:00,,,,Entidade raiz > PIRATINI > CENTRAL DE ATENDIMENTOS > GG,,anderson-oliveira,bruno-rien
5783,5902,Atendimento ao usuário Suporte - Departamento de Conservacao e Memoria ,5,3,2,2024-11-07 13:29:17+00:00,2024-11-08 09:43:34+00:00,,,AJUDA E SUPORTE > ATENDIMENTO AO USUÁRIO,Entidade raiz > PIRATINI > CENTRAL DE ATENDIMENTOS > GG,,"alessandro-vieira, leonardo-riela",taizi-nunes
5784,5903,INCIDENTE  - Posto 2(guarita ao lado da catedral),5,3,2,2024-11-07 14:39:55+00:00,2024-11-08 15:40:57+00:00,,,DTIC > INFRAESTRUTURA > OUTROS,Entidade raiz > PIRATINI > CENTRAL DE ATENDIMENTOS > CASA MILITAR,,anderson-oliveira,antonio-ferreira
5785,5904,Acesso a Sistemas Rede Piratini,5,3,2,2024-11-07 14:46:28+00:00,2024-11-07 16:24:06+00:00,,,ACESSO A SISTEMAS > REDE > LIBERAÇÃO DE ACESSO,Entidade raiz > PIRATINI > CENTRAL DE ATENDIMENTOS > CASA CIVIL,,jorge-vicente,janice-barbosa
5786,5905,Atendimento ao usuário Suporte - Casa Civil - Duque de Caxias 951,5,3,2,2024-11-07 15:00:45+00:00,2024-11-08 11:40:02+00:00,,,AJUDA E SUPORTE > ATENDIMENTO AO USUÁRIO,Entidade raiz > PIRATINI > CENTRAL DE ATENDIMENTOS > CASA CIVIL,,"anderson-oliveira, luciano-silva",juliana-lima
5787,5906,Acesso a Sistemas Rede Piratini,5,3,2,2024-11-07 15:18:58+00:00,2024-11-11 16:09:02+00:00,,,ACESSO A SISTEMAS > OFFICE 365 > EMAIL > NOVO USUÁRIO,Entidade raiz > PIRATINI > CENTRAL DE ATENDIMENTOS > CASA CIVIL,,pablo-guimaraes,rejane-farias
5788,5907,INCIDENTE  - SECOM,5,3,2,2024-11-07 15:36:07+00:00,2024-11-08 15:24:35+00:00,,,DTIC > INFRAESTRUTURA > OUTROS,Entidade raiz > PIRATINI > CENTRAL DE ATENDIMENTOS > SECOM,,leonardo-riela,jorge-diene
5789,5908,INCIDENTE  - Jornalismo - Palácio,5,3,2,2024-11-07 15:49:36+00:00,2024-11-08 08:20:56+00:00,,,DTIC > INFRAESTRUTURA > OUTROS,Entidade raiz > PIRATINI > CENTRAL DE ATENDIMENTOS > SECOM,,leonardo-riela,cristiano-tavares
5790,5909,Infraestrutura/Problema de Rede,5,3,1,2024-11-07 16:28:27+00:00,2024-11-08 15:39:56+00:00,,,DTIC > INFRAESTRUTURA > PROBLEMA DE REDE,Entidade raiz > PIRATINI > CENTRAL DE ATENDIMENTOS > GG,,"anderson-oliveira, leonardo-riela",luciana-conca
5791,5910,INCIDENTE  - Divisão de Transportes,5,3,2,2024-11-07 16:39:07+00:00,2024-11-07 16:57:22+00:00,,,DTIC > INFRAESTRUTURA > OUTROS,Entidade raiz > PIRATINI > CENTRAL DE ATENDIMENTOS > CASA MILITAR,,jorge-vicente,marilei-teloken
5792,5911,Reset de Senha // CC - DGAP // Daniela Costa Vieira Da Cunha,6,3,1,2024-11-07 19:36:42+00:00,2024-11-07 19:37:01+00:00,,,ACESSO A SISTEMAS > REDE > RESET DE SENHA,Entidade raiz > PIRATINI > CENTRAL DE ATENDIMENTOS > CASA CIVIL > Secretaria-Executiva > Subchefia Administrativa > Departamento de Gestão de Atos e Pessoal,,,daniela-cunha
5793,5912,Reset de Senha // CC - DGP // Cleusa Villani,6,3,1,2024-11-07 19:41:49+00:00,2024-11-07 19:42:03+00:00,,,ACESSO A SISTEMAS > REDE > RESET DE SENHA,Entidade raiz > PIRATINI > CENTRAL DE ATENDIMENTOS > CASA CIVIL > Secretaria-Executiva > Subchefia Administrativa > Departamento de Gestão de Atos e Pessoal > Divisão de Gestão de Pessoas,,,cleusa-villani
5794,5913,Reset de Senha // CC - ATA // Suellen de Moraes Rodrigues,6,3,1,2024-11-07 19:43:53+00:00,2024-11-07 19:44:10+00:00,,,ACESSO A SISTEMAS > REDE > RESET DE SENHA,Entidade raiz > PIRATINI > CENTRAL DE ATENDIMENTOS > CASA CIVIL > Secretaria-Executiva > Subchefia Administrativa > Departamento de Gestão de Atos e Pessoal > Divisão de Atos de Pessoal,,,suellen-rodrigues
5795,5914,Reset de Senha // CC - DCC // Zeni Xavier Siqueira Dos Santos,6,3,1,2024-11-07 19:45:17+00:00,2024-11-07 19:45:26+00:00,,,ACESSO A SISTEMAS > REDE > RESET DE SENHA,Entidade raiz > PIRATINI > CENTRAL DE ATENDIMENTOS > CASA CIVIL,,,zeni-santos
5796,5915,Reset de Senha // CC - Subchefia Jurídica // Aline Garcia Renner Salvadore,6,3,1,2024-11-07 19:47:15+00:00,2024-11-07 19:48:01+00:00,,,ACESSO A SISTEMAS > REDE > RESET DE SENHA,Entidade raiz > PIRATINI > CENTRAL DE ATENDIMENTOS > CASA CIVIL > Secretaria-Executiva > Subchefia Juridica,,,aline-renner
5797,5916,Reset de Senha // CC - Subchefia Jurídica // Marcia Von Hoonholtz Laitano,6,3,1,2024-11-07 19:50:08+00:00,2024-11-07 19:50:31+00:00,,,ACESSO A SISTEMAS > REDE > RESET DE SENHA,Entidade raiz > PIRATINI > CENTRAL DE ATENDIMENTOS > CASA CIVIL > Secretaria-Executiva > Subchefia Juridica,,,marcia-laitano
5798,5917,Reset de Senha // CC - Gabinete // Amanda Brito Bordin ,6,3,1,2024-11-07 19:51:35+00:00,2024-11-07 19:51:56+00:00,,,ACESSO A SISTEMAS > REDE > RESET DE SENHA,Entidade raiz > PIRATINI > CENTRAL DE ATENDIMENTOS > CASA CIVIL > Chefia de Gabinete,,,amanda-bordin
5799,5918,Reset de Senha // CC - Gabinete // Camila Bicca Rassier ,6,3,1,2024-11-07 19:52:57+00:00,2024-11-07 19:53:20+00:00,,,ACESSO A SISTEMAS > REDE > RESET DE SENHA,Entidade raiz > PIRATINI > CENTRAL DE ATENDIMENTOS > CASA CIVIL > Chefia de Gabinete,,,camila-rassier
5800,5919,Atendimento ao usuário Suporte - EDICAO,5,3,2,2024-11-08 09:05:03+00:00,2024-11-08 10:03:28+00:00,,,ACESSO A SISTEMAS > OFFICE 365 > EMAIL > CAIXA COMPARTILHADA,Entidade raiz > PIRATINI > CENTRAL DE ATENDIMENTOS > SECOM,,,andre-graminho
5801,5920,Acesso a Sistemas  - Geral - DESBLOQUEAR USUÁRIO,5,3,2,2024-11-08 09:28:33+00:00,2024-11-08 09:36:31+00:00,,,,Entidade raiz > PIRATINI > CENTRAL DE ATENDIMENTOS > GG,,,bruno-rien
5802,5921,Acesso a Sistemas Rede Piratini,5,3,2,2024-11-08 09:37:06+00:00,2024-11-08 16:06:37+00:00,,,ACESSO A SISTEMAS > REDE > LIBERAÇÃO DE ACESSO,Entidade raiz > PIRATINI > CENTRAL DE ATENDIMENTOS > CASA MILITAR,,,jose-bones
5803,5922,Reset de Senha // CC - Subchefia Jurídica // Elisangela Dannus da Cruz Mattjie,6,3,1,2024-11-08 09:57:36+00:00,2024-11-08 09:57:55+00:00,,,ACESSO A SISTEMAS > REDE > RESET DE SENHA,Entidade raiz > PIRATINI > CENTRAL DE ATENDIMENTOS > CASA CIVIL > Secretaria-Executiva > Subchefia Juridica,,,elisangela-mattjie
5804,5923,Reset de Senha // CC - Subchefia Jurídica // Maria Patricia Möllmann,6,3,1,2024-11-08 09:58:52+00:00,2024-11-08 09:59:12+00:00,,,ACESSO A SISTEMAS > REDE > RESET DE SENHA,Entidade raiz > PIRATINI > CENTRAL DE ATENDIMENTOS > CASA CIVIL > Secretaria-Executiva > Subchefia Juridica,,,maria-mollmann
5805,5924,Impressora com Problema // CC - Gabinete // HP E78323z ,6,3,1,2024-11-08 10:15:32+00:00,2024-11-08 10:16:25+00:00,,,IMPRESSORA,Entidade raiz > PIRATINI > CENTRAL DE ATENDIMENTOS > CASA CIVIL > Chefia de Gabinete,,,michelle-silva
5806,5925,Impressora com Problema // CC - Gabinete // HP E78323z,5,3,1,2024-11-08 10:17:43+00:00,2024-11-19 15:44:21+00:00,,,IMPRESSORA,Entidade raiz > PIRATINI > CENTRAL DE ATENDIMENTOS > CASA CIVIL,,jorge-vicente,michelle-silva
5807,5926,Acesso a Sistemas Rede Piratini,5,3,2,2024-11-08 10:53:41+00:00,2024-11-08 11:55:19+00:00,,,ACESSO A SISTEMAS > REDE > LIBERAÇÃO DE ACESSO,Entidade raiz > PIRATINI > CENTRAL DE ATENDIMENTOS > CASA MILITAR,,jorge-vicente,marilei-teloken
5808,5927,Reset de Senha // CC - Subchefia Legislativa // Cleodi Teresinha Samrsla,6,3,1,2024-11-08 11:04:44+00:00,2024-11-08 11:04:57+00:00,,,ACESSO A SISTEMAS > REDE > RESET DE SENHA,Entidade raiz > PIRATINI > CENTRAL DE ATENDIMENTOS > CASA CIVIL > Secretaria-Executiva > Subchefia Legislativa,,,cleodi-samrsla
5809,5928,Erro ao Acessar o FileServer // CC - Subchefia Jurídica // Patricia Aubin de Souza,6,3,1,2024-11-08 11:26:35+00:00,2024-11-08 11:41:50+00:00,,,ACESSO A SISTEMAS > REDE > TÚNEL PROCERGS,Entidade raiz > PIRATINI > CENTRAL DE ATENDIMENTOS > CASA CIVIL,,,
5810,5929,Erro ao Acessar o FileServer // CC - Subchefia Legislativa // Fernanda Linhares Marques,6,3,1,2024-11-08 11:47:22+00:00,2024-11-08 11:47:56+00:00,,,ACESSO A SISTEMAS > REDE > RESET DE SENHA,Entidade raiz > PIRATINI > CENTRAL DE ATENDIMENTOS > CASA CIVIL,,,fernanda-marques
5811,5930,Acesso a Sistemas Rede Piratini,5,3,2,2024-11-08 13:36:35+00:00,2024-11-08 13:45:59+00:00,,,ACESSO A SISTEMAS > REDE > LIBERAÇÃO DE ACESSO,Entidade raiz > PIRATINI > CENTRAL DE ATENDIMENTOS > CASA MILITAR,,jorge-vicente,marilei-teloken
5812,5931,IMPRESSORA TROCA DE TONNER - Gabinete do Governador,5,3,2,2024-11-08 14:33:27+00:00,2024-11-08 15:02:09+00:00,,,DTIC > EQUIPAMENTOS > MANUTENÇÃO,Entidade raiz > PIRATINI > CENTRAL DE ATENDIMENTOS > GG,,jorge-vicente,luciana-ghiggi
5813,5932,Atendimento ao usuário Suporte - Gabinete do Governador,5,3,2,2024-11-08 17:09:38+00:00,2024-12-05 16:03:56+00:00,,,AJUDA E SUPORTE > ATENDIMENTO AO USUÁRIO,Entidade raiz > PIRATINI > CENTRAL DE ATENDIMENTOS > CASA CIVIL,,leonardo-riela,luciana-ghiggi
5814,5933,INCIDENTE  - GVG,5,3,2,2024-11-11 08:33:01+00:00,2024-11-11 08:42:04+00:00,,,DTIC > INFRAESTRUTURA > OUTROS,Entidade raiz > PIRATINI > CENTRAL DE ATENDIMENTOS > GVG,,jorge-vicente,larissa-winckler
5893,6012,Ajustar Microfone/Câmera // CC - SAEF // Alba Marquez,6,3,2,2024-11-13 12:00:00+00:00,2024-11-13 16:06:19+00:00,,,AJUDA E SUPORTE > ATENDIMENTO AO USUÁRIO,Entidade raiz > PIRATINI > CENTRAL DE ATENDIMENTOS > CASA CIVIL,,"silvio-valim, anderson-oliveira",alba-santos
5815,5934,INCIDENTE  - Gabinete SECOM ,5,3,2,2024-11-11 09:43:23+00:00,2024-11-11 09:45:45+00:00,,,DTIC > INFRAESTRUTURA > OUTROS,Entidade raiz > PIRATINI > CENTRAL DE ATENDIMENTOS > SECOM,,jorge-vicente,cristiano-tavares
5816,5935,Ajuda e Suporte \ Atendimento ao usuário,5,3,2,2024-11-11 09:46:12+00:00,2024-11-11 09:46:39+00:00,,,AJUDA E SUPORTE > ATENDIMENTO AO USUÁRIO,Entidade raiz > PIRATINI > CENTRAL DE ATENDIMENTOS > CASA CIVIL,,anderson-oliveira,rejane-farias
5817,5936,Máquina Perdeu Relação de Confiança // CC - Parlamentar // Ana Rita,6,3,2,2024-11-11 10:04:54+00:00,2024-11-11 10:05:00+00:00,,,ACESSO A SISTEMAS > REDE > RESET DE SENHA,Entidade raiz > PIRATINI > CENTRAL DE ATENDIMENTOS > CASA CIVIL,,,ana-avancini
5818,5937,Acesso a Sistemas  - GDG - OUTRO,5,3,2,2024-11-11 10:15:40+00:00,2024-11-25 09:29:21+00:00,,,ACESSO A SISTEMAS > SOE,Entidade raiz > PIRATINI > CENTRAL DE ATENDIMENTOS > CASA CIVIL,,pablo-guimaraes,maristela-kaminski
5819,5938,Máquina Perdeu Relação de Confiança // CC - Parlamentar // Ana Rita,6,3,2,2024-11-11 10:16:36+00:00,2024-11-11 10:16:48+00:00,,,AJUDA E SUPORTE > ATENDIMENTO AO USUÁRIO,Entidade raiz > PIRATINI > CENTRAL DE ATENDIMENTOS > CASA CIVIL,,silvio-valim,ana-avancini
5820,5939,Acesso a Sistemas Rede Piratini,5,3,2,2024-11-11 10:37:25+00:00,2024-11-11 10:41:15+00:00,,,ACESSO A SISTEMAS > REDE > RESET DE SENHA,Entidade raiz > PIRATINI > CENTRAL DE ATENDIMENTOS > GVG,,anderson-oliveira,larissa-winckler
5821,5940,Lista de Acesso // CC - Parlamentar // Paulo Souza,6,3,2,2024-11-11 10:59:47+00:00,2024-11-11 10:59:57+00:00,,,ACESSO A SISTEMAS > OFFICE 365,Entidade raiz > PIRATINI > CENTRAL DE ATENDIMENTOS > CASA CIVIL,,silvio-valim,paulo-souza
5822,5941,GABINETE CASA MILITAR,6,3,1,2024-11-11 11:01:24+00:00,2024-11-11 11:01:24+00:00,,,,Entidade raiz > PIRATINI > CENTRAL DE ATENDIMENTOS,,,
5823,5942,Atendimento ao usuário Suporte - DEPARTAMENTO DE RESIDÊNCIAS OFICIAIS,6,3,2,2024-11-11 11:25:26+00:00,2024-11-26 15:04:25+00:00,,,DTIC > INFRAESTRUTURA > PROBLEMA DE REDE,Entidade raiz > PIRATINI > CENTRAL DE ATENDIMENTOS > CASA MILITAR,,"edson-silva, anderson-oliveira",junior-bittencourt
5824,5943,Acesso a Sistemas  - RHE - OUTRO,5,3,2,2024-11-11 11:46:54+00:00,2024-11-11 15:21:46+00:00,,,,Entidade raiz > PIRATINI > CENTRAL DE ATENDIMENTOS > CASA CIVIL,,anderson-oliveira,vanessa-konrath
5825,5944,Atendimento ao usuário Suporte - Gabinete do Governador,5,3,2,2024-11-11 11:58:55+00:00,2024-11-11 12:02:08+00:00,,,AJUDA E SUPORTE > ATENDIMENTO AO USUÁRIO,Entidade raiz > PIRATINI > CENTRAL DE ATENDIMENTOS > GG,,jorge-vicente,luciana-ghiggi
5826,5945,Suporte ao Usuário // CC - Escritório de Representação do RS em Brasília // Claudiana Fiorenza Loureiro,6,3,2,2024-11-11 12:08:55+00:00,2024-11-12 11:56:21+00:00,,,AJUDA E SUPORTE > ATENDIMENTO AO USUÁRIO,Entidade raiz > PIRATINI > CENTRAL DE ATENDIMENTOS > CASA CIVIL,,jorge-vicente,escritorio-rs
5827,5946,INCIDENTE  - Subchefia Legislativa,5,3,2,2024-11-11 12:09:31+00:00,2024-11-12 11:35:19+00:00,,,DTIC > INFRAESTRUTURA > OUTROS,Entidade raiz > PIRATINI > CENTRAL DE ATENDIMENTOS > CASA CIVIL,,anderson-oliveira,janice-barbosa
5828,5947,Office 365 EXCLUSÃO de conta - Coordenadoria Estadual de Proteção e Defesa Civil ,5,3,2,2024-11-11 13:17:04+00:00,2024-11-11 14:18:01+00:00,,,ACESSO A SISTEMAS > OFFICE 365 > EMAIL > EXCLUSÃO,Entidade raiz > PIRATINI > CENTRAL DE ATENDIMENTOS > CASA MILITAR,,silvio-valim,elisandra-decantam
5829,5948,Office 365 EXCLUSÃO de conta - Coordenadoria Estadual de Proteção e Defesa Civil ,5,3,2,2024-11-11 13:19:19+00:00,2024-11-11 14:22:16+00:00,,,ACESSO A SISTEMAS > OFFICE 365 > EMAIL > EXCLUSÃO,Entidade raiz > PIRATINI > CENTRAL DE ATENDIMENTOS > CASA MILITAR,,silvio-valim,elisandra-decantam
5830,5949,PROA REMOVER ACESSO A GRUPO,5,3,2,2024-11-11 13:24:16+00:00,2024-11-18 17:06:04+00:00,,,ACESSO A SISTEMAS > SOE > PROA > REMOVER DE GRUPO,Entidade raiz > PIRATINI > CENTRAL DE ATENDIMENTOS > CASA MILITAR,,miguelangelo,elisandra-decantam
5831,5950,Acesso a Sistemas Rede Piratini,5,3,2,2024-11-11 13:38:47+00:00,2024-11-11 15:16:55+00:00,,,ACESSO A SISTEMAS > REDE > LIBERAÇÃO DE ACESSO,Entidade raiz > PIRATINI > CENTRAL DE ATENDIMENTOS > CASA MILITAR,,,maicon-oliveira
5832,5951,Acesso a Sistemas Rede Piratini,5,3,2,2024-11-11 13:38:55+00:00,2024-11-13 09:28:25+00:00,,,ACESSO A SISTEMAS > REDE > LIBERAÇÃO DE ACESSO,Entidade raiz > PIRATINI > CENTRAL DE ATENDIMENTOS > CASA MILITAR,,"silvio-valim, anderson-oliveira",elisandra-decantam
5833,5952,Acesso a Sistemas Rede Piratini,5,3,2,2024-11-11 13:40:52+00:00,2024-11-11 15:09:24+00:00,,,ACESSO A SISTEMAS > REDE > LIBERAÇÃO DE ACESSO,Entidade raiz > PIRATINI > CENTRAL DE ATENDIMENTOS > CASA MILITAR,,anderson-oliveira,maicon-oliveira
5834,5953,Acesso a Sistemas Rede Piratini,5,3,2,2024-11-11 13:41:55+00:00,2024-11-11 14:54:22+00:00,,,ACESSO A SISTEMAS > REDE > LIBERAÇÃO DE ACESSO,Entidade raiz > PIRATINI > CENTRAL DE ATENDIMENTOS > CASA MILITAR,,anderson-oliveira,maicon-oliveira
5835,5954,Acesso a Sistemas Rede Piratini,5,3,2,2024-11-11 13:42:53+00:00,2024-11-11 14:15:42+00:00,,,ACESSO A SISTEMAS > REDE > RESET DE SENHA,Entidade raiz > PIRATINI > CENTRAL DE ATENDIMENTOS > CASA MILITAR,,anderson-oliveira,maicon-oliveira
5836,5955,Acesso a Sistemas Rede Piratini,5,3,2,2024-11-11 13:46:30+00:00,2024-11-11 14:10:47+00:00,,,ACESSO A SISTEMAS > REDE > RESET DE SENHA,Entidade raiz > PIRATINI > CENTRAL DE ATENDIMENTOS > CASA MILITAR,,anderson-oliveira,maicon-oliveira
5837,5956,INCIDENTE  - DPM,5,3,2,2024-11-11 13:47:07+00:00,2024-11-11 14:08:27+00:00,,,ACESSO A SISTEMAS > REDE > RESET DE SENHA,Entidade raiz > PIRATINI > CENTRAL DE ATENDIMENTOS > SECOM,,anderson-oliveira,cristiano-tavares
5849,5968,PROA LIBERAR ACESSO A GRUPO,5,3,2,2024-11-11 15:52:48+00:00,2024-11-12 08:55:39+00:00,,,ACESSO A SISTEMAS > SOE > PROA > ADICIONAR A GRUPO,Entidade raiz > PIRATINI > CENTRAL DE ATENDIMENTOS > CASA MILITAR,,pablo-guimaraes,jose-bones
5838,5957,Acesso a Sistemas Rede Piratini,5,3,2,2024-11-11 13:47:43+00:00,2024-11-11 14:06:32+00:00,,,ACESSO A SISTEMAS > REDE > LIBERAÇÃO DE ACESSO > NOVO USUÁRIO,Entidade raiz > PIRATINI > CENTRAL DE ATENDIMENTOS > CASA MILITAR,,anderson-oliveira,maicon-oliveira
5839,5958,Acesso a Sistemas Rede Piratini,5,3,2,2024-11-11 13:48:37+00:00,2024-11-11 14:00:08+00:00,,,ACESSO A SISTEMAS > REDE > LIBERAÇÃO DE ACESSO,Entidade raiz > PIRATINI > CENTRAL DE ATENDIMENTOS > CASA MILITAR,,anderson-oliveira,maicon-oliveira
5840,5959,Acesso a Sistemas Rede Piratini,5,3,2,2024-11-11 13:49:39+00:00,2024-11-11 14:44:07+00:00,,,ACESSO A SISTEMAS > REDE > LIBERAÇÃO DE ACESSO,Entidade raiz > PIRATINI > CENTRAL DE ATENDIMENTOS > CASA MILITAR,,anderson-oliveira,maicon-oliveira
5841,5960,Acesso a Sistemas Rede Piratini,5,3,2,2024-11-11 13:50:37+00:00,2024-11-11 14:39:48+00:00,,,ACESSO A SISTEMAS > REDE > RESET DE SENHA,Entidade raiz > PIRATINI > CENTRAL DE ATENDIMENTOS > CASA MILITAR,,anderson-oliveira,maicon-oliveira
5842,5961,Acesso a Sistemas Rede Piratini,5,3,2,2024-11-11 13:51:36+00:00,2024-11-11 14:32:01+00:00,,,ACESSO A SISTEMAS > REDE > LIBERAÇÃO DE ACESSO,Entidade raiz > PIRATINI > CENTRAL DE ATENDIMENTOS > CASA MILITAR,,anderson-oliveira,maicon-oliveira
5843,5962,Acesso a Sistemas Rede Piratini,5,3,2,2024-11-11 13:52:57+00:00,2024-11-11 14:26:01+00:00,,,ACESSO A SISTEMAS > REDE > RESET DE SENHA,Entidade raiz > PIRATINI > CENTRAL DE ATENDIMENTOS > SECOM,,anderson-oliveira,"bruno-santos, andre-graminho"
5844,5963,Acesso a Sistemas Rede Piratini,5,3,2,2024-11-11 13:53:42+00:00,2024-11-11 14:22:57+00:00,,,ACESSO A SISTEMAS > REDE > LIBERAÇÃO DE ACESSO,Entidade raiz > PIRATINI > CENTRAL DE ATENDIMENTOS > CASA MILITAR,,anderson-oliveira,maicon-oliveira
5845,5964,Alterar Nome de Usuário // GG - Seidape // Tracy Freitas,6,3,2,2024-11-11 13:56:37+00:00,2024-11-11 13:56:43+00:00,,,ACESSO A SISTEMAS > OFFICE 365,Entidade raiz > PIRATINI > CENTRAL DE ATENDIMENTOS,,silvio-valim,hairlaine-freitas
5846,5965,Acesso a Sistemas Rede Piratini,5,3,2,2024-11-11 14:25:23+00:00,2024-11-11 15:05:53+00:00,,,ACESSO A SISTEMAS > REDE > LIBERAÇÃO DE ACESSO,Entidade raiz > PIRATINI > CENTRAL DE ATENDIMENTOS > SECOM,,anderson-oliveira,
5847,5966,INCIDENTE  - Cerimonial,5,3,2,2024-11-11 14:30:01+00:00,2025-07-30 13:54:45+00:00,,,DTIC > INFRAESTRUTURA > OUTROS,Entidade raiz > PIRATINI > CENTRAL DE ATENDIMENTOS > GG,,"edson-silva, alessandro-vieira",joao-bomfim
5848,5967,Acesso a Sistemas Rede Piratini,5,3,2,2024-11-11 14:35:14+00:00,2024-11-11 15:06:11+00:00,,,ACESSO A SISTEMAS > REDE > LIBERAÇÃO DE ACESSO,Entidade raiz > PIRATINI > CENTRAL DE ATENDIMENTOS > SECOM,,anderson-oliveira,paulo-silva
5850,5969,Atendimento ao usuário Suporte - Coordenação da Ala Residencial,5,3,2,2024-11-11 16:12:02+00:00,2024-11-13 09:21:00+00:00,,,ACESSO A SISTEMAS > REDE > RESET DE SENHA,Entidade raiz > PIRATINI > CENTRAL DE ATENDIMENTOS > CASA MILITAR,,silvio-valim,luisa-maestri
5851,5970,Atendimento ao usuário Suporte - EDICAO,5,3,2,2024-11-12 09:34:02+00:00,2024-11-19 16:57:06+00:00,,,DTIC > EQUIPAMENTOS > MANUTENÇÃO,Entidade raiz > PIRATINI > CENTRAL DE ATENDIMENTOS > SECOM,,leonardo-riela,andre-graminho
5852,5971,PROA REMOVER ACESSO A GRUPO,5,3,2,2024-11-12 09:45:22+00:00,2025-01-13 15:19:17+00:00,,,ACESSO A SISTEMAS > SOE > PROA > REMOVER DE GRUPO,Entidade raiz > PIRATINI > CENTRAL DE ATENDIMENTOS > CASA MILITAR,,miguelangelo,jose-bones
5853,5972,Atendimento ao usuário Suporte - Sala do Arquivo - Subsolo 1005,5,3,2,2024-11-12 09:58:48+00:00,2024-11-12 11:38:18+00:00,,,DTIC > EQUIPAMENTOS > MANUTENÇÃO,Entidade raiz > PIRATINI > CENTRAL DE ATENDIMENTOS > CASA CIVIL,,,caroline-silva
5854,5973,Atendimento ao usuário Suporte - Conservação e Memória,5,3,2,2024-11-12 11:00:33+00:00,2024-11-12 11:17:38+00:00,,,AJUDA E SUPORTE > ATENDIMENTO AO USUÁRIO,Entidade raiz > PIRATINI > CENTRAL DE ATENDIMENTOS > GG,,,bruno-rien
5855,5974,Atendimento ao usuário Suporte - SECOM,5,3,2,2024-11-12 11:20:56+00:00,2024-11-12 14:06:01+00:00,,,ACESSO A SISTEMAS > OFFICE 365,Entidade raiz > PIRATINI > CENTRAL DE ATENDIMENTOS > SECOM,,anderson-oliveira,nara-sarmento
5856,5975,Atendimento ao usuário Suporte - ADMINISTRATIVO,5,3,2,2024-11-12 12:02:44+00:00,2024-11-19 09:26:14+00:00,,,ACESSO A SISTEMAS > SOE > FPE,Entidade raiz > PIRATINI > CENTRAL DE ATENDIMENTOS > SECOM,,pablo-guimaraes,andre-graminho
5857,5976,Acesso a Sistemas Rede Piratini,5,3,2,2024-11-12 13:16:41+00:00,2024-11-12 13:30:38+00:00,,,ACESSO A SISTEMAS > REDE > LIBERAÇÃO DE ACESSO,Entidade raiz > PIRATINI > CENTRAL DE ATENDIMENTOS > SECOM,,jorge-vicente,andre-graminho
5858,5977,Acesso a Sistemas Rede Piratini,5,3,2,2024-11-12 13:36:57+00:00,2024-11-12 14:05:03+00:00,,,ACESSO A SISTEMAS > REDE > LIBERAÇÃO DE ACESSO,Entidade raiz > PIRATINI > CENTRAL DE ATENDIMENTOS > CASA MILITAR,,jorge-vicente,jose-bones
5859,5978,Atendimento ao usuário Suporte - Damac,5,3,2,2024-11-12 14:24:17+00:00,2024-11-12 14:31:21+00:00,,,DTIC > EQUIPAMENTOS > MANUTENÇÃO,Entidade raiz > PIRATINI > CENTRAL DE ATENDIMENTOS > CASA CIVIL,,miguelangelo,marivete-souza
5860,5979,Atendimento ao usuário Suporte - ADMINISTRATIVO,5,3,2,2024-11-12 14:26:46+00:00,2025-01-21 15:27:17+00:00,,,DTIC > EQUIPAMENTOS > MANUTENÇÃO,Entidade raiz > PIRATINI > CENTRAL DE ATENDIMENTOS > SECOM,,"alessandro-vieira, leonardo-riela",andre-graminho
5861,5980,INGRESSO DE SERVIDOR,5,4,2,2024-11-12 14:44:29+00:00,2024-11-13 08:56:02+00:00,,,ACESSO A SISTEMAS > REDE > LIBERAÇÃO DE ACESSO > NOVO USUÁRIO,Entidade raiz > PIRATINI > CENTRAL DE ATENDIMENTOS > CASA CIVIL,,"pablo-guimaraes, anderson-oliveira",silvia-leopoldino
5862,5981,Acesso a Sistemas  - LAI - LIBERAR ACESSO,5,3,2,2024-11-12 15:00:06+00:00,2024-11-12 15:25:01+00:00,,,,Entidade raiz > PIRATINI > CENTRAL DE ATENDIMENTOS > CASA CIVIL,,pablo-guimaraes,regina-costa
5863,5982,PROA LIBERAR ACESSO A GRUPO,5,3,2,2024-11-12 15:21:03+00:00,2024-11-12 16:47:28+00:00,,,ACESSO A SISTEMAS > SOE > PROA > ADICIONAR A GRUPO,Entidade raiz > PIRATINI > CENTRAL DE ATENDIMENTOS > CASA CIVIL,,miguelangelo,daniela-cunha
5864,5983,Atendimento ao usuário Suporte - Damac,5,3,2,2024-11-12 15:26:24+00:00,2024-11-12 15:35:16+00:00,,,AJUDA E SUPORTE > ATENDIMENTO AO USUÁRIO,Entidade raiz > PIRATINI > CENTRAL DE ATENDIMENTOS > CASA CIVIL,,miguelangelo,marivete-souza
5865,5984,Acesso a Sistemas  - Geral - REMOVER ACESSO,5,3,2,2024-11-12 16:54:24+00:00,2024-11-13 09:18:07+00:00,,,DTIC > SISTEMAS > REMOÇÃO DE ACESSO SISTEMA,Entidade raiz > PIRATINI > CENTRAL DE ATENDIMENTOS > SECOM,,"pablo-guimaraes, anderson-oliveira",cristiano-tavares
5866,5985,OFFICE 365 // NOVA CONTA DE EMAIL - Coordenadoria Estadual de Proteção e Defesa Civil ,5,3,2,2024-11-13 07:54:35+00:00,2024-11-14 09:22:11+00:00,,,ACESSO A SISTEMAS > REDE > LIBERAÇÃO DE ACESSO > NOVO USUÁRIO,Entidade raiz > PIRATINI > CENTRAL DE ATENDIMENTOS > CASA MILITAR,,"silvio-valim, anderson-oliveira",elisandra-decantam
5867,5986,PROA LIBERAR ACESSO A GRUPO,5,3,2,2024-11-13 08:02:14+00:00,2024-11-14 15:44:26+00:00,,,ACESSO A SISTEMAS > SOE > PROA > ADICIONAR A GRUPO,Entidade raiz > PIRATINI > CENTRAL DE ATENDIMENTOS > CASA MILITAR,,miguelangelo,elisandra-decantam
5868,5987,Outlook //CAIXA COMPARTILHADA - Coordenadoria Estadual de Proteção e Defesa Civil ,5,3,2,2024-11-13 08:07:30+00:00,2024-11-13 16:57:59+00:00,,,ACESSO A SISTEMAS > OFFICE 365 > EMAIL > CAIXA COMPARTILHADA,Entidade raiz > PIRATINI > CENTRAL DE ATENDIMENTOS > CASA MILITAR,,silvio-valim,elisandra-decantam
5869,5988,Acesso a Sistemas  - PROA - OUTRO,5,3,2,2024-11-13 09:02:47+00:00,2024-11-14 15:40:51+00:00,,,,Entidade raiz > PIRATINI > CENTRAL DE ATENDIMENTOS > CASA CIVIL,,miguelangelo,francisco-barros
5870,5989,Resetar Senha de Rede // CC - Legislativa // Rejane Farias,6,3,2,2024-11-13 09:19:19+00:00,2024-11-13 09:19:25+00:00,,,ACESSO A SISTEMAS > REDE > RESET DE SENHA,Entidade raiz > PIRATINI > CENTRAL DE ATENDIMENTOS > CASA CIVIL,,"silvio-valim, anderson-oliveira",rejane-farias
5871,5990,"INCIDENTE  - Defesa Civil - Andrade Neves, 106 - Andar 11",5,3,2,2024-11-13 09:23:08+00:00,2024-11-13 09:32:29+00:00,,,DTIC > INFRAESTRUTURA > OUTROS,Entidade raiz > PIRATINI > CENTRAL DE ATENDIMENTOS > CASA MILITAR,,jorge-vicente,stefano-boeira
5894,6013,INGRESSO DE SERVIDOR,5,4,2,2024-11-14 09:36:43+00:00,2024-11-14 16:10:37+00:00,,,ACESSO A SISTEMAS,Entidade raiz > PIRATINI > CENTRAL DE ATENDIMENTOS > CASA CIVIL,,"silvio-valim, miguelangelo, anderson-oliveira",silvia-leopoldino
5872,5991,Remoção de Acessos -RH,5,3,2,2024-11-13 09:52:44+00:00,2024-11-22 17:04:34+00:00,,,DTIC > SISTEMAS > REMOÇÃO DE ACESSO SISTEMA,Entidade raiz > PIRATINI > CENTRAL DE ATENDIMENTOS > CASA CIVIL,,"silvio-valim, pablo-guimaraes, anderson-oliveira",carlos-duarte
5873,5992,Acesso a Sistemas  - SOE Web - LIBERAR ACESSO,5,3,2,2024-11-13 09:55:55+00:00,2024-11-19 09:20:52+00:00,,,ACESSO A SISTEMAS > SOE > FPE,Entidade raiz > PIRATINI > CENTRAL DE ATENDIMENTOS > CASA CIVIL,,"pablo-guimaraes, anderson-oliveira",melissa-costa
5874,5993,Acesso a Sistemas  - FPE - LIBERAR ACESSO,5,3,2,2024-11-13 10:39:51+00:00,2024-11-13 16:49:09+00:00,,,,Entidade raiz > PIRATINI > CENTRAL DE ATENDIMENTOS > CASA CIVIL,,pablo-guimaraes,renato-costa
5875,5994,Excluir conta OFFICE 365 // CC - DRH // Vanessa Rocha,6,3,2,2024-11-13 10:45:56+00:00,2024-11-13 10:46:02+00:00,,,ACESSO A SISTEMAS > OFFICE 365 > EMAIL > EXCLUSÃO,Entidade raiz > PIRATINI > CENTRAL DE ATENDIMENTOS > CASA CIVIL,,silvio-valim,vanessa-santos
5876,5995,Acesso a Sistemas Rede Piratini,5,3,2,2024-11-13 10:52:22+00:00,2024-11-13 11:24:01+00:00,,,ACESSO A SISTEMAS > REDE > LIBERAÇÃO DE ACESSO,Entidade raiz > PIRATINI > CENTRAL DE ATENDIMENTOS > SECOM,,jorge-vicente,andre-graminho
5877,5996,Atendimento ao usuário Suporte - GABINETE,5,3,2,2024-11-13 11:20:59+00:00,2024-11-21 14:23:04+00:00,,,DTIC > EQUIPAMENTOS > MANUTENÇÃO,Entidade raiz > PIRATINI > CENTRAL DE ATENDIMENTOS > SECOM,,anderson-oliveira,andre-graminho
5878,5997,Acesso a Sistemas  - Geral - DESBLOQUEAR USUÁRIO,5,3,2,2024-11-13 11:23:05+00:00,2024-11-13 11:37:03+00:00,,,,Entidade raiz > PIRATINI > CENTRAL DE ATENDIMENTOS > CASA MILITAR,,jorge-vicente,thiago-santos
5879,5998,Atendimento ao usuário Suporte - Publicidade,5,3,2,2024-11-13 11:36:55+00:00,2024-11-26 15:15:59+00:00,,,AJUDA E SUPORTE > ATENDIMENTO AO USUÁRIO,Entidade raiz > PIRATINI > CENTRAL DE ATENDIMENTOS > SECOM,,"anderson-oliveira, leonardo-riela",andre-graminho
5880,5999,Instalação de Nova Impressora // SECOM - Jornalismo // HP E78635,6,3,2,2024-10-31 12:00:00+00:00,2024-11-21 14:55:43+00:00,,,DTIC > EQUIPAMENTOS > INSTALAÇÃO > IMPRESSORA,Entidade raiz > PIRATINI > CENTRAL DE ATENDIMENTOS > SECOM,,"jorge-vicente, anderson-oliveira",daiane-beck
5881,6000,PROA LIBERAR ACESSO A GRUPO,5,3,2,2024-11-13 12:58:43+00:00,2024-11-14 09:53:31+00:00,,,ACESSO A SISTEMAS > SOE > PROA > ADICIONAR A GRUPO,Entidade raiz > PIRATINI > CENTRAL DE ATENDIMENTOS > CASA MILITAR,,miguelangelo,elisandra-decantam
5892,6011,Outlook //CAIXA COMPARTILHADA - 2332000,5,3,2,2024-11-13 16:53:09+00:00,2024-11-14 08:58:55+00:00,,,ACESSO A SISTEMAS > OFFICE 365 > EMAIL > CAIXA COMPARTILHADA,Entidade raiz > PIRATINI > CENTRAL DE ATENDIMENTOS > CASA MILITAR,,silvio-valim,elisandra-decantam
5882,6001,Outlook //CAIXA COMPARTILHADA - Coordenadoria Estadual de Proteção e Defesa Civil ,5,3,2,2024-11-13 13:02:19+00:00,2024-11-13 16:57:00+00:00,,,ACESSO A SISTEMAS > OFFICE 365 > EMAIL > CAIXA COMPARTILHADA,Entidade raiz > PIRATINI > CENTRAL DE ATENDIMENTOS > CASA MILITAR,,silvio-valim,elisandra-decantam
5883,6002,Atendimento ao usuário Suporte - Coordenadoria Estadual de Proteção e defesa Civil,5,3,2,2024-11-13 13:07:46+00:00,2024-11-13 13:59:31+00:00,,,AJUDA E SUPORTE > ATENDIMENTO AO USUÁRIO,Entidade raiz > PIRATINI > CENTRAL DE ATENDIMENTOS > CASA MILITAR,,anderson-oliveira,elisandra-decantam
5884,6003,Devolução de Impressora // SECOM - Jornalismo // HP E52645c,6,3,2,2024-11-13 13:15:02+00:00,2025-01-27 12:10:53+00:00,,,IMPRESSORA,Entidade raiz > PIRATINI > CENTRAL DE ATENDIMENTOS > SECOM,,jorge-vicente,daiane-beck
5885,6004,PROA LIBERAR ACESSO A GRUPO,5,3,2,2024-11-13 13:22:37+00:00,2024-11-14 09:28:01+00:00,,,ACESSO A SISTEMAS > SOE > PROA > ADICIONAR A GRUPO,Entidade raiz > PIRATINI > CENTRAL DE ATENDIMENTOS > CASA MILITAR,,miguelangelo,elisandra-decantam
5886,6005,Acesso a Sistemas  - FPE - LIBERAR ACESSO,5,3,2,2024-11-13 14:51:15+00:00,2024-11-13 16:48:39+00:00,,,ACESSO A SISTEMAS > SOE > FPE,Entidade raiz > PIRATINI > CENTRAL DE ATENDIMENTOS > CASA CIVIL,,pablo-guimaraes,renato-costa
5887,6006,IMPRESSORA TROCA DE TONNER - Secom - Administrativo (Tribuno),5,3,2,2024-11-13 14:57:51+00:00,2024-11-14 11:26:17+00:00,,,DTIC > EQUIPAMENTOS > MANUTENÇÃO,Entidade raiz > PIRATINI > CENTRAL DE ATENDIMENTOS > SECOM,,jorge-vicente,virgilio-migliavacca
5888,6007,IMPRESSORA TROCA DE TONNER - ADMINISTRATIVO - RIACHUELO,5,3,2,2024-11-13 15:29:54+00:00,2024-11-14 11:26:45+00:00,,,DTIC > EQUIPAMENTOS > MANUTENÇÃO,Entidade raiz > PIRATINI > CENTRAL DE ATENDIMENTOS > SECOM,,jorge-vicente,andre-graminho
5889,6008,Acesso a Sistemas  - GDG - REMOVER ACESSO,6,3,2,2024-11-13 15:48:19+00:00,2024-11-13 16:44:44+00:00,,,,Entidade raiz > PIRATINI > CENTRAL DE ATENDIMENTOS > GG,,pablo-guimaraes,jovana-fonseca
5890,6009,Acesso a Sistemas  - GDG - LIBERAR ACESSO,6,3,2,2024-11-13 15:50:45+00:00,2024-11-19 09:14:04+00:00,,,ACESSO A SISTEMAS > SOE,Entidade raiz > PIRATINI > CENTRAL DE ATENDIMENTOS > GG,,pablo-guimaraes,jovana-fonseca
5891,6010,Cadastro Módulo Convênios FPE // GG - RS Seguro // vilmar-rama,5,3,2,2024-11-11 12:00:00+00:00,2024-11-18 11:24:27+00:00,,,ACESSO A SISTEMAS > SOE > FPE,Entidade raiz > PIRATINI > CENTRAL DE ATENDIMENTOS > GVG,,pablo-guimaraes,vilmar-rama
5895,6014,INGRESSO DE SERVIDOR,5,4,2,2024-11-14 09:38:26+00:00,2024-11-18 15:36:26+00:00,,,ACESSO A SISTEMAS > REDE > LIBERAÇÃO DE ACESSO > NOVO USUÁRIO,Entidade raiz > PIRATINI > CENTRAL DE ATENDIMENTOS > CASA CIVIL > Secretaria-Executiva > Subchefia Administrativa > Departamento de Gestão de Atos e Pessoal > Divisão de Gestão de Pessoas,,"miguelangelo, anderson-oliveira",silvia-leopoldino
5896,6015,INGRESSO DE SERVIDOR,5,4,2,2024-11-14 09:47:17+00:00,2024-11-14 16:09:00+00:00,,,ACESSO A SISTEMAS > REDE > LIBERAÇÃO DE ACESSO > NOVO USUÁRIO,Entidade raiz > PIRATINI > CENTRAL DE ATENDIMENTOS > CASA CIVIL,,"miguelangelo, anderson-oliveira",silvia-leopoldino
5897,6016,Acesso a Sistemas Rede Piratini,5,3,2,2024-11-14 10:09:14+00:00,2024-11-14 16:08:01+00:00,,,DTIC > INFRAESTRUTURA > PROBLEMA DE REDE,Entidade raiz > PIRATINI > CENTRAL DE ATENDIMENTOS > CASA MILITAR,,edson-silva,roberta-martins
5898,6017,INCIDENTE  - Departamento de Conservação e Memoria,5,3,2,2024-11-14 10:55:55+00:00,2025-02-13 09:42:42+00:00,,,DTIC > EQUIPAMENTOS > MANUTENÇÃO,Entidade raiz > PIRATINI > CENTRAL DE ATENDIMENTOS,,"edson-silva, jonathan-moletta",
5899,6018,Acesso a Sistemas  - GDG - REMOVER ACESSO,6,3,2,2024-11-14 11:14:19+00:00,2024-11-14 16:03:35+00:00,,,,Entidade raiz > PIRATINI > CENTRAL DE ATENDIMENTOS > GG,,miguelangelo,jovana-fonseca
5900,6019,Atendimento ao usuário Suporte - Divisão de Materiais e Patrimônio,5,3,2,2024-11-14 11:21:07+00:00,2024-11-14 13:46:34+00:00,,,AJUDA E SUPORTE > ATENDIMENTO AO USUÁRIO,Entidade raiz > PIRATINI > CENTRAL DE ATENDIMENTOS > CASA CIVIL,,"silvio-valim, miguelangelo, anderson-oliveira",diego-mattiello
5901,6020,Atendimento ao usuário Suporte - DEPARTAMENTO DE CONSERVAÇÃO E MEMÓRIA (ARQUITETURA),5,3,2,2024-11-14 15:18:18+00:00,2024-11-14 16:01:36+00:00,,,AJUDA E SUPORTE > ATENDIMENTO AO USUÁRIO,Entidade raiz > PIRATINI > CENTRAL DE ATENDIMENTOS > GG,,anderson-oliveira,leonardo-oliveira
5902,6021,Notebook secretario Paulo sem conexão com a Impressora,6,3,1,2024-11-14 16:16:49+00:00,2024-11-14 16:19:33+00:00,,,,Entidade raiz > PIRATINI > CENTRAL DE ATENDIMENTOS,,edson-silva,edson-silva
5903,6022,OUTLOOK // ADICIONAR/EXCLUIR USUÁRIO DE CAIXA COMPARTILHADA - ADMINISTRATIVO,5,3,2,2024-11-14 17:06:55+00:00,2024-11-18 09:17:36+00:00,,,ACESSO A SISTEMAS > OFFICE 365 > EMAIL > CAIXA COMPARTILHADA,Entidade raiz > PIRATINI > CENTRAL DE ATENDIMENTOS > SECOM,,silvio-valim,andre-graminho
5904,6023,Mudança de sala - Desinstalação/instalação PC,5,3,1,2024-11-14 17:32:27+00:00,2024-11-18 17:17:07+00:00,,,,Entidade raiz > PIRATINI > CENTRAL DE ATENDIMENTOS > GG,,"edson-silva, alessandro-vieira","edson-silva, marco-carreno"
5905,6024,Acesso a Sistemas\Reset de Senha de Rede,5,3,2,2024-11-18 09:00:44+00:00,2024-11-18 09:02:01+00:00,,,ACESSO A SISTEMAS > REDE > RESET DE SENHA,Entidade raiz > PIRATINI > CENTRAL DE ATENDIMENTOS > CASA MILITAR,,anderson-oliveira,andressa-gomes
5906,6025,Ajuda e Suporte \ Requisição Equipamentos,5,3,2,2024-11-18 09:29:53+00:00,2025-05-19 12:28:41+00:00,,,AJUDA E SUPORTE > MOVIMENTO DE EQUIPAMENTOS DE TI > REQUISIÇÃO,Entidade raiz > PIRATINI > CENTRAL DE ATENDIMENTOS > CASA CIVIL,,"anderson-oliveira, leonardo-riela",ivana-flores
5907,6026,Acesso a Sistemas  - SPI - OUTRO,5,3,2,2024-11-18 09:53:53+00:00,2024-11-18 10:52:51+00:00,,,,Entidade raiz > PIRATINI > CENTRAL DE ATENDIMENTOS > CASA CIVIL,,miguelangelo,caroline-silva
5920,6039,Orientações e Apoio a Troca de Senha de Rede // DMA // marilis-quadros/patricia-nunes/daura-rosa/daniela-laitano/camila-moraes/paloma-amorim/iris-neto,6,3,2,2024-11-08 12:00:00+00:00,2024-11-19 09:42:27+00:00,,,ACESSO A SISTEMAS > REDE > RESET DE SENHA,Entidade raiz > PIRATINI > CENTRAL DE ATENDIMENTOS > CASA CIVIL > Secretaria-Executiva > Subchefia Administrativa > Departamento de Gestão Documental e de Bens Materiais e Patrimoniais,,"pablo-guimaraes, anderson-oliveira","paloma-amorim, marilis-quadros, iris-neto, daura-rosa, daniela-laitano, camila-moraes"
5908,6027,OUTLOOK // ADICIONAR/EXCLUIR USUÁRIO DE CAIXA COMPARTILHADA - Coordenadoria Estadual de Proteção e Defesa Civil ,5,3,2,2024-11-18 11:38:36+00:00,2024-11-21 10:24:42+00:00,,,ACESSO A SISTEMAS > OFFICE 365 > EMAIL > CAIXA COMPARTILHADA,Entidade raiz > PIRATINI > CENTRAL DE ATENDIMENTOS > CASA MILITAR,,anderson-oliveira,elisandra-decantam
5909,6028,OUTLOOK // ADICIONAR/EXCLUIR USUÁRIO DE CAIXA COMPARTILHADA - PUBLICIDADE,5,3,2,2024-11-18 11:48:54+00:00,2024-11-18 12:33:38+00:00,,,ACESSO A SISTEMAS > OFFICE 365 > EMAIL > CAIXA COMPARTILHADA,Entidade raiz > PIRATINI > CENTRAL DE ATENDIMENTOS > SECOM,,jorge-vicente,andre-graminho
5910,6029,Acesso a Sistemas Rede Piratini,5,3,2,2024-11-18 11:52:26+00:00,2024-11-18 13:52:12+00:00,,,ACESSO A SISTEMAS > OFFICE 365,Entidade raiz > PIRATINI > CENTRAL DE ATENDIMENTOS > CASA CIVIL,,silvio-valim,melissa-costa
5911,6030,Reset de Senha // CC - Subchefia Jurídica // Angela Rizzi de Menezes,6,3,2,2024-11-18 10:34:00+00:00,2024-11-18 12:06:22+00:00,,,ACESSO A SISTEMAS > REDE > RESET DE SENHA,Entidade raiz > PIRATINI > CENTRAL DE ATENDIMENTOS > CASA CIVIL > Secretaria-Executiva > Subchefia Juridica,,jorge-vicente,angela-menezes
5912,6031,Atendimento ao usuário Suporte - Cerimonial/Ante-sala do Gabinete do Governador,5,3,2,2024-11-18 13:06:00+00:00,2024-11-18 17:06:37+00:00,,,AJUDA E SUPORTE > ATENDIMENTO AO USUÁRIO,Entidade raiz > PIRATINI > CENTRAL DE ATENDIMENTOS > GG,,anderson-oliveira,joao-bomfim
5913,6032,Acesso a Sistemas  - LAI - LIBERAR ACESSO,5,3,2,2024-11-18 14:27:12+00:00,2024-11-18 15:16:32+00:00,,,ACESSO A SISTEMAS > SOE,Entidade raiz > PIRATINI > CENTRAL DE ATENDIMENTOS > CASA CIVIL,,miguelangelo,regina-costa
5914,6033,Acesso a Sistemas\Reset de Senha Email,5,3,2,2024-11-18 15:08:40+00:00,2024-11-18 15:29:53+00:00,,,ACESSO A SISTEMAS > OFFICE 365,Entidade raiz > PIRATINI > CENTRAL DE ATENDIMENTOS > CASA CIVIL,R. Duque de Caxias 951 (Banrisul),anderson-oliveira,claudio-pamato
5915,6034,Acesso a Sistemas/Reset de Senha,5,3,2,2024-11-18 16:26:09+00:00,2024-11-18 16:26:54+00:00,,,ACESSO A SISTEMAS > REDE > RESET DE SENHA,Entidade raiz > PIRATINI > CENTRAL DE ATENDIMENTOS > SECOM,,anderson-oliveira,marcelo-kervalt
5916,6035,Orientações e Apoio a Troca de Senha de Rede // DPO/DCC // vanessa-konrath/renato-costa,6,3,2,2024-11-08 12:00:00+00:00,2024-11-19 09:32:46+00:00,,,ACESSO A SISTEMAS > REDE > RESET DE SENHA,Entidade raiz > PIRATINI > CENTRAL DE ATENDIMENTOS > CASA CIVIL > Secretaria-Executiva > Subchefia Administrativa > Departamento de Planejamento Orçamento e Finanças,,"pablo-guimaraes, anderson-oliveira","vanessa-konrath, renato-costa"
5917,6036,Orientações e Apoio a Troca de Senha de Rede // DPO/DCC // giovanna/marcio-pias/zeni-santos,6,3,2,2024-11-08 12:00:00+00:00,2024-11-19 09:35:07+00:00,,,ACESSO A SISTEMAS > REDE > RESET DE SENHA,Entidade raiz > PIRATINI > CENTRAL DE ATENDIMENTOS > CASA CIVIL,,"pablo-guimaraes, anderson-oliveira","marcio-pias, zeni-santos"
5918,6037,Atendimento ao usuário Suporte - Gabinete do Municípios e Prefeitos,5,3,2,2024-11-19 09:36:39+00:00,2024-11-19 10:02:04+00:00,,,DTIC > INFRAESTRUTURA > PROBLEMA DE REDE,Entidade raiz > PIRATINI > CENTRAL DE ATENDIMENTOS > CASA CIVIL,,anderson-oliveira,melissa-costa
5919,6038,Orientações e Apoio a Troca de Senha de Rede // DGAP // rosangela-flach/marcia-abreu/cleusa-villani,6,3,2,2024-11-08 12:00:00+00:00,2024-11-19 09:37:46+00:00,,,ACESSO A SISTEMAS > REDE > RESET DE SENHA,Entidade raiz > PIRATINI > CENTRAL DE ATENDIMENTOS > CASA CIVIL > Secretaria-Executiva > Subchefia Administrativa > Departamento de Gestão de Atos e Pessoal > Divisão de Gestão de Pessoas,,"pablo-guimaraes, anderson-oliveira","rosangela-flach, daniela-cunha, cleusa-villani"
5921,6040,Orientações e Apoio a Troca de Senha de Rede // OGE // rogerio-grade/marieli-daniel,6,3,2,2024-11-08 12:00:00+00:00,2024-11-19 09:45:37+00:00,,,ACESSO A SISTEMAS > REDE > RESET DE SENHA,Entidade raiz > PIRATINI > CENTRAL DE ATENDIMENTOS > CASA CIVIL > Secretaria-Executiva > Ouvidoria Geral do Estado,,"pablo-guimaraes, anderson-oliveira","rogerio-grade, marieli-daniel"
5923,6042,Devolução de Impressora // SECOM - Administrativo Financeiro // HP E52645c,6,3,2,2024-11-19 11:31:45+00:00,2025-01-28 14:20:26+00:00,,,IMPRESSORA,Entidade raiz > PIRATINI > CENTRAL DE ATENDIMENTOS > SECOM,,jorge-vicente,daiane-beck
5924,6043,Acesso a Sistemas  - FPE - LIBERAR ACESSO,5,3,2,2024-11-19 13:33:09+00:00,2024-11-19 15:23:41+00:00,,,,Entidade raiz > PIRATINI > CENTRAL DE ATENDIMENTOS > CASA CIVIL,,pablo-guimaraes,francisco-barros
5925,6044,Abrir Link Sharepoint // CC - Subchefia Parlamentar // Ana Rita Avancini,6,3,2,2024-11-19 14:36:50+00:00,2024-11-19 14:37:01+00:00,,,AJUDA E SUPORTE > ATENDIMENTO AO USUÁRIO,Entidade raiz > PIRATINI > CENTRAL DE ATENDIMENTOS > CASA CIVIL,,silvio-valim,ana-avancini
5926,6045,Acesso a Sistemas  - GDG - LIBERAR ACESSO,6,3,2,2024-11-19 14:38:06+00:00,2024-11-19 15:00:29+00:00,,,,Entidade raiz > PIRATINI > CENTRAL DE ATENDIMENTOS > GG,,pablo-guimaraes,joao-ramos
5927,6046,Atendimento ao usuário Suporte - gabinete da Casa Civil (MP),5,3,2,2024-11-19 14:48:51+00:00,2024-11-19 15:37:05+00:00,,,DTIC > EQUIPAMENTOS > MANUTENÇÃO,Entidade raiz > PIRATINI > CENTRAL DE ATENDIMENTOS > CASA CIVIL,,anderson-oliveira,abigail-correa
5928,6047,Atendimento ao usuário Suporte - Coordenadoria Estadual de Proteção e Defesa Civil,5,3,2,2024-11-19 15:55:16+00:00,2024-11-22 17:00:00+00:00,,,AJUDA E SUPORTE > INSTALAÇÃO DE SOFTWARE,Entidade raiz > PIRATINI > CENTRAL DE ATENDIMENTOS > CASA MILITAR,,"anderson-oliveira, leonardo-riela",leonardo-passos
5929,6048,Outlook //CAIXA COMPARTILHADA - Ouvidoria Geral- CAFF,5,3,2,2024-11-19 16:50:00+00:00,2024-11-21 08:54:43+00:00,,,ACESSO A SISTEMAS > OFFICE 365 > EMAIL > CAIXA COMPARTILHADA,Entidade raiz > PIRATINI > CENTRAL DE ATENDIMENTOS > CASA CIVIL,,silvio-valim,regina-costa
5930,6049,Outlook //CAIXA COMPARTILHADA - Ouvidoria Geral- CAFF,5,3,2,2024-11-19 16:52:13+00:00,2024-11-21 08:53:13+00:00,,,ACESSO A SISTEMAS > OFFICE 365 > EMAIL > CAIXA COMPARTILHADA,Entidade raiz > PIRATINI > CENTRAL DE ATENDIMENTOS > CASA CIVIL,,anderson-oliveira,regina-costa
5931,6050,Atendimento ao usuário Suporte - APOIO - SUBCHEFIA JURÍDICA,5,3,2,2024-11-21 09:07:29+00:00,2024-11-21 09:21:37+00:00,,,ACESSO A SISTEMAS > REDE > RESET DE SENHA,Entidade raiz > PIRATINI > CENTRAL DE ATENDIMENTOS > CASA CIVIL,,anderson-oliveira,jean-goulart
5932,6051,Acesso a Sistemas\Reset de Senha de Rede,5,3,2,2024-11-21 09:18:33+00:00,2024-11-21 09:19:06+00:00,,,ACESSO A SISTEMAS > REDE > RESET DE SENHA,Entidade raiz > PIRATINI > CENTRAL DE ATENDIMENTOS > CASA CIVIL,,anderson-oliveira,pablo-guimaraes
5933,6052,Acesso a Sistemas  - Geral - LIBERAR ACESSO,5,3,2,2024-11-21 09:50:15+00:00,2024-11-21 15:55:24+00:00,,,ACESSO A SISTEMAS > REDE > LIBERAÇÃO DE ACESSO,Entidade raiz > PIRATINI > CENTRAL DE ATENDIMENTOS > GVG,,anderson-oliveira,larissa-winckler
5934,6053,Acesso a Sistemas  - Túnel PROCERGS - OUTRO,5,3,2,2024-11-21 11:20:11+00:00,2024-12-17 12:10:27+00:00,,,AJUDA E SUPORTE > INSTALAÇÃO DE SOFTWARE,Entidade raiz > PIRATINI > CENTRAL DE ATENDIMENTOS > CASA CIVIL,,edson-silva,thais-difini
5935,6054,Atendimento ao usuário Suporte - SECOM,5,3,2,2024-11-21 11:39:13+00:00,2024-11-22 14:43:12+00:00,,,AJUDA E SUPORTE > ATENDIMENTO AO USUÁRIO,Entidade raiz > PIRATINI > CENTRAL DE ATENDIMENTOS > SECOM,,leonardo-riela,jorge-diene
5936,6055,Atendimento ao usuário Suporte - Damac,5,3,2,2024-11-21 11:45:42+00:00,2024-11-22 08:57:55+00:00,,,ACESSO A SISTEMAS > OFFICE 365,Entidade raiz > PIRATINI > CENTRAL DE ATENDIMENTOS > CASA CIVIL,,silvio-valim,marivete-souza
5937,6056,Acesso a Sistemas  - RHE - OUTRO,5,3,2,2024-11-21 14:04:11+00:00,2024-11-21 15:50:44+00:00,,,DTIC > EQUIPAMENTOS > CONFIGURAÇÃO,Entidade raiz > PIRATINI > CENTRAL DE ATENDIMENTOS > CASA CIVIL,,anderson-oliveira,caroline-silva
5938,6057,Acesso a Sistemas\Reset de Senha de Rede,5,3,2,2024-11-21 14:09:48+00:00,2024-11-21 14:10:31+00:00,,,ACESSO A SISTEMAS > REDE > RESET DE SENHA,Entidade raiz > PIRATINI > CENTRAL DE ATENDIMENTOS > CASA MILITAR,,anderson-oliveira,caroline-evangelista
5939,6058,Não loga no Notebook // CC - Subchefia do Interior // Clarissa Ávila,6,3,2,2024-11-21 14:11:41+00:00,2024-11-21 14:12:28+00:00,,,AJUDA E SUPORTE > ATENDIMENTO AO USUÁRIO,Entidade raiz > PIRATINI > CENTRAL DE ATENDIMENTOS > CASA CIVIL,,silvio-valim,clarissa-avila
5940,6059,Atendimento ao usuário Suporte - Divisão de Apoio Administrativo,5,3,2,2024-11-21 17:06:19+00:00,2024-11-22 09:27:05+00:00,,,ACESSO A SISTEMAS > SOE > PROA > ADICIONAR A GRUPO,Entidade raiz > PIRATINI > CENTRAL DE ATENDIMENTOS > CASA CIVIL,,"miguelangelo, anderson-oliveira",michelle-lucas
5941,6060,Atendimento ao usuário Suporte - Conservação e Memória,5,3,2,2024-11-22 09:34:44+00:00,2024-11-26 13:44:06+00:00,,,AJUDA E SUPORTE > ATENDIMENTO AO USUÁRIO,Entidade raiz > PIRATINI > CENTRAL DE ATENDIMENTOS > GG,,jorge-vicente,bruno-rien
5942,6061,OFFICE 365 // ASSESSORIA ESPECÍFICA  - Subchefia Jurídica - Duque 951,5,3,2,2024-11-22 09:58:19+00:00,2024-11-22 16:56:48+00:00,,,AJUDA E SUPORTE > ATENDIMENTO AO USUÁRIO,Entidade raiz > PIRATINI > CENTRAL DE ATENDIMENTOS > CASA CIVIL,,anderson-oliveira,edson-pereira
5943,6062,IMPRESSORA TROCA DE TONNER - Divisão de Transportes,5,3,2,2024-11-22 10:07:18+00:00,2024-11-22 12:18:41+00:00,,,DTIC > EQUIPAMENTOS > MANUTENÇÃO,Entidade raiz > PIRATINI > CENTRAL DE ATENDIMENTOS > CASA MILITAR,,jorge-vicente,marilei-teloken
5944,6063,Acesso a Sistemas  - SPI - LIBERAR ACESSO,5,3,2,2024-11-22 15:27:16+00:00,2024-11-26 10:15:38+00:00,,,,Entidade raiz > PIRATINI > CENTRAL DE ATENDIMENTOS > CASA CIVIL,,miguelangelo,maristela-kaminski
5972,6091,Atendimento ao usuário Suporte - GABINETE,5,3,2,2024-11-26 10:45:26+00:00,2024-11-26 11:17:14+00:00,,,AJUDA E SUPORTE > ATENDIMENTO AO USUÁRIO,Entidade raiz > PIRATINI > CENTRAL DE ATENDIMENTOS > SECOM,,anderson-oliveira,giulia-griespach
5945,6064,IMPRESSORA,5,3,2,2024-11-25 07:47:11+00:00,2024-12-11 10:45:26+00:00,,,IMPRESSORA,Entidade raiz > PIRATINI > CENTRAL DE ATENDIMENTOS > CASA MILITAR,,jorge-vicente,elisandra-decantam
5946,6065,Acesso a Sistemas Rede Piratini,5,3,2,2024-11-25 08:29:11+00:00,2024-11-29 14:20:29+00:00,,,DTIC > EQUIPAMENTOS > MANUTENÇÃO,Entidade raiz > PIRATINI > CENTRAL DE ATENDIMENTOS > CASA MILITAR,,leonardo-riela,jose-bones
5947,6066,Exlcuir conta de Office // CC - DTIC // Lucas Sergio,6,3,2,2024-11-25 08:53:59+00:00,2024-11-25 08:54:24+00:00,,,ACESSO A SISTEMAS > OFFICE 365,Entidade raiz > PIRATINI > CENTRAL DE ATENDIMENTOS,,silvio-valim,
5948,6067,Máquina não liga // CC - Subchefia Jurídica // Angela Menezes,6,3,2,2024-11-25 09:42:44+00:00,2024-11-25 09:57:06+00:00,,,AJUDA E SUPORTE > ATENDIMENTO AO USUÁRIO,Entidade raiz > PIRATINI > CENTRAL DE ATENDIMENTOS > CASA CIVIL,,silvio-valim,angela-menezes
5949,6068,Atendimento ao usuário Suporte - CONSERVAÇÃO E MEMORIA,5,3,2,2024-11-25 09:57:22+00:00,2024-12-02 16:12:14+00:00,,,AJUDA E SUPORTE > ATENDIMENTO AO USUÁRIO,Entidade raiz > PIRATINI > CENTRAL DE ATENDIMENTOS > GG,,"anderson-oliveira, leonardo-riela",roberto-goncalves
5950,6069,Reset Senha de Rede e Senha do Túnel // CC - Sub.Jurídica // Aline Renner,6,3,2,2024-11-25 10:47:40+00:00,2024-11-25 10:54:23+00:00,,,ACESSO A SISTEMAS > REDE > RESET DE SENHA,Entidade raiz > PIRATINI > CENTRAL DE ATENDIMENTOS > CASA CIVIL,,"silvio-valim, anderson-oliveira",aline-renner
5951,6070,INCIDENTE  - Divisão de Transportes ,5,3,2,2024-11-25 11:35:55+00:00,2024-11-25 11:50:06+00:00,,,DTIC > INFRAESTRUTURA > OUTROS,Entidade raiz > PIRATINI > CENTRAL DE ATENDIMENTOS > CASA MILITAR,,"alessandro-vieira, leonardo-riela",marilei-teloken
5952,6071,Acesso a Sistemas Rede Piratini,5,3,2,2024-11-25 11:40:18+00:00,2024-11-25 11:48:53+00:00,,,ACESSO A SISTEMAS > REDE > LIBERAÇÃO DE ACESSO,Entidade raiz > PIRATINI > CENTRAL DE ATENDIMENTOS > GVG,,jorge-vicente,larissa-winckler
5953,6072,Acesso a Sistemas Rede Piratini,5,3,2,2024-11-25 12:12:32+00:00,2024-11-25 12:22:12+00:00,,,ACESSO A SISTEMAS > REDE > LIBERAÇÃO DE ACESSO,Entidade raiz > PIRATINI > CENTRAL DE ATENDIMENTOS > CASA MILITAR,,jorge-vicente,elisandra-decantam
5954,6073,Reset de Senha // CM - Divisão de Transportes // Samuel Rocha Bueno,6,3,1,2024-11-25 12:32:00+00:00,2024-11-25 12:46:14+00:00,,,ACESSO A SISTEMAS > REDE > RESET DE SENHA,Entidade raiz > PIRATINI > CENTRAL DE ATENDIMENTOS > CASA MILITAR,,jorge-vicente,samuel-bueno
5955,6074,INCIDENTE  - Divisão de Transportes ,5,3,2,2024-11-25 13:26:46+00:00,2024-11-26 14:40:23+00:00,,,DTIC > INFRAESTRUTURA > OUTROS,Entidade raiz > PIRATINI > CENTRAL DE ATENDIMENTOS > CASA MILITAR,,anderson-oliveira,marilei-teloken
5956,6075,Gravar senha Proa no Chrome // CC - DAA // Rejane Farias,6,3,2,2024-11-25 13:37:10+00:00,2024-11-25 13:37:32+00:00,,,AJUDA E SUPORTE > ATENDIMENTO AO USUÁRIO,Entidade raiz > PIRATINI > CENTRAL DE ATENDIMENTOS > CASA CIVIL,,silvio-valim,rejane-farias
5957,6076,Atendimento ao usuário Suporte - Coordenadoria Estadual de Proteção e Defesa Civil,5,3,2,2024-11-25 13:45:58+00:00,2024-11-26 11:30:28+00:00,,,AJUDA E SUPORTE > ATENDIMENTO AO USUÁRIO,Entidade raiz > PIRATINI > CENTRAL DE ATENDIMENTOS > CASA MILITAR,,pablo-guimaraes,leonardo-passos
5958,6077,Ajuda e Suporte \ Certificado  Digital,5,3,2,2024-11-25 14:04:06+00:00,2024-11-25 14:04:24+00:00,,,AJUDA E SUPORTE > INSTALAÇÃO DE SOFTWARE,Entidade raiz > PIRATINI > CENTRAL DE ATENDIMENTOS > GG,,anderson-oliveira,isis-gama
5960,6079,INGRESSO DE SERVIDOR,5,4,2,2024-11-25 15:09:12+00:00,2024-11-26 08:36:10+00:00,,,ACESSO A SISTEMAS > REDE > LIBERAÇÃO DE ACESSO > NOVO USUÁRIO,Entidade raiz > PIRATINI > CENTRAL DE ATENDIMENTOS > CASA CIVIL > Secretaria-Executiva > Subchefia Administrativa > Departamento de Gestão de Atos e Pessoal > Divisão de Gestão de Pessoas,,"silvio-valim, pablo-guimaraes, anderson-oliveira",silvia-leopoldino
5961,6080,Acesso a Sistemas Rede Piratini,5,3,2,2024-11-25 15:20:13+00:00,2024-11-25 17:39:37+00:00,,,ACESSO A SISTEMAS > REDE > LIBERAÇÃO DE ACESSO,Entidade raiz > PIRATINI > CENTRAL DE ATENDIMENTOS > CASA CIVIL,,"silvio-valim, anderson-oliveira",jorge-sari
5962,6081,Sem acesso às pastas \ CC - DINFO \ Andreia Brum,6,3,2,2024-11-25 15:26:17+00:00,2024-11-25 15:26:52+00:00,,,AJUDA E SUPORTE > ATENDIMENTO AO USUÁRIO,Entidade raiz > PIRATINI > CENTRAL DE ATENDIMENTOS > CASA CIVIL,,silvio-valim,andreia-brum
5963,6082,OFFICE 365 // NOVA CONTA DE EMAIL - DMA,5,3,2,2024-11-25 15:31:26+00:00,2024-11-26 08:39:50+00:00,,,ACESSO A SISTEMAS > OFFICE 365 > EMAIL > NOVO USUÁRIO,Entidade raiz > PIRATINI > CENTRAL DE ATENDIMENTOS > CASA CIVIL,,silvio-valim,jorge-sari
5964,6083,Acesso a Sistemas  - FPE - LIBERAR ACESSO,5,3,2,2024-11-25 15:33:01+00:00,2024-11-26 16:51:12+00:00,,,,Entidade raiz > PIRATINI > CENTRAL DE ATENDIMENTOS > CASA CIVIL,,pablo-guimaraes,jorge-sari
5965,6084,Acesso a Sistemas  - PROA - LIBERAR ACESSO,5,3,2,2024-11-25 15:33:59+00:00,2024-11-26 09:36:35+00:00,,,ACESSO A SISTEMAS > SOE > PROA,Entidade raiz > PIRATINI > CENTRAL DE ATENDIMENTOS > CASA CIVIL,,miguelangelo,jorge-sari
5966,6085,Acesso a Sistemas\Atualizar de Dados Office 365,5,3,2,2024-11-25 15:51:56+00:00,2024-11-25 17:45:52+00:00,,,ACESSO A SISTEMAS > OFFICE 365 > EMAIL > ATUALIZAR DADOS,Entidade raiz > PIRATINI > CENTRAL DE ATENDIMENTOS > GG,,"silvio-valim, anderson-oliveira",patricia-oliveira
5967,6086,INCIDENTE  - Posto 1 (guarita da rua duque de caxias),5,3,2,2024-11-26 08:19:15+00:00,2024-11-26 08:29:20+00:00,,,AJUDA E SUPORTE > ATENDIMENTO AO USUÁRIO,Entidade raiz > PIRATINI > CENTRAL DE ATENDIMENTOS > CASA MILITAR,,,antonio-ferreira
5968,6087,Atendimento ao usuário Suporte - Secom Publicidade,5,3,2,2024-11-26 09:34:15+00:00,2024-11-26 09:46:19+00:00,,,AJUDA E SUPORTE > ATENDIMENTO AO USUÁRIO,Entidade raiz > PIRATINI > CENTRAL DE ATENDIMENTOS > SECOM,,jorge-vicente,luis-zorzan
5969,6088,Acesso a Sistemas Rede Piratini,5,3,2,2024-11-26 09:48:23+00:00,2024-11-26 09:49:31+00:00,,,ACESSO A SISTEMAS > REDE > LIBERAÇÃO DE ACESSO,Entidade raiz > PIRATINI > CENTRAL DE ATENDIMENTOS > GVG,,jorge-vicente,larissa-winckler
5970,6089,Remoção de Acessos -RH,5,3,2,2024-11-26 09:50:55+00:00,2024-11-26 13:35:34+00:00,,,DTIC > SISTEMAS > REMOÇÃO DE ACESSO SISTEMA,Entidade raiz > PIRATINI > CENTRAL DE ATENDIMENTOS > CASA CIVIL,,"silvio-valim, miguelangelo, anderson-oliveira",carlos-duarte
5971,6090,Acesso a Sistemas  - SOE Web - OUTRO,5,3,2,2024-11-26 10:26:58+00:00,2024-11-26 10:34:31+00:00,,,,Entidade raiz > PIRATINI > CENTRAL DE ATENDIMENTOS > CASA MILITAR,,pablo-guimaraes,paulo-vogt
5973,6092,Acesso a Sistemas  - PROA - LIBERAR ACESSO,5,3,2,2024-11-26 10:52:51+00:00,2024-11-28 14:39:19+00:00,,,ACESSO A SISTEMAS > SOE > PROA,Entidade raiz > PIRATINI > CENTRAL DE ATENDIMENTOS > SECOM,,miguelangelo,andre-graminho
5974,6093,Acesso a Sistemas  - SOE Web - OUTRO,5,3,2,2024-11-26 11:18:47+00:00,2024-11-26 11:25:12+00:00,,,,Entidade raiz > PIRATINI > CENTRAL DE ATENDIMENTOS > CASA MILITAR,,pablo-guimaraes,paulo-vogt
5975,6094,Acesso a Sistemas  - Geral - LIBERAR ACESSO,5,3,2,2024-11-26 11:25:25+00:00,2024-11-27 15:54:51+00:00,,,ACESSO A SISTEMAS > SOE > FPE,Entidade raiz > PIRATINI > CENTRAL DE ATENDIMENTOS > CASA CIVIL,,pablo-guimaraes,rita-muller
5976,6095,Acesso a Sistemas Rede Piratini,5,3,2,2024-11-26 12:24:18+00:00,2024-11-26 12:29:35+00:00,,,ACESSO A SISTEMAS > REDE > LIBERAÇÃO DE ACESSO,Entidade raiz > PIRATINI > CENTRAL DE ATENDIMENTOS > CASA MILITAR,,jorge-vicente,"elisandra-decantam, karine-teixeira"
5977,6096,Atendimento ao usuário Suporte - Secom Publicidade,5,3,2,2024-11-26 14:02:14+00:00,2024-11-26 15:00:08+00:00,,,AJUDA E SUPORTE > ATENDIMENTO AO USUÁRIO,Entidade raiz > PIRATINI > CENTRAL DE ATENDIMENTOS > SECOM,,anderson-oliveira,luis-zorzan
5978,6097,Atendimento ao usuário Suporte - SECOM,5,3,2,2024-11-26 14:17:06+00:00,2024-11-26 14:57:07+00:00,,,AJUDA E SUPORTE > INSTALAÇÃO DE SOFTWARE,Entidade raiz > PIRATINI > CENTRAL DE ATENDIMENTOS > SECOM,,leonardo-riela,jorge-diene
5979,6098,Acesso a Sistemas Rede Piratini,5,3,2,2024-11-26 14:19:22+00:00,2024-11-26 14:38:08+00:00,,,ACESSO A SISTEMAS > REDE > RESET DE SENHA,Entidade raiz > PIRATINI > CENTRAL DE ATENDIMENTOS > GG,,anderson-oliveira,carolina-alves
5980,6099,Requisição de Equipamento,5,3,2,2024-11-26 14:53:39+00:00,2025-03-26 16:04:14+00:00,,,AJUDA E SUPORTE > MOVIMENTO DE EQUIPAMENTOS DE TI > REQUISIÇÃO,Entidade raiz > PIRATINI > CENTRAL DE ATENDIMENTOS > CASA CIVIL,CAFF,"anderson-oliveira, leonardo-riela, jonathan-moletta",catia-belmonte
5981,6100,Acesso a Sistemas Rede Piratini,5,3,2,2024-11-26 15:52:49+00:00,2024-11-26 17:20:14+00:00,,,ACESSO A SISTEMAS > REDE > LIBERAÇÃO DE ACESSO,Entidade raiz > PIRATINI > CENTRAL DE ATENDIMENTOS > CASA MILITAR,,anderson-oliveira,maicon-oliveira
5982,6101,Acesso a Sistemas Rede Piratini,5,3,2,2024-11-26 15:53:52+00:00,2024-11-26 17:05:31+00:00,,,ACESSO A SISTEMAS > REDE > LIBERAÇÃO DE ACESSO,Entidade raiz > PIRATINI > CENTRAL DE ATENDIMENTOS > CASA MILITAR,,anderson-oliveira,maicon-oliveira
5996,6115,Permissão no One Drive // CC - Subchefia do Interior // Robson Massaia,6,3,2,2024-11-27 15:38:02+00:00,2024-11-28 11:16:15+00:00,,,ACESSO A SISTEMAS > OFFICE 365,Entidade raiz > PIRATINI > CENTRAL DE ATENDIMENTOS > CASA CIVIL,,"silvio-valim, anderson-oliveira","clarissa-avila, robson-massaia"
5983,6102,Acesso a Sistemas Rede Piratini,5,3,2,2024-11-26 15:55:02+00:00,2024-11-26 16:45:42+00:00,,,ACESSO A SISTEMAS > REDE > LIBERAÇÃO DE ACESSO,Entidade raiz > PIRATINI > CENTRAL DE ATENDIMENTOS > CASA MILITAR,,anderson-oliveira,maicon-oliveira
5984,6103,Atendimento ao usuário Suporte - Conservação e Memória,5,3,2,2024-11-27 09:04:10+00:00,2024-11-27 10:43:41+00:00,,,AJUDA E SUPORTE > ATENDIMENTO AO USUÁRIO,Entidade raiz > PIRATINI > CENTRAL DE ATENDIMENTOS > GG,,"alessandro-vieira, leonardo-riela",bruno-rien
5985,6104,Acesso a Sistemas\Reset de Senha de Rede,5,3,2,2024-11-27 09:35:04+00:00,2024-11-27 09:35:25+00:00,,,ACESSO A SISTEMAS > REDE > RESET DE SENHA,Entidade raiz > PIRATINI > CENTRAL DE ATENDIMENTOS > CASA CIVIL,,anderson-oliveira,pablo-guimaraes
5986,6105,Acesso a Sistemas Rede Piratini,5,3,2,2024-11-27 09:41:24+00:00,2024-11-27 09:46:55+00:00,,,ACESSO A SISTEMAS > REDE > RESET DE SENHA,Entidade raiz > PIRATINI > CENTRAL DE ATENDIMENTOS > CASA MILITAR,,anderson-oliveira,luisa-maestri
5987,6106,Acesso a Sistemas  - FPE - OUTRO,5,3,2,2024-11-27 09:43:20+00:00,2024-11-28 15:17:59+00:00,,,ACESSO A SISTEMAS > SOE > FPE,Entidade raiz > PIRATINI > CENTRAL DE ATENDIMENTOS > CASA CIVIL,,pablo-guimaraes,jorge-sari
5988,6107,Atendimento ao usuário Suporte - DAMAC ,5,3,2,2024-11-27 09:48:48+00:00,2024-11-27 15:39:46+00:00,,,ACESSO A SISTEMAS > OFFICE 365,Entidade raiz > PIRATINI > CENTRAL DE ATENDIMENTOS > CASA CIVIL,,silvio-valim,robson-massaia
5989,6108,Atendimento ao usuário Suporte - Gabinete Vice-Governador,5,3,2,2024-11-27 10:25:52+00:00,2024-11-27 10:39:14+00:00,,,AJUDA E SUPORTE > ATENDIMENTO AO USUÁRIO,Entidade raiz > PIRATINI > CENTRAL DE ATENDIMENTOS > GVG,,anderson-oliveira,larissa-winckler
5990,6109,Atendimento ao usuário Suporte - secom,6,3,2,2024-11-27 10:42:14+00:00,2024-11-27 11:17:32+00:00,,,AJUDA E SUPORTE > ATENDIMENTO AO USUÁRIO,Entidade raiz > PIRATINI > CENTRAL DE ATENDIMENTOS > SECOM,,anderson-oliveira,jean-rangel
5991,6110,Solicitação de Suprimento // CC - Subchefia Administrativa // HP E78330z ,6,3,1,2024-11-25 12:37:00+00:00,2024-11-27 11:57:44+00:00,,,IMPRESSORA,Entidade raiz > PIRATINI > CENTRAL DE ATENDIMENTOS > CASA CIVIL,,jorge-vicente,silvio-valim
5992,6111,Desbloquear Senha de Rede // CC - Subchefia Parlamentar // Sergio Luiz Schmidt,6,3,2,2024-11-27 13:39:29+00:00,2024-11-27 13:53:09+00:00,,,ACESSO A SISTEMAS > REDE > RESET DE SENHA,Entidade raiz > PIRATINI > CENTRAL DE ATENDIMENTOS > CASA CIVIL,,silvio-valim,sergio-schmidt
5993,6112,Acesso a Sistemas\Reset de Senha de Rede,5,3,2,2024-11-27 14:14:16+00:00,2024-11-27 14:15:30+00:00,,,ACESSO A SISTEMAS > REDE > RESET DE SENHA,Entidade raiz > PIRATINI > CENTRAL DE ATENDIMENTOS > CASA CIVIL,,anderson-oliveira,thales-leite
5994,6113,Acesso a Sistemas  - LAI - LIBERAR ACESSO,5,3,2,2024-11-27 14:16:23+00:00,2024-11-27 15:50:37+00:00,,,,Entidade raiz > PIRATINI > CENTRAL DE ATENDIMENTOS > CASA CIVIL,,pablo-guimaraes,regina-costa
5995,6114,INCIDENTE  - Cerimonial,5,3,2,2024-11-27 15:00:38+00:00,2024-11-28 12:05:36+00:00,,,DTIC > INFRAESTRUTURA > MUDANÇA DE LOCAL,Entidade raiz > PIRATINI > CENTRAL DE ATENDIMENTOS > GG,,leonardo-riela,joao-bomfim
5997,6116,Solicitação para palestrar explicações sobre o uso de VOIP - Ouvidoria Geral,6,3,2,2024-11-27 15:49:12+00:00,2024-12-12 09:58:03+00:00,,,AJUDA E SUPORTE > ATENDIMENTO AO USUÁRIO,Entidade raiz > PIRATINI > CENTRAL DE ATENDIMENTOS > CASA CIVIL,CAFF > 1° Andar - Ouvidoria,thales-leite,regina-costa
5998,6117,Acesso a Sistemas  - FPE - LIBERAR ACESSO,5,3,2,2024-11-27 16:08:12+00:00,2024-11-28 15:17:28+00:00,,,,Entidade raiz > PIRATINI > CENTRAL DE ATENDIMENTOS > CASA CIVIL,,pablo-guimaraes,janice-barbosa
5999,6118,EQUIPAMENTOS IMPRESSORA ATOLAMENTO - GABINETE DO VICE-GOVERNADOR,5,3,2,2024-11-27 16:30:28+00:00,2024-11-28 13:49:41+00:00,,,IMPRESSORA > ATOLAMENTO,Entidade raiz > PIRATINI > CENTRAL DE ATENDIMENTOS > GVG,,anderson-oliveira,carla-calero
6000,6119,Ajuda e Suporte \ Equipamentos Manutenção,5,3,2,2024-11-28 08:56:47+00:00,2024-11-28 12:04:23+00:00,,,DTIC > EQUIPAMENTOS > MANUTENÇÃO,Entidade raiz > PIRATINI > CENTRAL DE ATENDIMENTOS > CASA CIVIL,,"jorge-vicente, anderson-oliveira",
6001,6120,Rede / Reset de Senha - Gabinete Governador,6,3,1,2024-11-28 09:23:10+00:00,2024-11-29 11:00:33+00:00,,,ACESSO A SISTEMAS > REDE > RESET DE SENHA,Entidade raiz > PIRATINI > CENTRAL DE ATENDIMENTOS > GG,,anderson-oliveira,daniela-baum
6002,6121,Ajuda e Suporte \ Atendimento ao usuário,5,3,2,2024-11-28 09:20:00+00:00,2024-11-28 09:40:06+00:00,,,AJUDA E SUPORTE > ATENDIMENTO AO USUÁRIO,Entidade raiz > PIRATINI > CENTRAL DE ATENDIMENTOS > CASA CIVIL,,anderson-oliveira,laura-garbin
6003,6122,Remoção de Acessos -RH,5,3,2,2024-11-28 09:58:49+00:00,2024-11-28 12:00:53+00:00,,,DTIC > SISTEMAS > REMOÇÃO DE ACESSO SISTEMA,Entidade raiz > PIRATINI > CENTRAL DE ATENDIMENTOS > CASA CIVIL,,"silvio-valim, miguelangelo, anderson-oliveira",carlos-duarte
6004,6124,Acesso a Sistemas  - SOE Web - LIBERAR ACESSO,5,3,2,2024-11-28 14:36:07+00:00,2024-12-02 13:53:07+00:00,,,,Entidade raiz > PIRATINI > CENTRAL DE ATENDIMENTOS > CASA MILITAR,,miguelangelo,ana-duarte
6005,6125,Atendimento ao usuário Suporte - Ouvidoria-CAFF,5,3,2,2024-11-28 15:21:57+00:00,2024-11-28 17:20:47+00:00,,,AJUDA E SUPORTE > ATENDIMENTO AO USUÁRIO,Entidade raiz > PIRATINI > CENTRAL DE ATENDIMENTOS > CASA CIVIL,,anderson-oliveira,regina-costa
6006,6126,Acesso a Sistemas Rede Piratini,5,3,2,2024-11-28 15:33:53+00:00,2024-12-04 10:01:31+00:00,,,ACESSO A SISTEMAS > REDE > LIBERAÇÃO DE ACESSO,Entidade raiz > PIRATINI > CENTRAL DE ATENDIMENTOS > SECOM,,pablo-guimaraes,cristiano-tavares
6007,6127,Reset de Senha // CC - Subchefia Legislativa // Luiz Gustavo Borges Carnelos,6,3,1,2024-11-28 16:22:24+00:00,2024-11-28 16:22:37+00:00,,,ACESSO A SISTEMAS > REDE > RESET DE SENHA,Entidade raiz > PIRATINI > CENTRAL DE ATENDIMENTOS > CASA CIVIL > Secretaria-Executiva > Subchefia Legislativa,,jorge-vicente,luiz-carnelos
6008,6128,Acesso a Sistemas  - FPE - OUTRO,5,3,2,2024-11-28 17:01:02+00:00,2024-11-29 16:41:48+00:00,,,,Entidade raiz > PIRATINI > CENTRAL DE ATENDIMENTOS > CASA CIVIL,,pablo-guimaraes,thais-difini
6009,6129,Acesso a Sistemas\Reset de Senha de Rede,5,3,2,2024-11-29 09:06:38+00:00,2024-11-29 09:07:37+00:00,,,ACESSO A SISTEMAS > REDE > RESET DE SENHA,Entidade raiz > PIRATINI > CENTRAL DE ATENDIMENTOS > CASA MILITAR,,anderson-oliveira,arlindo-oliveira
6010,6130,Acesso a Sistemas  - Geral - OUTRO,5,3,2,2024-11-29 09:24:16+00:00,2024-11-29 09:45:01+00:00,,,DTIC > INFRAESTRUTURA > PROBLEMA DE REDE,Entidade raiz > PIRATINI > CENTRAL DE ATENDIMENTOS > CASA CIVIL,,thales-leite,maristela-kaminski
6011,6131,Ajuda e Suporte \ Manutenção Equipamentos,5,3,2,2024-11-29 09:41:22+00:00,2024-11-29 11:47:49+00:00,,,DTIC > EQUIPAMENTOS > MANUTENÇÃO,Entidade raiz > PIRATINI > CENTRAL DE ATENDIMENTOS > CASA CIVIL,,leonardo-riela,melissa-costa
6012,6132,Acesso a Sistemas Rede Piratini,5,3,2,2024-11-29 09:42:28+00:00,2024-11-29 10:07:32+00:00,,,ACESSO A SISTEMAS > REDE > LIBERAÇÃO DE ACESSO,Entidade raiz > PIRATINI > CENTRAL DE ATENDIMENTOS > CASA MILITAR,,anderson-oliveira,debora-aparecida
6013,6133,Excluir conta OFFICE 365 // CC - Casa Civil // Gesiel Campos,6,3,2,2024-11-29 10:18:38+00:00,2024-11-29 10:18:52+00:00,,,ACESSO A SISTEMAS > OFFICE 365 > EMAIL > EXCLUSÃO,Entidade raiz > PIRATINI > CENTRAL DE ATENDIMENTOS > CASA MILITAR,,silvio-valim,gesiel-goncalves
6014,6134,Acesso a Sistemas  - FPE - LIBERAR ACESSO,5,3,2,2024-11-29 10:42:30+00:00,2024-12-02 18:03:57+00:00,,,,Entidade raiz > PIRATINI > CENTRAL DE ATENDIMENTOS > CASA CIVIL,,pablo-guimaraes,melissa-costa
6015,6135,IMPRESSORA TROCA DE TONNER - Subchefia de Operações da Casa Militar,5,3,2,2024-11-29 12:34:54+00:00,2024-12-18 09:51:04+00:00,,,DTIC > EQUIPAMENTOS > MANUTENÇÃO,Entidade raiz > PIRATINI > CENTRAL DE ATENDIMENTOS > CASA MILITAR,,jorge-vicente,arlindo-oliveira
6016,6136,Atendimento ao usuário Suporte - Secom Publicidade,5,3,2,2024-11-29 13:39:39+00:00,2024-12-02 15:59:44+00:00,,,AJUDA E SUPORTE > ATENDIMENTO AO USUÁRIO,Entidade raiz > PIRATINI > CENTRAL DE ATENDIMENTOS > SECOM,,anderson-oliveira,luis-zorzan
6017,6137,Troca de Toner // GG - Gabinete // Patricia Oliveira,6,3,2,2024-11-29 13:44:43+00:00,2024-11-29 14:06:34+00:00,,,DTIC > EQUIPAMENTOS > INSTALAÇÃO > IMPRESSORA,Entidade raiz > PIRATINI > CENTRAL DE ATENDIMENTOS > GG,,,patricia-oliveira
6018,6138,Não abre site ALRS // CC - Subchefia Parlamentar // Paulo Deymison,6,3,1,2024-11-29 14:03:53+00:00,2024-11-29 14:15:00+00:00,,,AJUDA E SUPORTE > ATENDIMENTO AO USUÁRIO,Entidade raiz > PIRATINI > CENTRAL DE ATENDIMENTOS > CASA CIVIL,,anderson-oliveira,paulo-souza
6019,6139,Atendimento ao usuário Suporte - DINFO,5,3,2,2024-11-29 17:18:50+00:00,2024-12-17 10:17:34+00:00,,,AJUDA E SUPORTE > ATENDIMENTO AO USUÁRIO,Entidade raiz > PIRATINI > CENTRAL DE ATENDIMENTOS > CASA CIVIL,,silvio-valim,cristiane-dias
6020,6140,Atendimento ao usuário Suporte - Duque 951 - DINFO,5,3,2,2024-12-02 08:42:14+00:00,2024-12-02 09:03:46+00:00,,,AJUDA E SUPORTE > ATENDIMENTO AO USUÁRIO,Entidade raiz > PIRATINI > CENTRAL DE ATENDIMENTOS > CASA CIVIL,,jorge-vicente,edson-pereira
6021,6141,Ajuda e Suporte / Instalação de Equipamento - Computador Protocolo,5,3,1,2024-12-02 09:20:42+00:00,2024-12-03 09:08:28+00:00,,,AJUDA E SUPORTE > INSTALAÇÃO DE EQUIPAMENTOS,Entidade raiz > PIRATINI > CENTRAL DE ATENDIMENTOS > CASA CIVIL,,thales-leite,caroline-silva
6022,6142,Reset de Senha // GG - Gabinete Ala // Maria Ester Rodrigues Gazalle,6,3,2,2024-12-02 09:44:08+00:00,2024-12-02 09:44:50+00:00,,,ACESSO A SISTEMAS > REDE > RESET DE SENHA,Entidade raiz > PIRATINI > CENTRAL DE ATENDIMENTOS > GG,,jorge-vicente,alexandre-almoarqueg
6046,6167,INCIDENTE  - SECOM,5,3,2,2024-12-03 12:16:00+00:00,2024-12-09 11:01:58+00:00,,,DTIC > INFRAESTRUTURA > OUTROS,Entidade raiz > PIRATINI > CENTRAL DE ATENDIMENTOS > SECOM,,,jorge-diene
6023,6143,IMPRESSORA,5,3,2,2024-12-02 09:59:32+00:00,2024-12-04 16:41:47+00:00,,,IMPRESSORA,Entidade raiz > PIRATINI > CENTRAL DE ATENDIMENTOS > GVG,,anderson-oliveira,carla-calero
6024,6144,Acesso a Sistemas\Reset de Senha de Rede,5,3,2,2024-12-02 11:34:29+00:00,2024-12-02 11:35:33+00:00,,,ACESSO A SISTEMAS > REDE > RESET DE SENHA,Entidade raiz > PIRATINI > CENTRAL DE ATENDIMENTOS,,anderson-oliveira,wellington-oliveira
6025,6145,Acesso a Sistemas Rede Piratini,6,3,2,2024-12-02 11:41:29+00:00,2024-12-02 14:02:03+00:00,,,ACESSO A SISTEMAS > REDE > LIBERAÇÃO DE ACESSO,Entidade raiz > PIRATINI > CENTRAL DE ATENDIMENTOS > SECOM,,jorge-vicente,jean-rangel
6026,6146,Solicitação de Toner // CC - Departamento de Informações Oficiais // HP E57540c,6,3,2,2024-12-02 13:13:37+00:00,2024-12-02 13:14:01+00:00,,,IMPRESSORA,Entidade raiz > PIRATINI > CENTRAL DE ATENDIMENTOS,,jorge-vicente,jorge-vicente
6027,6147,IMPRESSORA NÃO INSTALADA NA MAQUINA - Protocolo e Arquivo,5,3,2,2024-12-02 13:40:51+00:00,2024-12-02 14:43:18+00:00,,,DTIC > EQUIPAMENTOS > CONFIGURAÇÃO,Entidade raiz > PIRATINI > CENTRAL DE ATENDIMENTOS > CASA CIVIL,,thales-leite,deborah-goes
6028,6148,Acesso a Sistemas  - Túnel PROCERGS - DESBLOQUEAR USUÁRIO,5,3,2,2024-12-02 13:56:16+00:00,2024-12-03 09:07:56+00:00,,,,Entidade raiz > PIRATINI > CENTRAL DE ATENDIMENTOS > GG,,anderson-oliveira,gisele-ferreira
6029,6149,Outlook //CAIXA COMPARTILHADA - RS Seguro/Gabinete do Governador,5,3,2,2024-12-02 14:09:03+00:00,2024-12-02 14:57:12+00:00,,,ACESSO A SISTEMAS > OFFICE 365 > EMAIL > CAIXA COMPARTILHADA,Entidade raiz > PIRATINI > CENTRAL DE ATENDIMENTOS > GG,,jorge-vicente,gisele-ferreira
6030,6150,Acesso a Sistemas  - Geral - DESBLOQUEAR USUÁRIO,5,3,2,2024-12-02 14:15:56+00:00,2024-12-02 16:32:39+00:00,,,,Entidade raiz > PIRATINI > CENTRAL DE ATENDIMENTOS > CASA MILITAR,,jorge-vicente,jose-bones
6031,6151,Acesso a Sistemas  - FPE - LIBERAR ACESSO,5,3,2,2024-12-02 15:07:50+00:00,2024-12-03 08:58:13+00:00,,,ACESSO A SISTEMAS > SOE > FPE,Entidade raiz > PIRATINI > CENTRAL DE ATENDIMENTOS > GVG,,pablo-guimaraes,vilmar-rama
6032,6152,PROA LIBERAR ACESSO A GRUPO,6,3,2,2024-12-02 16:38:58+00:00,2024-12-04 10:00:21+00:00,,,ACESSO A SISTEMAS > SOE > PROA > ADICIONAR A GRUPO,Entidade raiz > PIRATINI > CENTRAL DE ATENDIMENTOS > CASA CIVIL,,pablo-guimaraes,marcio-benites
6033,6153,Acesso a Sistemas  - LAI - LIBERAR ACESSO,5,3,2,2024-12-02 16:50:42+00:00,2024-12-02 17:58:32+00:00,,,,Entidade raiz > PIRATINI > CENTRAL DE ATENDIMENTOS > CASA CIVIL,,pablo-guimaraes,regina-costa
6034,6154,Acesso a Sistemas  - FPE - OUTRO,5,3,2,2024-12-02 17:05:32+00:00,2024-12-04 10:02:34+00:00,,,,Entidade raiz > PIRATINI > CENTRAL DE ATENDIMENTOS > CASA CIVIL,,pablo-guimaraes,jorge-sari
6035,6155,Acesso a Sistemas Rede Piratini,6,3,2,2024-12-02 17:18:18+00:00,2024-12-06 16:29:09+00:00,,,ACESSO A SISTEMAS > REDE > LIBERAÇÃO DE ACESSO,Entidade raiz > PIRATINI > CENTRAL DE ATENDIMENTOS > SECOM,,"miguelangelo, anderson-oliveira",jean-rangel
6036,6156,Acesso a Sistemas Rede Piratini,5,3,2,2024-12-02 17:58:05+00:00,2024-12-05 11:04:44+00:00,,,ACESSO A SISTEMAS > OFFICE 365 > EMAIL > CAIXA COMPARTILHADA,Entidade raiz > PIRATINI > CENTRAL DE ATENDIMENTOS > GG,,silvio-valim,joao-bomfim
6037,6157,Acesso a Sistemas Rede Piratini,5,3,2,2024-12-03 09:01:26+00:00,2024-12-03 09:04:30+00:00,,,ACESSO A SISTEMAS > REDE > LIBERAÇÃO DE ACESSO,Entidade raiz > PIRATINI > CENTRAL DE ATENDIMENTOS > CASA CIVIL,,anderson-oliveira,suellen-rodrigues
6038,6158,Atendimento ao usuário Suporte - DMP,5,3,2,2024-12-03 09:07:27+00:00,2024-12-03 09:16:55+00:00,,,DTIC > EQUIPAMENTOS > CONFIGURAÇÃO,Entidade raiz > PIRATINI > CENTRAL DE ATENDIMENTOS > CASA CIVIL,,jorge-vicente,melina-andrade
6039,6159,Não consigo Logar Máquina // CM - Finanças // Débora Bernsts,6,3,2,2024-12-03 09:26:55+00:00,2024-12-04 15:52:33+00:00,,,AJUDA E SUPORTE > ATENDIMENTO AO USUÁRIO,Entidade raiz > PIRATINI > CENTRAL DE ATENDIMENTOS > CASA MILITAR,,silvio-valim,debora-silva
6040,6160,Reset de Senha // CC - Subchefia Legislativa // Fernando Cunha Tonetto,6,3,2,2024-12-02 18:16:00+00:00,2024-12-03 09:34:44+00:00,,,ACESSO A SISTEMAS > REDE > RESET DE SENHA,Entidade raiz > PIRATINI > CENTRAL DE ATENDIMENTOS > CASA CIVIL > Secretaria-Executiva > Subchefia Legislativa,,jorge-vicente,fernando-tonetto
6041,6161,Acesso a Sistemas Rede Piratini,5,3,2,2024-12-03 09:41:18+00:00,2024-12-03 11:02:49+00:00,,,ACESSO A SISTEMAS > REDE > LIBERAÇÃO DE ACESSO,Entidade raiz > PIRATINI > CENTRAL DE ATENDIMENTOS > GG,,silvio-valim,luciana-conca
6042,6163,Atendimento ao usuário Suporte - DAMAC,5,3,2,2024-12-03 10:17:31+00:00,2024-12-03 11:03:28+00:00,,,AJUDA E SUPORTE > ATENDIMENTO AO USUÁRIO,Entidade raiz > PIRATINI > CENTRAL DE ATENDIMENTOS > CASA CIVIL,,silvio-valim,alexander-ostroga
6043,6164,Atendimento ao usuário Suporte - DAMAC,5,3,2,2024-12-03 10:18:25+00:00,2024-12-03 11:04:43+00:00,,,AJUDA E SUPORTE > ATENDIMENTO AO USUÁRIO,Entidade raiz > PIRATINI > CENTRAL DE ATENDIMENTOS > CASA CIVIL,,silvio-valim,alexander-ostroga
6044,6165,Acesso a Sistemas Rede Piratini,5,3,2,2024-12-03 10:54:48+00:00,2024-12-03 11:03:36+00:00,,,ACESSO A SISTEMAS > REDE > LIBERAÇÃO DE ACESSO,Entidade raiz > PIRATINI > CENTRAL DE ATENDIMENTOS > CASA CIVIL > Secretaria-Executiva > Subchefia Juridica,,anderson-oliveira,lucas-silva
6045,6166,Acesso a Sistemas  - PROA - DESBLOQUEAR USUÁRIO,5,3,2,2024-12-03 10:56:39+00:00,2024-12-03 12:04:08+00:00,,,ACESSO A SISTEMAS > SOE,Entidade raiz > PIRATINI > CENTRAL DE ATENDIMENTOS > CASA CIVIL,,anderson-oliveira,daura-rosa
6047,6168,Infraestrutura - Problema de rede,5,3,2,2024-12-03 13:09:40+00:00,2024-12-03 13:17:45+00:00,,,DTIC > INFRAESTRUTURA > PROBLEMA DE REDE,Entidade raiz > PIRATINI > CENTRAL DE ATENDIMENTOS > GG,,anderson-oliveira,luciana-conca
6048,6169,IMPRESSORA MENSAGEM DE ERRO - Gabinete - RIACHUELO,5,3,1,2024-12-03 15:44:59+00:00,2024-12-18 08:34:49+00:00,,,DTIC > EQUIPAMENTOS > MANUTENÇÃO,Entidade raiz > PIRATINI > CENTRAL DE ATENDIMENTOS > SECOM,,"jorge-vicente, anderson-oliveira",andre-graminho
6049,6170,Atendimento ao usuário Suporte - Maua 1050,5,3,2,2024-12-03 17:57:17+00:00,2024-12-04 11:35:01+00:00,,,AJUDA E SUPORTE > ATENDIMENTO AO USUÁRIO,Entidade raiz > PIRATINI > CENTRAL DE ATENDIMENTOS > CASA CIVIL,,thales-leite,maristela-kaminski
6050,6171,Acesso a Sistemas  - Túnel PROCERGS - OUTRO,6,3,2,2024-12-03 18:28:07+00:00,2024-12-04 08:56:32+00:00,,,,Entidade raiz > PIRATINI > CENTRAL DE ATENDIMENTOS > SECOM,,jorge-vicente,jean-rangel
6051,6172,Acesso a Sistemas Rede Piratini,5,3,2,2024-12-04 10:43:59+00:00,2024-12-04 10:58:34+00:00,,,ACESSO A SISTEMAS > REDE > LIBERAÇÃO DE ACESSO,Entidade raiz > PIRATINI > CENTRAL DE ATENDIMENTOS > SECOM,,jorge-vicente,andre-graminho
6052,6173,Atendimento ao usuário Suporte - GVG,5,3,2,2024-12-04 11:20:06+00:00,2024-12-04 11:39:47+00:00,,,AJUDA E SUPORTE > ATENDIMENTO AO USUÁRIO,Entidade raiz > PIRATINI > CENTRAL DE ATENDIMENTOS,,jorge-vicente,wellington-oliveira
6053,6174,GVG\site proxy,5,3,2,2024-12-04 11:25:26+00:00,2024-12-10 10:53:03+00:00,,,,Entidade raiz > PIRATINI > CENTRAL DE ATENDIMENTOS > CASA CIVIL,,anderson-oliveira,anderson-oliveira
6054,6175,solicitação de credencias para  Cheyenne Oliveira Herbstrith,5,3,2,2024-12-04 12:06:38+00:00,2024-12-05 13:54:41+00:00,,,ACESSO A SISTEMAS > REDE > LIBERAÇÃO DE ACESSO > NOVO USUÁRIO,Entidade raiz > PIRATINI > CENTRAL DE ATENDIMENTOS,,"pablo-guimaraes, miguelangelo, edson-silva",edson-silva
6055,6176,Atendimento ao usuário Suporte - Subchefia Parlamentar,5,3,2,2024-12-04 12:10:42+00:00,2024-12-04 12:12:24+00:00,,,AJUDA E SUPORTE > ATENDIMENTO AO USUÁRIO,Entidade raiz > PIRATINI > CENTRAL DE ATENDIMENTOS > CASA CIVIL,,jorge-vicente,paulo-souza
6056,6177,Manutenção equipamento GVG,5,3,2,2024-12-04 12:12:04+00:00,2024-12-09 15:42:02+00:00,,,DTIC > EQUIPAMENTOS > MANUTENÇÃO,Entidade raiz > PIRATINI > CENTRAL DE ATENDIMENTOS > GVG,,leonardo-riela,dayanne-rodrigues
6057,6178,OFFICE 365 // ASSESSORIA ESPECÍFICA  - PUBLICIDADE,5,3,2,2024-12-04 14:15:20+00:00,2024-12-05 15:46:59+00:00,,,ACESSO A SISTEMAS > OFFICE 365 > EMAIL > CAIXA COMPARTILHADA,Entidade raiz > PIRATINI > CENTRAL DE ATENDIMENTOS > SECOM,,anderson-oliveira,andre-graminho
6058,6179,Outlook //ATUALIZAR DADOS DE CONTATO Secom,5,3,2,2024-12-04 14:59:49+00:00,2024-12-05 09:12:22+00:00,,,ACESSO A SISTEMAS > OFFICE 365 > EMAIL > ATUALIZAR DADOS,Entidade raiz > PIRATINI > CENTRAL DE ATENDIMENTOS > SECOM,,anderson-oliveira,eder-kurz
6082,6203,PROA LIBERAR ACESSO A GRUPO,5,3,2,2024-12-09 09:05:09+00:00,2024-12-10 09:23:42+00:00,,,ACESSO A SISTEMAS > SOE > PROA > ADICIONAR A GRUPO,Entidade raiz > PIRATINI > CENTRAL DE ATENDIMENTOS > CASA CIVIL,,"silvio-valim, pablo-guimaraes, miguelangelo, anderson-oliveira",janice-barbosa
6059,6180,OFFICE 365 // ALTERAR PLANO / LICENÇA - DMA,5,3,2,2024-12-04 17:17:17+00:00,2024-12-05 10:08:33+00:00,,,ACESSO A SISTEMAS > OFFICE 365 > EMAIL > ALTERAR PLANO / LICENÇA,Entidade raiz > PIRATINI > CENTRAL DE ATENDIMENTOS > CASA CIVIL,,anderson-oliveira,jorge-sari
6060,6181,Atendimento ao usuário Suporte - ADMINISTRATIVO,5,3,2,2024-12-04 17:46:53+00:00,2024-12-06 11:53:16+00:00,,,AJUDA E SUPORTE > ATENDIMENTO AO USUÁRIO,Entidade raiz > PIRATINI > CENTRAL DE ATENDIMENTOS > SECOM,,miguelangelo,andre-graminho
6061,6182,Acesso a Sistemas Rede Piratini,5,3,2,2024-12-05 08:51:15+00:00,2024-12-05 08:55:26+00:00,,,ACESSO A SISTEMAS > REDE > LIBERAÇÃO DE ACESSO,Entidade raiz > PIRATINI > CENTRAL DE ATENDIMENTOS > CASA MILITAR,,jorge-vicente,arlindo-oliveira
6062,6183,Ajuda e Suporte \ Equipamentos Manutenção,5,3,1,2024-12-05 09:03:04+00:00,2024-12-05 13:58:44+00:00,,,DTIC > EQUIPAMENTOS > MANUTENÇÃO,Entidade raiz > PIRATINI > CENTRAL DE ATENDIMENTOS > GVG,CAFF > 20° Andar - RS - SEGURO,edson-silva,giovana-foppa
6063,6184,Aumentar Espaço Equipe Teams // GVG - Gabinete // Daniela Machado,6,3,2,2024-12-05 09:28:05+00:00,2024-12-05 10:33:11+00:00,,,ACESSO A SISTEMAS > OFFICE 365 > CRIAR EQUIPE SHAREPOINT,Entidade raiz > PIRATINI > CENTRAL DE ATENDIMENTOS > GVG,,silvio-valim,daniela-machado
6064,6185,Ajuda e Suporte \ Equipamentos Manutenção,6,3,2,2024-12-05 10:01:06+00:00,2024-12-05 14:42:32+00:00,,,DTIC > EQUIPAMENTOS > MANUTENÇÃO,Entidade raiz > PIRATINI > CENTRAL DE ATENDIMENTOS > SECOM,,"anderson-oliveira, leonardo-riela",jean-rangel
6065,6186,Adicionar Grupo Proa // CC - DINFO // Cristane Dias,6,3,2,2024-12-05 11:42:59+00:00,2024-12-06 11:48:07+00:00,,,ACESSO A SISTEMAS > SOE > PROA > ADICIONAR A GRUPO,Entidade raiz > PIRATINI > CENTRAL DE ATENDIMENTOS > CASA CIVIL,,miguelangelo,cristiane-dias
6066,6187,Devolução de Impressora // CM - Central de Doações - CAFF // HP E52645c ,6,3,2,2024-12-05 11:54:26+00:00,2025-05-06 11:33:38+00:00,,,IMPRESSORA,Entidade raiz > PIRATINI > CENTRAL DE ATENDIMENTOS > CASA MILITAR > Subchefia de Proteção e Defesa Civil,,jorge-vicente,luis-rodrigues
6067,6188,Acesso a Sistemas Rede Piratini,5,3,2,2024-12-05 13:12:55+00:00,2024-12-06 09:20:36+00:00,,,ACESSO A SISTEMAS > REDE > LIBERAÇÃO DE ACESSO,Entidade raiz > PIRATINI > CENTRAL DE ATENDIMENTOS > CASA MILITAR,,silvio-valim,arlindo-oliveira
6068,6189,Acesso Caixa Compartilhada // CC - ADS // Cheyenne Oliveira,6,3,2,2024-12-05 13:44:53+00:00,2024-12-05 15:47:52+00:00,,,ACESSO A SISTEMAS > OFFICE 365 > EMAIL > CAIXA COMPARTILHADA,Entidade raiz > PIRATINI > CENTRAL DE ATENDIMENTOS > CASA MILITAR,,silvio-valim,roberta-oliveira
6069,6190,Atendimento ao usuário Suporte - GVG - Comunicação,5,3,2,2024-12-05 13:54:20+00:00,2024-12-09 15:42:02+00:00,,,AJUDA E SUPORTE > ATENDIMENTO AO USUÁRIO,Entidade raiz > PIRATINI > CENTRAL DE ATENDIMENTOS > GVG,,"edson-silva, alessandro-vieira, leonardo-riela",carla-calero
6070,6191,OFFICE 365 // ASSESSORIA ESPECÍFICA  - GVG - DG,6,3,2,2024-12-05 13:57:55+00:00,2025-01-21 15:21:04+00:00,,,ACESSO A SISTEMAS > OFFICE 365,Entidade raiz > PIRATINI > CENTRAL DE ATENDIMENTOS > GVG,,"silvio-valim, alessandro-vieira, anderson-oliveira, jonathan-moletta",carla-calero
6071,6192,Atendimento ao usuário Suporte - SECOM,5,3,2,2024-12-05 14:13:28+00:00,2024-12-05 15:53:58+00:00,,,AJUDA E SUPORTE > ATENDIMENTO AO USUÁRIO,Entidade raiz > PIRATINI > CENTRAL DE ATENDIMENTOS > SECOM,,leonardo-riela,paulo-cesar
6083,6204,"INCIDENTE  - Avenida Mauá, 1050",5,3,2,2024-12-09 09:11:38+00:00,2024-12-09 09:27:19+00:00,,,DTIC > INFRAESTRUTURA > OUTROS,Entidade raiz > PIRATINI > CENTRAL DE ATENDIMENTOS > CASA CIVIL,,thales-leite,regina-fraga
6072,6193,OUTLOOK // ADICIONAR/EXCLUIR USUÁRIO DE CAIXA COMPARTILHADA - Defesa Civil,5,3,2,2024-12-05 14:32:47+00:00,2024-12-05 15:50:26+00:00,,,ACESSO A SISTEMAS > OFFICE 365 > EMAIL > CAIXA COMPARTILHADA,Entidade raiz > PIRATINI > CENTRAL DE ATENDIMENTOS > CASA MILITAR,,silvio-valim,ana-duarte
6073,6194,Ajuda e Suporte \ Equipamentos,5,3,2,2024-12-05 15:14:21+00:00,2024-12-09 09:04:11+00:00,,,DTIC > EQUIPAMENTOS > RECOLHIMENTO,Entidade raiz > PIRATINI > CENTRAL DE ATENDIMENTOS > GG,,"edson-silva, anderson-oliveira",fernanda-braga
6074,6195,Ajuda e Suporte \ Equipamentos,5,3,2,2024-12-05 15:41:07+00:00,2024-12-05 15:41:26+00:00,,,DTIC > EQUIPAMENTOS > MANUTENÇÃO,Entidade raiz > PIRATINI > CENTRAL DE ATENDIMENTOS > SECOM,,anderson-oliveira,
6075,6196,Atendimento ao usuário Suporte - ADMINISTRATIVO,5,3,2,2024-12-05 16:34:54+00:00,2024-12-06 15:19:25+00:00,,,AJUDA E SUPORTE > ATENDIMENTO AO USUÁRIO,Entidade raiz > PIRATINI > CENTRAL DE ATENDIMENTOS > SECOM,,pablo-guimaraes,andre-graminho
6076,6197,INCIDENTE  - Secom,5,3,2,2024-12-05 16:52:57+00:00,2024-12-06 15:17:27+00:00,,,DTIC > INFRAESTRUTURA > OUTROS,Entidade raiz > PIRATINI > CENTRAL DE ATENDIMENTOS > SECOM,,pablo-guimaraes,eder-kurz
6077,6198,Excluir Acessos // GG - Cerimonial // Dálida Sperotto,6,3,2,2024-12-06 12:00:00+00:00,2024-12-06 14:07:29+00:00,,,ACESSO A SISTEMAS > OFFICE 365 > EMAIL > EXCLUSÃO,Entidade raiz > PIRATINI > CENTRAL DE ATENDIMENTOS > CASA CIVIL,,"silvio-valim, miguelangelo, anderson-oliveira",carlos-duarte
6078,6199,IMPRESSORA TROCA DE TONNER - Gabinete do Governador - Ala Residencial,5,3,2,2024-12-06 14:19:56+00:00,2024-12-06 17:20:24+00:00,,,DTIC > EQUIPAMENTOS > MANUTENÇÃO,Entidade raiz > PIRATINI > CENTRAL DE ATENDIMENTOS > GG,,anderson-oliveira,luciana-conca
6079,6200,PROA - ADMINISTRATIVO,5,3,2,2024-12-06 15:31:49+00:00,2024-12-10 10:36:10+00:00,,,ACESSO A SISTEMAS > SOE > PROA > ADICIONAR A GRUPO,Entidade raiz > PIRATINI > CENTRAL DE ATENDIMENTOS > SECOM,,miguelangelo,andre-graminho
6080,6201,Acesso a Sistemas // Remoção de Acessos (Remover acessos a sistemas no Geral),5,3,1,2024-12-06 15:39:14+00:00,2024-12-06 16:30:23+00:00,,,,Entidade raiz > PIRATINI > CENTRAL DE ATENDIMENTOS > CASA CIVIL,,"pablo-guimaraes, anderson-oliveira",daniela-cunha
6081,6202,Acesso a Sistemas Rede Piratini,5,3,2,2024-12-06 17:21:00+00:00,2024-12-06 17:23:18+00:00,,,ACESSO A SISTEMAS > REDE > RESET DE SENHA,Entidade raiz > PIRATINI > CENTRAL DE ATENDIMENTOS > GG,,,luciana-conca
6084,6205,"OFFICE 365 // ASSESSORIA ESPECÍFICA  - Divisão de patrimônio da Casa Militar - Rua Duque de Caxias, 951 - Centro de Porto Alegre",5,3,2,2024-12-09 09:33:42+00:00,2024-12-09 10:31:29+00:00,,,ACESSO A SISTEMAS > OFFICE 365,Entidade raiz > PIRATINI > CENTRAL DE ATENDIMENTOS > CASA MILITAR,,pablo-guimaraes,paulo-vogt
6085,6206,Instalar Office 365 // CC - Protocolo // Catieli Vigne,6,3,2,2024-12-09 09:41:03+00:00,2024-12-09 09:58:05+00:00,,,ACESSO A SISTEMAS > OFFICE 365,Entidade raiz > PIRATINI > CENTRAL DE ATENDIMENTOS > CASA CIVIL,,silvio-valim,catieli-vigne
6086,6207,Acesso a Sistemas\Reset de Senha de Rede,5,3,2,2024-12-09 10:12:28+00:00,2024-12-09 10:18:20+00:00,,,ACESSO A SISTEMAS > REDE > RESET DE SENHA,Entidade raiz > PIRATINI > CENTRAL DE ATENDIMENTOS > CASA CIVIL,,anderson-oliveira,"melissa-costa, alexandre-almoarqueg"
6087,6208,Trocar Mouse // ,6,3,1,2024-12-09 10:38:16+00:00,2024-12-09 10:41:04+00:00,,,,Entidade raiz > PIRATINI > CENTRAL DE ATENDIMENTOS,,silvio-valim,silvio-valim
6088,6209,INCIDENTE  - Assessoria da Ala Residencial (próxima à sala R3),5,3,2,2024-12-09 16:48:23+00:00,2024-12-09 17:28:54+00:00,,,DTIC > INFRAESTRUTURA > OUTROS,Entidade raiz > PIRATINI > CENTRAL DE ATENDIMENTOS > GG,,,luciana-conca
6089,6210,Outlook //CAIXA COMPARTILHADA - Defesa Civil,5,3,2,2024-12-09 17:24:36+00:00,2024-12-11 08:47:20+00:00,,,ACESSO A SISTEMAS > OFFICE 365 > EMAIL > CAIXA COMPARTILHADA,Entidade raiz > PIRATINI > CENTRAL DE ATENDIMENTOS > CASA MILITAR,,silvio-valim,leonardo-passos
6090,6211,Acesso a Sistemas Rede Piratini,5,3,2,2024-12-10 09:12:46+00:00,2024-12-10 09:31:18+00:00,,,ACESSO A SISTEMAS > REDE > RESET DE SENHA,Entidade raiz > PIRATINI > CENTRAL DE ATENDIMENTOS > CASA MILITAR,,anderson-oliveira,elisandra-decantam
6091,6212,Acesso a Sistemas  - Túnel PROCERGS - LIBERAR ACESSO,6,3,2,2024-12-10 09:33:06+00:00,2024-12-10 16:14:30+00:00,,,,Entidade raiz > PIRATINI > CENTRAL DE ATENDIMENTOS > CASA CIVIL,,pablo-guimaraes,marcio-benites
6092,6213,Acesso a Sistemas  - SPI - OUTRO,5,3,2,2024-12-10 09:44:29+00:00,2024-12-10 10:34:10+00:00,,,ACESSO A SISTEMAS > SOE,Entidade raiz > PIRATINI > CENTRAL DE ATENDIMENTOS > CASA CIVIL,,"miguelangelo, thales-leite",ryslanne-morais
6093,6214,OUTLOOK // ADICIONAR/EXCLUIR USUÁRIO DE CAIXA COMPARTILHADA - EVENTOS,5,3,2,2024-12-10 17:00:59+00:00,2024-12-11 08:47:06+00:00,,,ACESSO A SISTEMAS > OFFICE 365 > EMAIL > CAIXA COMPARTILHADA,Entidade raiz > PIRATINI > CENTRAL DE ATENDIMENTOS > SECOM,,anderson-oliveira,andre-graminho
6094,6215,Acesso a Sistemas Rede Piratini,5,3,2,2024-12-10 17:02:02+00:00,2024-12-10 17:08:55+00:00,,,ACESSO A SISTEMAS > REDE > RESET DE SENHA,Entidade raiz > PIRATINI > CENTRAL DE ATENDIMENTOS > SECOM,,anderson-oliveira,andre-graminho
6095,6216,Site da ALRS não abre // CC - Parlamentar // Claudio Pamato,6,3,2,2024-12-11 09:16:02+00:00,2024-12-11 09:16:47+00:00,,,AJUDA E SUPORTE > ATENDIMENTO AO USUÁRIO,Entidade raiz > PIRATINI > CENTRAL DE ATENDIMENTOS > CASA CIVIL,,silvio-valim,claudio-pamato
6109,6230,Acesso a Sistemas Rede Piratini,5,3,2,2024-12-12 10:58:52+00:00,2024-12-12 13:54:53+00:00,,,ACESSO A SISTEMAS > REDE > LIBERAÇÃO DE ACESSO,Entidade raiz > PIRATINI > CENTRAL DE ATENDIMENTOS > CASA MILITAR,,anderson-oliveira,arlindo-oliveira
6096,6217,Gerar token // GG - ASSTEC // Adriweli Cristhinny Bispo Lima,6,3,2,2024-12-11 09:24:00+00:00,2024-12-11 09:24:08+00:00,,,ACESSO A SISTEMAS > REDE > LIBERAÇÃO DE ACESSO,Entidade raiz > PIRATINI > CENTRAL DE ATENDIMENTOS,,silvio-valim,silvio-valim
6097,6218,Ajuda e Suporte / Atendimento ao usuário - Gab Gov 2 ºandar,5,3,1,2024-12-11 09:26:44+00:00,2024-12-11 10:07:37+00:00,,,AJUDA E SUPORTE > ATENDIMENTO AO USUÁRIO,Entidade raiz > PIRATINI > CENTRAL DE ATENDIMENTOS > GG,,,luciana-ghiggi
6098,6219,Atendimento ao usuário Suporte - Gabinete do Governador,5,3,2,2024-12-11 10:44:28+00:00,2024-12-11 15:51:46+00:00,,,AJUDA E SUPORTE > ATENDIMENTO AO USUÁRIO,Entidade raiz > PIRATINI > CENTRAL DE ATENDIMENTOS > GG,,leonardo-riela,luciana-ghiggi
6099,6220,Instalação de Nova Impressora // CM - Divisão de Relações Comunitárias // HP E52645c,6,3,1,2024-12-11 10:48:48+00:00,2024-12-11 16:36:28+00:00,,,DTIC > EQUIPAMENTOS > INSTALAÇÃO > IMPRESSORA,Entidade raiz > PIRATINI > CENTRAL DE ATENDIMENTOS > CASA MILITAR > Subchefia de Proteção e Defesa Civil,,jorge-vicente,luis-rodrigues
6100,6221,Acesso a sistemas /SOE,5,3,2,2024-12-11 14:03:31+00:00,2024-12-12 08:51:51+00:00,,,ACESSO A SISTEMAS > SOE,Entidade raiz > PIRATINI > CENTRAL DE ATENDIMENTOS > CASA MILITAR,,pablo-guimaraes,raysa-lima
6101,6222,Acesso a Sistemas Rede Piratini,5,3,2,2024-12-11 14:07:01+00:00,2024-12-11 14:58:14+00:00,,,ACESSO A SISTEMAS > REDE > RESET DE SENHA,Entidade raiz > PIRATINI > CENTRAL DE ATENDIMENTOS > CASA MILITAR,,anderson-oliveira,jose-bones
6102,6223,Ajuda e Suporte // Casa Civil (Maua 1050),5,3,2,2024-12-11 14:25:53+00:00,2024-12-11 14:47:37+00:00,,,DTIC > EQUIPAMENTOS > CONFIGURAÇÃO,Entidade raiz > PIRATINI > CENTRAL DE ATENDIMENTOS > CASA CIVIL,Maua 1050 > 1° Andar,jorge-vicente,daniela-cunha
6103,6224,Acesso a Sistemas Rede Piratini,6,3,2,2024-12-11 14:59:29+00:00,2024-12-11 15:14:24+00:00,,,ACESSO A SISTEMAS > REDE > LIBERAÇÃO DE ACESSO,Entidade raiz > PIRATINI > CENTRAL DE ATENDIMENTOS > CASA CIVIL,,jorge-vicente,marcio-benites
6104,6225,Acesso a Sistemas  - Geral - DESBLOQUEAR USUÁRIO,5,3,2,2024-12-12 09:21:40+00:00,2024-12-12 09:33:37+00:00,,,,Entidade raiz > PIRATINI > CENTRAL DE ATENDIMENTOS > CASA MILITAR,,jorge-vicente,joel-almeida
6105,6226,Atendimento ao usuário Suporte - GVG - ADM,5,3,2,2024-12-12 09:47:56+00:00,2024-12-16 09:09:45+00:00,,,AJUDA E SUPORTE > ATENDIMENTO AO USUÁRIO,Entidade raiz > PIRATINI > CENTRAL DE ATENDIMENTOS > GVG,,alessandro-vieira,carla-calero
6106,6227,Atendimento ao usuário Suporte - CAC/Casa Militar/Subch Adm,5,3,2,2024-12-12 10:09:09+00:00,2024-12-17 10:18:33+00:00,,,AJUDA E SUPORTE > ATENDIMENTO AO USUÁRIO,Entidade raiz > PIRATINI > CENTRAL DE ATENDIMENTOS > CASA MILITAR,,leonardo-riela,joel-almeida
6107,6228,INCIDENTE  - ANDRADE NEVES 106 -11° ANDAR,5,3,2,2024-12-12 10:10:14+00:00,2025-01-09 14:15:41+00:00,,,DTIC > INFRAESTRUTURA > OUTROS,Entidade raiz > PIRATINI > CENTRAL DE ATENDIMENTOS > CASA MILITAR,,"jorge-vicente, anderson-oliveira, leonardo-riela",jose-bones
6108,6229,Resetar Senha de Rede // CC - Sub Jurídica // Marcia Laitano,6,3,2,2024-12-12 10:25:36+00:00,2024-12-12 10:25:43+00:00,,,ACESSO A SISTEMAS > REDE > RESET DE SENHA,Entidade raiz > PIRATINI > CENTRAL DE ATENDIMENTOS > CASA CIVIL,,silvio-valim,marcia-laitano
6110,6231,Acesso a Sistemas  - FPE - LIBERAR ACESSO,5,3,2,2024-12-12 12:21:36+00:00,2024-12-23 13:54:16+00:00,,,ACESSO A SISTEMAS > SOE > FPE,Entidade raiz > PIRATINI > CENTRAL DE ATENDIMENTOS > GVG,,pablo-guimaraes,vilmar-rama
6111,6232,Acesso a Sistemas  - LAI - LIBERAR ACESSO,5,3,2,2024-12-12 15:06:58+00:00,2024-12-13 09:25:42+00:00,,,,Entidade raiz > PIRATINI > CENTRAL DE ATENDIMENTOS > CASA CIVIL,,miguelangelo,regina-costa
6112,6233,Atendimento ao usuário Suporte - ADMINISTRATIVO,5,3,2,2024-12-12 15:59:07+00:00,2024-12-13 09:56:17+00:00,,,ACESSO A SISTEMAS > SOE > PROA,Entidade raiz > PIRATINI > CENTRAL DE ATENDIMENTOS > SECOM,,miguelangelo,andre-graminho
6113,6234,PROA LIBERAR ACESSO A GRUPO,5,3,2,2024-12-12 16:58:28+00:00,2024-12-13 09:18:09+00:00,,,ACESSO A SISTEMAS > SOE > PROA > ADICIONAR A GRUPO,Entidade raiz > PIRATINI > CENTRAL DE ATENDIMENTOS > CASA MILITAR,,miguelangelo,jose-bones
6114,6235,Acesso a Sistemas Rede Piratini,5,3,2,2024-12-12 17:05:34+00:00,2024-12-16 10:19:43+00:00,,,ACESSO A SISTEMAS > REDE > LIBERAÇÃO DE ACESSO,Entidade raiz > PIRATINI > CENTRAL DE ATENDIMENTOS > CASA MILITAR,,anderson-oliveira,jose-bones
6115,6236,PROA LIBERAR ACESSO A GRUPO,5,3,2,2024-12-13 09:54:19+00:00,2024-12-13 10:27:26+00:00,,,ACESSO A SISTEMAS > SOE > PROA > ADICIONAR A GRUPO,Entidade raiz > PIRATINI > CENTRAL DE ATENDIMENTOS > CASA CIVIL,,miguelangelo,gustavo-sehnem
6116,6237,Acesso a Sistemas  - FPE - LIBERAR ACESSO,5,3,2,2024-12-13 11:21:25+00:00,2024-12-17 14:12:23+00:00,,,ACESSO A SISTEMAS > SOE > FPE,Entidade raiz > PIRATINI > CENTRAL DE ATENDIMENTOS > CASA MILITAR,,pablo-guimaraes,paulo-vogt
6117,6238,Acesso a Sistemas  - FPE - LIBERAR ACESSO,5,3,2,2024-12-13 11:35:18+00:00,2024-12-17 14:11:54+00:00,,,ACESSO A SISTEMAS > SOE > FPE,Entidade raiz > PIRATINI > CENTRAL DE ATENDIMENTOS > CASA MILITAR,,pablo-guimaraes,paulo-vogt
6118,6239,Acesso a Sistemas  - FPE - LIBERAR ACESSO,5,3,2,2024-12-13 11:46:16+00:00,2024-12-17 14:11:39+00:00,,,ACESSO A SISTEMAS > SOE > FPE,Entidade raiz > PIRATINI > CENTRAL DE ATENDIMENTOS > CASA MILITAR,,pablo-guimaraes,paulo-vogt
6119,6240,Acesso a Sistemas  - FPE - LIBERAR ACESSO,5,3,2,2024-12-13 11:55:26+00:00,2024-12-23 09:50:55+00:00,,,ACESSO A SISTEMAS > SOE > FPE,Entidade raiz > PIRATINI > CENTRAL DE ATENDIMENTOS > CASA MILITAR,,pablo-guimaraes,paulo-vogt
6120,6241,Acesso a Sistemas  - FPE - LIBERAR ACESSO,5,3,2,2024-12-13 12:01:34+00:00,2024-12-17 14:12:07+00:00,,,ACESSO A SISTEMAS > SOE > FPE,Entidade raiz > PIRATINI > CENTRAL DE ATENDIMENTOS > CASA MILITAR,,pablo-guimaraes,paulo-vogt
6121,6242,Atendimento ao usuário Suporte - home office,5,3,2,2024-12-13 15:13:24+00:00,2024-12-13 15:49:00+00:00,,,AJUDA E SUPORTE > ATENDIMENTO AO USUÁRIO,Entidade raiz > PIRATINI > CENTRAL DE ATENDIMENTOS > CASA CIVIL,,anderson-oliveira,aline-renner
6122,6243,Acesso a Sistemas  - FPE - LIBERAR ACESSO,5,3,2,2024-12-13 17:02:27+00:00,2024-12-26 09:02:12+00:00,,,ACESSO A SISTEMAS > SOE > FPE,Entidade raiz > PIRATINI > CENTRAL DE ATENDIMENTOS > SECOM,,pablo-guimaraes,andre-graminho
6123,6244,Máquina não liga // CC - Subchefia Parlamentar // Roque Cunha,6,3,2,2024-12-16 09:15:37+00:00,2024-12-16 10:34:17+00:00,,,AJUDA E SUPORTE > ATENDIMENTO AO USUÁRIO,Entidade raiz > PIRATINI > CENTRAL DE ATENDIMENTOS > CASA CIVIL,,silvio-valim,roque-cunha
6124,6245,Acesso a Sistemas Rede Piratini,5,3,2,2024-12-16 09:47:07+00:00,2024-12-16 10:34:32+00:00,,,ACESSO A SISTEMAS > REDE > RESET DE SENHA,Entidade raiz > PIRATINI > CENTRAL DE ATENDIMENTOS > SECOM,,anderson-oliveira,andre-graminho
6125,6246,Verificar mapeamento Home office // CC - SAEF // Roger Coimbra ,6,3,2,2024-12-16 11:16:37+00:00,2024-12-16 11:16:52+00:00,,,ACESSO A SISTEMAS > REDE > TÚNEL PROCERGS,Entidade raiz > PIRATINI > CENTRAL DE ATENDIMENTOS > CASA CIVIL,,silvio-valim,silvio-valim
6126,6247,Acesso a Sistemas Rede Piratini,5,3,2,2024-12-16 11:57:35+00:00,2024-12-16 14:04:39+00:00,,,ACESSO A SISTEMAS > REDE > LIBERAÇÃO DE ACESSO,Entidade raiz > PIRATINI > CENTRAL DE ATENDIMENTOS > GVG,,jorge-vicente,carla-calero
6127,6248,Atendimento ao usuário Suporte - Ouvidoria-CAFF,5,3,2,2024-12-16 14:17:21+00:00,2025-02-05 10:09:28+00:00,,,AJUDA E SUPORTE > ATENDIMENTO AO USUÁRIO,Entidade raiz > PIRATINI > CENTRAL DE ATENDIMENTOS > CASA CIVIL,,thales-leite,regina-costa
6128,6249,Atendimento ao usuário Suporte - Casa Civil - AG,5,3,2,2024-12-16 14:44:02+00:00,2024-12-18 09:50:23+00:00,,,AJUDA E SUPORTE > ATENDIMENTO AO USUÁRIO,Entidade raiz > PIRATINI > CENTRAL DE ATENDIMENTOS > GG,,jorge-vicente,bruno-rien
6129,6250,Acesso a Sistemas Rede Piratini,5,3,2,2024-12-16 15:01:51+00:00,2024-12-17 10:15:07+00:00,,,ACESSO A SISTEMAS > REDE > LIBERAÇÃO DE ACESSO > NOVO USUÁRIO,Entidade raiz > PIRATINI > CENTRAL DE ATENDIMENTOS > CASA CIVIL,,"silvio-valim, anderson-oliveira",carlos-marques
6130,6251,Atendimento ao usuário Suporte - DMP,5,3,2,2024-12-16 15:03:12+00:00,2024-12-16 15:25:05+00:00,,,AJUDA E SUPORTE > ATENDIMENTO AO USUÁRIO,Entidade raiz > PIRATINI > CENTRAL DE ATENDIMENTOS > CASA CIVIL,,thales-leite,melina-andrade
6131,6252,Acesso a Sistemas  - Geral - OUTRO,5,3,2,2024-12-16 15:17:01+00:00,2024-12-23 12:59:30+00:00,,,,Entidade raiz > PIRATINI > CENTRAL DE ATENDIMENTOS > GVG,,anderson-oliveira,aline-barcellos
6132,6253,IMPRESSORA TROCA DE TONNER - PUBLICIDADE - TRIBUNO 1098',5,3,2,2024-12-16 16:20:37+00:00,2024-12-17 11:40:12+00:00,,,DTIC > EQUIPAMENTOS > MANUTENÇÃO,Entidade raiz > PIRATINI > CENTRAL DE ATENDIMENTOS > SECOM,,jorge-vicente,andre-graminho
6133,6254,IMPRESSORA TROCA DE TONNER - GABINETE CASA MILITAR/SUBCHEFIA DE OPERAÇÕES,5,3,2,2024-12-16 16:24:35+00:00,2024-12-18 09:51:28+00:00,,,DTIC > EQUIPAMENTOS > MANUTENÇÃO,Entidade raiz > PIRATINI > CENTRAL DE ATENDIMENTOS > CASA MILITAR,,jorge-vicente,roberta-martins
6134,6255,Atendimento ao usuário Suporte - Casa Militar - 4º Andar Palácio Piratini,5,3,2,2024-12-16 16:29:07+00:00,2024-12-17 12:12:15+00:00,,,AJUDA E SUPORTE > INSTALAÇÃO DE EQUIPAMENTOS,Entidade raiz > PIRATINI > CENTRAL DE ATENDIMENTOS > CASA MILITAR,,"anderson-oliveira, leonardo-riela",joel-almeida
6135,6256,Acesso a Sistemas Rede Piratini,5,3,2,2024-12-17 09:24:15+00:00,2024-12-17 09:47:18+00:00,,,ACESSO A SISTEMAS > REDE > LIBERAÇÃO DE ACESSO,Entidade raiz > PIRATINI > CENTRAL DE ATENDIMENTOS > CASA CIVIL,,,luciano-silva
6136,6257,Acesso a Sistemas Rede Piratini,5,3,2,2024-12-17 10:36:03+00:00,2024-12-17 11:39:50+00:00,,,ACESSO A SISTEMAS > REDE > LIBERAÇÃO DE ACESSO,Entidade raiz > PIRATINI > CENTRAL DE ATENDIMENTOS > GVG,,jorge-vicente,carla-calero
6137,6258,Recuperar Agenda // Esc. de Representação GG - Brasília // Carlos Henrique,6,3,2,2024-12-17 10:37:52+00:00,2025-01-21 16:37:19+00:00,,,ACESSO A SISTEMAS > OFFICE 365,Entidade raiz > PIRATINI > CENTRAL DE ATENDIMENTOS > CASA CIVIL,,silvio-valim,silvio-valim
6138,6259,Acesso a Sistemas Rede Piratini,5,3,2,2024-12-17 11:59:20+00:00,2024-12-17 12:05:34+00:00,,,ACESSO A SISTEMAS > REDE > LIBERAÇÃO DE ACESSO,Entidade raiz > PIRATINI > CENTRAL DE ATENDIMENTOS > SECOM,,jorge-vicente,andre-graminho
6139,6260,Acesso a Sistemas Rede Piratini,5,3,2,2024-12-17 14:19:41+00:00,2024-12-18 11:30:59+00:00,,,ACESSO A SISTEMAS > REDE > LIBERAÇÃO DE ACESSO,Entidade raiz > PIRATINI > CENTRAL DE ATENDIMENTOS > SECOM,,anderson-oliveira,andre-graminho
6140,6261,Acesso a Sistemas  - FPE - OUTRO,5,3,2,2024-12-17 14:45:01+00:00,2024-12-23 14:06:13+00:00,,,,Entidade raiz > PIRATINI > CENTRAL DE ATENDIMENTOS > SECOM,,pablo-guimaraes,mikaelly-bueno
6141,6262,usuário cesar-guindani,5,3,1,2024-12-17 12:00:00+00:00,2024-12-17 19:46:02+00:00,,,,Entidade raiz > PIRATINI > CENTRAL DE ATENDIMENTOS > CASA MILITAR,,jorge-vicente,"edson-silva, debora-aparecida"
6142,6263,Acesso a Sistemas Rede Piratini,5,3,2,2024-12-18 10:03:32+00:00,2024-12-19 16:30:48+00:00,,,ACESSO A SISTEMAS > REDE > LIBERAÇÃO DE ACESSO,Entidade raiz > PIRATINI > CENTRAL DE ATENDIMENTOS > CASA CIVIL,,"silvio-valim, pablo-guimaraes, miguelangelo, anderson-oliveira",aline-renner
6143,6264,Acesso a Sistemas Rede Piratini,5,3,2,2024-12-18 10:05:10+00:00,2025-01-15 14:51:28+00:00,,,ACESSO A SISTEMAS > REDE > LIBERAÇÃO DE ACESSO,Entidade raiz > PIRATINI > CENTRAL DE ATENDIMENTOS > CASA MILITAR,,"jorge-vicente, anderson-oliveira",paulo-pacheco
6144,6265,Atendimento ao usuário Suporte - Sala dos Supervisores SV Logística ,6,3,2,2024-12-18 10:31:00+00:00,2024-12-18 12:13:46+00:00,,,AJUDA E SUPORTE > ATENDIMENTO AO USUÁRIO,Entidade raiz > PIRATINI > CENTRAL DE ATENDIMENTOS > CASA CIVIL,,,rodrigo-pias
6145,6266,Atendimento ao usuário Suporte - DIVISÃO DE FINANÇAS,5,3,2,2024-12-18 11:34:39+00:00,2024-12-19 11:45:24+00:00,,,AJUDA E SUPORTE > ATENDIMENTO AO USUÁRIO,Entidade raiz > PIRATINI > CENTRAL DE ATENDIMENTOS > CASA MILITAR,,jorge-vicente,paulo-vogt
6146,6267,PROA LIBERAR ACESSO A GRUPO,5,3,2,2024-12-18 14:30:44+00:00,2024-12-19 09:20:22+00:00,,,ACESSO A SISTEMAS > SOE > PROA > ADICIONAR A GRUPO,Entidade raiz > PIRATINI > CENTRAL DE ATENDIMENTOS > GVG,,miguelangelo,larissa-winckler
6147,6268,Acesso a Sistemas Rede Piratini,5,3,2,2024-12-18 14:35:41+00:00,2024-12-19 09:24:10+00:00,,,ACESSO A SISTEMAS > REDE > LIBERAÇÃO DE ACESSO > NOVO USUÁRIO,Entidade raiz > PIRATINI > CENTRAL DE ATENDIMENTOS > CASA MILITAR,,anderson-oliveira,maicon-oliveira
6148,6269,Atendimento ao usuário Suporte - DMP,5,3,2,2024-12-18 15:11:06+00:00,2024-12-19 10:00:15+00:00,,,AJUDA E SUPORTE > ATENDIMENTO AO USUÁRIO,Entidade raiz > PIRATINI > CENTRAL DE ATENDIMENTOS > CASA CIVIL,,,melina-andrade
6149,6270,Senha de Rede Bloqueada // CC - DINFO // Andreia Brum,6,3,2,2024-12-18 16:00:07+00:00,2024-12-18 16:00:29+00:00,,,ACESSO A SISTEMAS > REDE > RESET DE SENHA,Entidade raiz > PIRATINI > CENTRAL DE ATENDIMENTOS > CASA CIVIL,,silvio-valim,andreia-brum
6150,6271,INCIDENTE  - ANDRADE NEVES 106 -11° ANDAR,6,3,2,2024-12-18 16:14:41+00:00,2025-01-21 13:34:09+00:00,,,DTIC > INFRAESTRUTURA > OUTROS,Entidade raiz > PIRATINI > CENTRAL DE ATENDIMENTOS > CASA MILITAR,,"alessandro-vieira, jonathan-moletta",jose-bones
6151,6272,PROA LIBERAR ACESSO A GRUPO,5,3,2,2024-12-18 16:45:31+00:00,2024-12-19 09:16:55+00:00,,,ACESSO A SISTEMAS > SOE > PROA > ADICIONAR A GRUPO,Entidade raiz > PIRATINI > CENTRAL DE ATENDIMENTOS > CASA MILITAR,,miguelangelo,leonardo-passos
6152,6273,INCIDENTE  - departamento de finanças,5,3,2,2024-12-18 16:59:55+00:00,2024-12-18 17:01:00+00:00,,,DTIC > INFRAESTRUTURA > OUTROS,Entidade raiz > PIRATINI > CENTRAL DE ATENDIMENTOS > CASA CIVIL,,thales-leite,rita-muller
6166,6287,Listagem de Usuários // SECOM // Acessos e Permissões - AD,6,3,2,2024-12-20 09:34:44+00:00,2025-05-26 13:48:52+00:00,,,AJUDA E SUPORTE > ATENDIMENTO AO USUÁRIO,Entidade raiz > PIRATINI > CENTRAL DE ATENDIMENTOS > SECOM,,jorge-vicente,jean-rangel
6167,6288,Acesso a Sistemas Rede Piratini,5,3,2,2024-12-20 09:47:52+00:00,2024-12-23 10:51:42+00:00,,,ACESSO A SISTEMAS > REDE > LIBERAÇÃO DE ACESSO,Entidade raiz > PIRATINI > CENTRAL DE ATENDIMENTOS > CASA CIVIL,,pablo-guimaraes,aline-renner
6153,6274,Atendimento ao usuário Suporte - RS Seguro - 20o andar CAFF,5,3,2,2024-12-19 08:51:38+00:00,2024-12-23 15:34:51+00:00,,,AJUDA E SUPORTE > ATENDIMENTO AO USUÁRIO,Entidade raiz > PIRATINI > CENTRAL DE ATENDIMENTOS > GG,,anderson-oliveira,thais-zeltser
6154,6275,Atendimento ao usuário Suporte - Secom SAAC,5,3,2,2024-12-19 09:05:07+00:00,2024-12-19 09:36:28+00:00,,,ACESSO A SISTEMAS > REDE > LIBERAÇÃO DE ACESSO,Entidade raiz > PIRATINI > CENTRAL DE ATENDIMENTOS > SECOM,,anderson-oliveira,luis-zorzan
6155,6276,Acesso a Sistemas\Reset de Senha de Rede,5,3,2,2024-12-19 09:16:00+00:00,2024-12-19 09:17:12+00:00,,,ACESSO A SISTEMAS > REDE > RESET DE SENHA,Entidade raiz > PIRATINI > CENTRAL DE ATENDIMENTOS > CASA CIVIL,,anderson-oliveira,alexandre-almoarqueg
6156,6277,Atendimento ao usuário Suporte - DCMPP,5,3,2,2024-12-19 09:25:38+00:00,2024-12-19 09:56:28+00:00,,,AJUDA E SUPORTE > ATENDIMENTO AO USUÁRIO,Entidade raiz > PIRATINI > CENTRAL DE ATENDIMENTOS > GG,,anderson-oliveira,lorena-vieira
6157,6278,Reinstalação de Impressora // CM - Subchefia Administrativa // HP E52645c,6,3,1,2024-12-19 11:48:06+00:00,2024-12-20 14:39:21+00:00,,,DTIC > EQUIPAMENTOS > INSTALAÇÃO > IMPRESSORA,Entidade raiz > PIRATINI > CENTRAL DE ATENDIMENTOS > CASA MILITAR > Subchefia Administrativa,,"jorge-vicente, anderson-oliveira",paulo-vogt
6158,6279,INCIDENTE  - ANDRADE NEVES 106 -11° ANDAR,6,3,2,2024-12-19 11:55:06+00:00,2025-05-19 14:35:04+00:00,,,DTIC > INFRAESTRUTURA > OUTROS,Entidade raiz > PIRATINI > CENTRAL DE ATENDIMENTOS > CASA MILITAR,,"alessandro-vieira, leonardo-riela, jonathan-moletta",jose-bones
6159,6280,OUTLOOK // ADICIONAR/EXCLUIR USUÁRIO DE CAIXA COMPARTILHADA - SECOM,6,3,2,2024-12-19 12:08:45+00:00,2024-12-20 14:35:40+00:00,,,ACESSO A SISTEMAS > OFFICE 365 > EMAIL > CAIXA COMPARTILHADA,Entidade raiz > PIRATINI > CENTRAL DE ATENDIMENTOS > SECOM,,silvio-valim,jean-rangel
6160,6281,Rede / Liberação de Acesso - Usuário Bloqueado,5,3,1,2024-12-19 15:24:38+00:00,2024-12-19 16:00:20+00:00,,,ACESSO A SISTEMAS > REDE > LIBERAÇÃO DE ACESSO,Entidade raiz > PIRATINI > CENTRAL DE ATENDIMENTOS > CASA MILITAR,,anderson-oliveira,debora-aparecida
6161,6282,PROA LIBERAR ACESSO A GRUPO,5,3,2,2024-12-19 15:29:46+00:00,2024-12-19 16:13:10+00:00,,,ACESSO A SISTEMAS > SOE > PROA > ADICIONAR A GRUPO,Entidade raiz > PIRATINI > CENTRAL DE ATENDIMENTOS > GG,,miguelangelo,bruna-linhares
6162,6283,Atendimento ao usuário Suporte - Damac,5,3,2,2024-12-19 16:09:08+00:00,2024-12-19 16:10:32+00:00,,,AJUDA E SUPORTE > ATENDIMENTO AO USUÁRIO,Entidade raiz > PIRATINI > CENTRAL DE ATENDIMENTOS > CASA CIVIL,,anderson-oliveira,marivete-souza
6163,6284,Infraestrutura - Instalar Equipamento de rede,6,3,2,2024-12-19 16:14:56+00:00,2024-12-20 11:21:55+00:00,,,DTIC > INFRAESTRUTURA > OUTROS,Entidade raiz > PIRATINI > CENTRAL DE ATENDIMENTOS > CASA CIVIL,,anderson-oliveira,
6164,6285,Atendimento ao usuário Suporte - Jornalismo,5,3,2,2024-12-19 16:29:01+00:00,2024-12-20 14:13:10+00:00,,,AJUDA E SUPORTE > ATENDIMENTO AO USUÁRIO,Entidade raiz > PIRATINI > CENTRAL DE ATENDIMENTOS > SECOM,,pablo-guimaraes,andre-graminho
6165,6286,Acesso a Sistemas Rede Piratini,5,3,2,2024-12-20 08:43:48+00:00,2024-12-20 14:24:55+00:00,,,ACESSO A SISTEMAS > REDE > LIBERAÇÃO DE ACESSO > NOVO USUÁRIO,Entidade raiz > PIRATINI > CENTRAL DE ATENDIMENTOS > CASA CIVIL,,"miguelangelo, anderson-oliveira",janice-barbosa
6168,6289,Acesso a Sistemas Rede Piratini,5,3,2,2024-12-20 13:56:37+00:00,2024-12-20 14:19:46+00:00,,,ACESSO A SISTEMAS > REDE > RESET DE SENHA,Entidade raiz > PIRATINI > CENTRAL DE ATENDIMENTOS > SECOM,,anderson-oliveira,andre-graminho
6169,6290,Atendimento ao usuário Suporte - Cerimonial,5,3,2,2024-12-20 16:05:44+00:00,2024-12-20 17:49:06+00:00,,,AJUDA E SUPORTE > INSTALAÇÃO DE EQUIPAMENTOS,Entidade raiz > PIRATINI > CENTRAL DE ATENDIMENTOS > GG,,"anderson-oliveira, leonardo-riela",leandro-hardt
6170,6291,Atendimento ao usuário Suporte - Secom - Assessoria Jurídica,5,3,2,2024-12-23 09:17:30+00:00,2024-12-26 08:52:23+00:00,,,AJUDA E SUPORTE > ATENDIMENTO AO USUÁRIO,Entidade raiz > PIRATINI > CENTRAL DE ATENDIMENTOS > SECOM,,silvio-valim,luis-zorzan
6171,6292,Excluir Acessos // CC - Subchefia do Interior // Patrícia Picoli,6,3,2,2024-12-23 09:20:14+00:00,2025-01-07 14:07:24+00:00,,,ACESSO A SISTEMAS > OFFICE 365 > EMAIL > EXCLUSÃO,Entidade raiz > PIRATINI > CENTRAL DE ATENDIMENTOS > CASA CIVIL,,"silvio-valim, pablo-guimaraes, miguelangelo, anderson-oliveira",patricia-piccoli
6172,6293,Acesso a Sistemas Rede Piratini,5,3,2,2024-12-23 11:47:57+00:00,2024-12-23 13:54:48+00:00,,,ACESSO A SISTEMAS > REDE > LIBERAÇÃO DE ACESSO,Entidade raiz > PIRATINI > CENTRAL DE ATENDIMENTOS > CASA MILITAR,,anderson-oliveira,karine-teixeira
6173,6294,Atendimento ao usuário Suporte - Divisão de Materiais e Patrimônio,5,3,2,2024-12-23 13:57:42+00:00,2024-12-26 15:36:03+00:00,,,AJUDA E SUPORTE > ATENDIMENTO AO USUÁRIO,Entidade raiz > PIRATINI > CENTRAL DE ATENDIMENTOS > CASA CIVIL,,"silvio-valim, pablo-guimaraes, anderson-oliveira",diego-mattiello
6174,6295,Criar Uusário DTIC // CC - DTIC // José Guilherme,6,3,2,2024-12-23 14:17:32+00:00,2024-12-26 08:52:57+00:00,,,ACESSO A SISTEMAS > OFFICE 365 > EMAIL > NOVO USUÁRIO,Entidade raiz > PIRATINI > CENTRAL DE ATENDIMENTOS,,"silvio-valim, pablo-guimaraes, anderson-oliveira",silvio-valim
6175,6296,Acesso a Sistemas  - SOE Web - OUTRO,5,3,2,2024-12-23 14:46:33+00:00,2024-12-23 15:00:44+00:00,,,,Entidade raiz > PIRATINI > CENTRAL DE ATENDIMENTOS > CASA MILITAR,,pablo-guimaraes,paulo-vogt
6176,6297,Acesso a Sistemas Rede Piratini,5,3,2,2024-12-23 17:45:40+00:00,2024-12-26 08:38:14+00:00,,,ACESSO A SISTEMAS > REDE > LIBERAÇÃO DE ACESSO,Entidade raiz > PIRATINI > CENTRAL DE ATENDIMENTOS > CASA MILITAR,,anderson-oliveira,karine-teixeira
6177,6298,INCIDENTE  - Casa Civil,5,3,2,2024-12-26 09:00:28+00:00,2024-12-26 09:07:36+00:00,,,ACESSO A SISTEMAS > REDE > LIBERAÇÃO DE ACESSO,Entidade raiz > PIRATINI > CENTRAL DE ATENDIMENTOS > CASA CIVIL,,"edson-silva, anderson-oliveira",michelle-lucas
6178,6299,Ajuda e Suporte / Atendimento ao usuário - MP Impressora do 2° andar,5,3,1,2024-12-26 09:41:21+00:00,2024-12-26 10:40:12+00:00,,,AJUDA E SUPORTE > ATENDIMENTO AO USUÁRIO,Entidade raiz > PIRATINI > CENTRAL DE ATENDIMENTOS > CASA CIVIL,,edson-silva,abigail-correa
6179,6300,Atendimento ao usuário Suporte - Subchefia Parlamentar,6,3,2,2024-12-26 10:44:44+00:00,2024-12-26 14:49:02+00:00,,,AJUDA E SUPORTE > ATENDIMENTO AO USUÁRIO,Entidade raiz > PIRATINI > CENTRAL DE ATENDIMENTOS > CASA CIVIL,,silvio-valim,paulo-souza
6180,6301,Atendimento ao usuário Suporte - Gabinete do Governador,5,3,2,2024-12-26 11:22:22+00:00,2025-01-15 14:52:23+00:00,,,AJUDA E SUPORTE > MOVIMENTO DE EQUIPAMENTOS DE TI > EMPRESTIMO,Entidade raiz > PIRATINI > CENTRAL DE ATENDIMENTOS > GG,,anderson-oliveira,luciana-ghiggi
6181,6302,Acesso a Sistemas Rede Piratini,6,3,2,2024-12-26 13:16:33+00:00,2024-12-26 16:22:56+00:00,,,ACESSO A SISTEMAS > REDE > LIBERAÇÃO DE ACESSO,Entidade raiz > PIRATINI > CENTRAL DE ATENDIMENTOS > SECOM,,silvio-valim,jean-rangel
6182,6303,Acesso a Sistemas  - PROA - LIBERAR ACESSO,5,3,2,2024-12-26 13:36:41+00:00,2024-12-30 10:55:35+00:00,,,,Entidade raiz > PIRATINI > CENTRAL DE ATENDIMENTOS > CASA MILITAR,,miguelangelo,leonardo-passos
6183,6304,Cadastro de Usuário SoeWeb // CM - Operações // paulo-vogt,6,3,2,2024-12-26 12:00:00+00:00,2024-12-27 09:36:09+00:00,,,ACESSO A SISTEMAS > SOE,Entidade raiz > PIRATINI > CENTRAL DE ATENDIMENTOS > CASA MILITAR > Subchefia de Operações,,pablo-guimaraes,paulo-vogt
6184,6305,Acesso a Sistemas  - FPE - LIBERAR ACESSO,5,3,2,2024-12-26 14:51:17+00:00,2024-12-27 09:34:51+00:00,,,,Entidade raiz > PIRATINI > CENTRAL DE ATENDIMENTOS > GVG,,pablo-guimaraes,larissa-winckler
6185,6306,Atendimento ao usuário Suporte - Divisão de Materiais e Patrimônio,5,3,2,2024-12-27 08:56:34+00:00,2024-12-27 09:33:05+00:00,,,ACESSO A SISTEMAS > OFFICE 365 > EMAIL > CAIXA COMPARTILHADA,Entidade raiz > PIRATINI > CENTRAL DE ATENDIMENTOS > CASA CIVIL,,anderson-oliveira,diego-mattiello
6186,6307,Atendimento ao usuário Suporte - Divisão de Materiais e Patrimônio,5,3,2,2024-12-27 08:57:08+00:00,2024-12-27 14:59:35+00:00,,,ACESSO A SISTEMAS > OFFICE 365 > EMAIL > ALTERAR PLANO / LICENÇA,Entidade raiz > PIRATINI > CENTRAL DE ATENDIMENTOS > CASA CIVIL,,silvio-valim,diego-mattiello
6187,6308,Ligar Equipamentos // CC - SubChefia Legislativa // Janice Barbosa ,6,3,2,2024-12-27 09:39:30+00:00,2024-12-27 10:06:42+00:00,,,AJUDA E SUPORTE > ATENDIMENTO AO USUÁRIO,Entidade raiz > PIRATINI > CENTRAL DE ATENDIMENTOS > CASA CIVIL,,"silvio-valim, anderson-oliveira",janice-barbosa
6188,6309,Acesso a Sistemas  - Túnel PROCERGS - LIBERAR ACESSO,5,3,2,2024-12-27 09:52:20+00:00,2024-12-27 18:13:51+00:00,,,,Entidade raiz > PIRATINI > CENTRAL DE ATENDIMENTOS > CASA CIVIL,,anderson-oliveira,edna-duarte
6189,6310,Impressora não imprime // CC - Gabinete // Abigail Pereira,6,3,2,2024-12-27 10:05:53+00:00,2024-12-27 10:15:37+00:00,,,AJUDA E SUPORTE > ATENDIMENTO AO USUÁRIO,Entidade raiz > PIRATINI > CENTRAL DE ATENDIMENTOS > CASA CIVIL,,"silvio-valim, anderson-oliveira",abigail-correa
6190,6311,Atendimento ao usuário Suporte - DIVISÃO DE FINANÇAS,5,3,2,2024-12-27 11:54:04+00:00,2025-01-07 14:03:08+00:00,,,AJUDA E SUPORTE > ATENDIMENTO AO USUÁRIO,Entidade raiz > PIRATINI > CENTRAL DE ATENDIMENTOS > CASA MILITAR,,"jorge-vicente, anderson-oliveira",paulo-vogt
6191,6312,Criar Alias // GG - GDG // Jovana Beck,6,3,2,2024-12-27 13:45:42+00:00,2024-12-27 13:50:08+00:00,,,ACESSO A SISTEMAS > OFFICE 365 > EMAIL,Entidade raiz > PIRATINI > CENTRAL DE ATENDIMENTOS > GG,,silvio-valim,jovana-fonseca
6192,6313,Acesso a Sistemas  - GDG - OUTRO,6,3,2,2024-12-27 13:52:17+00:00,2024-12-27 14:10:56+00:00,,,,Entidade raiz > PIRATINI > CENTRAL DE ATENDIMENTOS > GG,,silvio-valim,jovana-fonseca
6193,6314,Acesso a Sistemas  - GDG - OUTRO,6,3,2,2024-12-27 15:37:28+00:00,2024-12-30 10:02:13+00:00,,,ACESSO A SISTEMAS > SOE,Entidade raiz > PIRATINI > CENTRAL DE ATENDIMENTOS > GG,,miguelangelo,jovana-fonseca
6194,6315,Acesso a Sistemas Rede Piratini,5,3,2,2024-12-30 09:08:14+00:00,2024-12-30 09:10:54+00:00,,,ACESSO A SISTEMAS > REDE > LIBERAÇÃO DE ACESSO,Entidade raiz > PIRATINI > CENTRAL DE ATENDIMENTOS > GVG,,jorge-vicente,melissa-bulegon
6195,6316,Reset de Senha // CC - Subchefia Legislativa // Elisangela Dannus da Cruz Mattjie,6,3,1,2024-12-30 09:11:00+00:00,2024-12-30 09:33:47+00:00,,,ACESSO A SISTEMAS > REDE > RESET DE SENHA,Entidade raiz > PIRATINI > CENTRAL DE ATENDIMENTOS > CASA CIVIL > Secretaria-Executiva > Subchefia Legislativa,,jorge-vicente,elisangela-mattjie
6196,6317,Acesso a Sistemas  - Geral - OUTRO,5,3,2,2024-12-30 09:55:06+00:00,2025-02-05 10:08:10+00:00,,,AJUDA E SUPORTE > ATENDIMENTO AO USUÁRIO,Entidade raiz > PIRATINI > CENTRAL DE ATENDIMENTOS > GVG,,"edson-silva, alessandro-vieira, jonathan-moletta",melissa-bulegon
6197,6318,Acesso a Sistemas  - Geral - DESBLOQUEAR USUÁRIO,5,3,2,2024-12-30 10:05:35+00:00,2024-12-30 10:12:06+00:00,,,,Entidade raiz > PIRATINI > CENTRAL DE ATENDIMENTOS > CASA MILITAR,,anderson-oliveira,fabiane-moraes
6198,6319,Acesso a Sistemas  - Geral - LIBERAR ACESSO,5,3,2,2024-12-30 13:47:16+00:00,2025-01-07 17:58:00+00:00,,,,Entidade raiz > PIRATINI > CENTRAL DE ATENDIMENTOS > CASA MILITAR,,leonardo-riela,fabiane-moraes
6199,6320,IMPRESSORA TROCA DE TONNER - GABINETE DO VICE-GOVERNADOR,5,3,2,2024-12-30 14:26:54+00:00,2025-01-03 13:42:20+00:00,,,DTIC > EQUIPAMENTOS > MANUTENÇÃO,Entidade raiz > PIRATINI > CENTRAL DE ATENDIMENTOS > GVG,,luciano-silva,carla-calero
